timestamp_ms,performance_score,confidence_score,stress_score,engagement_score,posture_score,openness_score,fidget_score,lean,dominant_emotion,face_stress,face_confidence,eye_contact,tone_label,pitch_mean,pitch_variance,energy,speaking_rate,pause_ratio,tone_overall
659.01780128479,0.549,0.758,0.681,0.573,1.0,0.812,0.0,neutral,sad,0.452,0.21,True,unknown,0.0,0.0,0.0,0.0,0.0,0.0
1003.4492015838623,0.435,0.482,0.681,0.517,1.0,0.626,1.0,neutral,sad,0.452,0.21,True,unknown,0.0,0.0,0.0,0.0,0.0,0.0
1036.8163585662842,0.532,0.498,0.5,0.608,1.0,0.693,1.0,neutral,neutral,0.0,0.5,True,unknown,0.0,0.0,0.0,0.0,0.0,0.0
1074.9130249023438,0.492,0.444,0.5,0.54,1.0,0.468,1.0,neutral,neutral,0.0,0.5,True,unknown,0.0,0.0,0.0,0.0,0.0,0.0
1106.2607765197754,0.496,0.448,0.5,0.546,1.0,0.486,1.0,neutral,neutral,0.0,0.5,True,unknown,0.0,0.0,0.0,0.0,0.0,0.0
1135.2965831756592,0.495,0.447,0.5,0.544,1.0,0.48,1.0,neutral,neutral,0.0,0.5,True,unknown,0.0,0.0,0.0,0.0,0.0,0.0
1171.4911460876465,0.501,0.456,0.5,0.555,1.0,0.516,1.0,neutral,neutral,0.0,0.5,True,unknown,0.0,0.0,0.0,0.0,0.0,0.0
1204.6852111816406,0.496,0.448,0.5,0.546,1.0,0.488,1.0,neutral,neutral,0.0,0.5,True,unknown,0.0,0.0,0.0,0.0,0.0,0.0
1236.8724346160889,0.494,0.446,0.5,0.543,1.0,0.476,1.0,neutral,neutral,0.0,0.5,True,unknown,0.0,0.0,0.0,0.0,0.0,0.0
1274.9979496002197,0.489,0.439,0.5,0.534,1.0,0.448,1.0,neutral,neutral,0.0,0.5,True,unknown,0.0,0.0,0.0,0.0,0.0,0.0
1306.6260814666748,0.492,0.443,0.5,0.539,1.0,0.464,1.0,neutral,neutral,0.0,0.5,True,unknown,0.0,0.0,0.0,0.0,0.0,0.0
1349.5821952819824,0.497,0.45,0.5,0.548,1.0,0.495,1.0,neutral,neutral,0.0,0.5,True,unknown,0.0,0.0,0.0,0.0,0.0,0.0
1387.4948024749756,0.516,0.477,0.5,0.581,1.0,0.604,1.0,neutral,neutral,0.0,0.5,True,unknown,0.0,0.0,0.0,0.0,0.0,0.0
1421.0939407348633,0.516,0.477,0.5,0.581,1.0,0.603,1.0,neutral,neutral,0.0,0.5,True,unknown,0.0,0.0,0.0,0.0,0.0,0.0
1451.5833854675293,0.501,0.456,0.5,0.555,1.0,0.516,1.0,neutral,neutral,0.0,0.5,True,unknown,0.0,0.0,0.0,0.0,0.0,0.0
1488.7771606445312,0.496,0.449,0.5,0.547,1.0,0.491,1.0,neutral,neutral,0.0,0.5,True,unknown,0.0,0.0,0.0,0.0,0.0,0.0
1516.8859958648682,0.492,0.444,0.5,0.54,1.0,0.468,1.0,neutral,neutral,0.0,0.5,True,unknown,0.0,0.0,0.0,0.0,0.0,0.0
1545.764684677124,0.385,0.437,0.71,0.435,1.0,0.375,0.958,neutral,neutral,0.531,0.261,True,unknown,0.0,0.0,0.0,0.0,0.0,0.0
1689.9991035461426,0.408,0.463,0.71,0.483,1.0,0.533,1.0,neutral,neutral,0.531,0.261,True,unknown,0.0,0.0,0.0,0.0,0.0,0.0
1719.2347049713135,0.42,0.481,0.71,0.501,1.0,0.594,0.983,neutral,neutral,0.531,0.261,True,unknown,0.0,0.0,0.0,0.0,0.0,0.0
1750.098705291748,0.445,0.496,0.673,0.522,1.0,0.681,1.0,neutral,neutral,0.468,0.256,True,unknown,0.0,0.0,0.0,0.0,0.0,0.0
1902.420997619629,0.444,0.495,0.673,0.52,1.0,0.673,1.0,neutral,neutral,0.468,0.256,True,unknown,0.0,0.0,0.0,0.0,0.0,0.0
1935.1012706756592,0.442,0.493,0.673,0.518,1.0,0.666,1.0,neutral,neutral,0.468,0.256,True,unknown,0.0,0.0,0.0,0.0,0.0,0.0
1967.343807220459,0.424,0.47,0.678,0.491,1.0,0.563,0.997,neutral,fear,0.471,0.247,True,unknown,0.0,0.0,0.0,0.0,0.0,0.0
2111.428737640381,0.416,0.472,0.678,0.461,1.0,0.466,0.89,neutral,fear,0.471,0.247,True,unknown,0.0,0.0,0.0,0.0,0.0,0.0
2139.1968727111816,0.412,0.465,0.678,0.456,1.0,0.449,0.905,neutral,fear,0.471,0.247,True,unknown,0.0,0.0,0.0,0.0,0.0,0.0
2170.3755855560303,0.419,0.473,0.668,0.459,1.0,0.465,0.889,neutral,neutral,0.463,0.261,True,unknown,0.0,0.0,0.0,0.0,0.0,0.0
2311.5267753601074,0.405,0.449,0.668,0.439,1.0,0.399,0.929,neutral,neutral,0.463,0.261,True,unknown,0.0,0.0,0.0,0.0,0.0,0.0
2339.0426635742188,0.411,0.459,0.668,0.446,1.0,0.423,0.91,neutral,neutral,0.463,0.261,True,unknown,0.0,0.0,0.0,0.0,0.0,0.0
2366.9629096984863,0.411,0.462,0.691,0.47,1.0,0.461,0.922,neutral,fear,0.478,0.224,True,unknown,0.0,0.0,0.0,0.0,0.0,0.0
2522.9756832122803,0.365,0.391,0.691,0.399,1.0,0.227,1.0,neutral,fear,0.478,0.224,True,unknown,0.0,0.0,0.0,0.0,0.0,0.0
2556.7219257354736,0.367,0.394,0.691,0.404,1.0,0.241,1.0,neutral,fear,0.478,0.224,True,unknown,0.0,0.0,0.0,0.0,0.0,0.0
2586.308479309082,0.361,0.386,0.701,0.404,1.0,0.218,1.0,neutral,sad,0.476,0.194,True,unknown,0.0,0.0,0.0,0.0,0.0,0.0
2731.431484222412,0.364,0.39,0.701,0.408,1.0,0.23,1.0,neutral,sad,0.476,0.194,True,unknown,0.0,0.0,0.0,0.0,0.0,0.0
2763.8731002807617,0.375,0.411,0.701,0.421,1.0,0.273,0.951,neutral,sad,0.476,0.194,True,unknown,0.0,0.0,0.0,0.0,0.0,0.0
2794.386386871338,0.383,0.421,0.682,0.414,1.0,0.29,0.936,neutral,neutral,0.475,0.244,True,unknown,0.0,0.0,0.0,0.0,0.0,0.0
2937.64066696167,0.373,0.405,0.682,0.4,1.0,0.244,0.96,neutral,neutral,0.475,0.244,True,unknown,0.0,0.0,0.0,0.0,0.0,0.0
2969.2842960357666,0.376,0.42,0.682,0.393,1.0,0.219,0.869,neutral,neutral,0.475,0.244,True,unknown,0.0,0.0,0.0,0.0,0.0,0.0
3003.481149673462,0.389,0.434,0.674,0.409,1.0,0.29,0.884,neutral,neutral,0.471,0.257,True,unknown,0.0,0.0,0.0,0.0,0.0,0.0
3141.5038108825684,0.415,0.466,0.674,0.461,1.0,0.464,0.919,neutral,neutral,0.471,0.257,True,unknown,0.0,0.0,0.0,0.0,0.0,0.0
3169.3637371063232,0.42,0.473,0.674,0.467,1.0,0.484,0.908,neutral,neutral,0.471,0.257,True,unknown,0.0,0.0,0.0,0.0,0.0,0.0
3196.3489055633545,0.402,0.441,0.648,0.416,1.0,0.405,0.988,neutral,neutral,0.463,0.315,True,unknown,0.0,0.0,0.0,0.0,0.0,0.0
3335.998296737671,0.401,0.438,0.648,0.414,1.0,0.4,1.0,neutral,neutral,0.463,0.315,True,unknown,0.0,0.0,0.0,0.0,0.0,0.0
3365.5176162719727,0.411,0.452,0.648,0.433,1.0,0.464,1.0,neutral,neutral,0.463,0.315,True,unknown,0.0,0.0,0.0,0.0,0.0,0.0
3391.984462738037,0.415,0.49,0.7,0.462,1.0,0.482,0.831,neutral,neutral,0.522,0.273,True,unknown,0.0,0.0,0.0,0.0,0.0,0.0
3552.842617034912,0.428,0.492,0.7,0.504,1.0,0.62,0.962,neutral,neutral,0.522,0.273,True,unknown,0.0,0.0,0.0,0.0,0.0,0.0
3583.449125289917,0.431,0.496,0.7,0.508,1.0,0.634,0.958,neutral,neutral,0.522,0.273,True,unknown,0.0,0.0,0.0,0.0,0.0,0.0
3617.6342964172363,0.439,0.514,0.688,0.501,1.0,0.626,0.874,neutral,neutral,0.503,0.273,True,unknown,0.0,0.0,0.0,0.0,0.0,0.0
3789.041757583618,0.44,0.514,0.688,0.503,1.0,0.634,0.879,neutral,neutral,0.503,0.273,True,unknown,0.0,0.0,0.0,0.0,0.0,0.0
3819.7097778320312,0.434,0.5,0.688,0.5,1.0,0.623,0.929,neutral,neutral,0.503,0.273,True,unknown,0.0,0.0,0.0,0.0,0.0,0.0
3852.6132106781006,0.442,0.512,0.676,0.497,1.0,0.63,0.887,neutral,neutral,0.494,0.291,False,unknown,0.0,0.0,0.0,0.0,0.0,0.0
4012.305498123169,0.435,0.499,0.676,0.49,1.0,0.605,0.921,neutral,neutral,0.494,0.291,False,unknown,0.0,0.0,0.0,0.0,0.0,0.0
4044.7652339935303,0.436,0.503,0.676,0.487,1.0,0.596,0.893,neutral,neutral,0.494,0.291,False,unknown,0.0,0.0,0.0,0.0,0.0,0.0
4102.551460266113,0.505,0.478,0.5,0.542,1.0,0.474,0.865,neutral,neutral,0.0,0.5,True,unknown,0.0,0.0,0.0,0.0,0.0,0.0
4206.693172454834,0.493,0.452,0.5,0.534,1.0,0.445,0.944,neutral,neutral,0.0,0.5,True,unknown,0.0,0.0,0.0,0.0,0.0,0.0
4262.904405593872,0.508,0.484,0.5,0.545,1.0,0.484,0.85,neutral,neutral,0.0,0.5,True,unknown,0.0,0.0,0.0,0.0,0.0,0.0
4322.529315948486,0.423,0.498,0.68,0.457,1.0,0.506,0.826,neutral,neutral,0.496,0.284,True,unknown,0.0,0.0,0.0,0.0,0.0,0.0
4843.873023986816,0.426,0.496,0.68,0.468,1.0,0.542,0.869,neutral,neutral,0.496,0.284,True,unknown,0.0,0.0,0.0,0.0,0.0,0.0
4873.539924621582,0.459,0.534,0.68,0.533,1.0,0.76,0.921,neutral,neutral,0.496,0.284,True,unknown,0.0,0.0,0.0,0.0,0.0,0.0
4904.731750488281,0.467,0.559,0.703,0.559,1.0,0.76,0.802,neutral,disgust,0.516,0.254,True,unknown,0.0,0.0,0.0,0.0,0.0,0.0
5036.357879638672,0.464,0.558,0.703,0.548,1.0,0.725,0.772,neutral,disgust,0.516,0.254,True,unknown,0.0,0.0,0.0,0.0,0.0,0.0
5065.053462982178,0.448,0.536,0.703,0.522,1.0,0.639,0.784,neutral,disgust,0.516,0.254,True,unknown,0.0,0.0,0.0,0.0,0.0,0.0
5095.880031585693,0.456,0.547,0.698,0.529,1.0,0.69,0.788,neutral,disgust,0.516,0.27,True,unknown,0.0,0.0,0.0,0.0,0.0,0.0
5265.945672988892,0.453,0.546,0.698,0.521,1.0,0.663,0.768,neutral,disgust,0.516,0.27,True,unknown,0.0,0.0,0.0,0.0,0.0,0.0
5295.288562774658,0.45,0.54,0.698,0.519,1.0,0.657,0.787,neutral,disgust,0.516,0.27,True,unknown,0.0,0.0,0.0,0.0,0.0,0.0
5328.86528968811,0.447,0.523,0.68,0.508,1.0,0.642,0.847,neutral,neutral,0.489,0.271,True,unknown,0.0,0.0,0.0,0.0,0.0,0.0
5465.3167724609375,0.452,0.529,0.68,0.516,1.0,0.668,0.847,neutral,neutral,0.489,0.271,True,unknown,0.0,0.0,0.0,0.0,0.0,0.0
5493.7238693237305,0.448,0.521,0.68,0.513,1.0,0.659,0.871,neutral,neutral,0.489,0.271,True,unknown,0.0,0.0,0.0,0.0,0.0,0.0
5525.400400161743,0.46,0.548,0.689,0.53,1.0,0.705,0.798,neutral,neutral,0.499,0.265,True,unknown,0.0,0.0,0.0,0.0,0.0,0.0
5656.6221714019775,0.46,0.54,0.689,0.541,1.0,0.74,0.865,neutral,neutral,0.499,0.265,True,unknown,0.0,0.0,0.0,0.0,0.0,0.0
5685.082674026489,0.467,0.556,0.689,0.545,1.0,0.755,0.815,neutral,neutral,0.499,0.265,True,unknown,0.0,0.0,0.0,0.0,0.0,0.0
5732.2633266448975,0.467,0.563,0.705,0.554,1.0,0.756,0.783,neutral,disgust,0.506,0.231,True,unknown,0.0,0.0,0.0,0.0,0.0,0.0
5854.952335357666,0.454,0.538,0.705,0.542,1.0,0.715,0.848,neutral,disgust,0.506,0.231,True,unknown,0.0,0.0,0.0,0.0,0.0,0.0
5883.749008178711,0.456,0.543,0.705,0.542,1.0,0.717,0.831,neutral,disgust,0.506,0.231,True,unknown,0.0,0.0,0.0,0.0,0.0,0.0
5913.045644760132,0.46,0.539,0.685,0.537,1.0,0.717,0.85,neutral,neutral,0.494,0.267,True,unknown,0.0,0.0,0.0,0.0,0.0,0.0
6053.776979446411,0.434,0.504,0.685,0.49,1.0,0.563,0.851,neutral,neutral,0.494,0.267,True,unknown,0.0,0.0,0.0,0.0,0.0,0.0
6086.55047416687,0.414,0.469,0.685,0.465,1.0,0.477,0.921,neutral,neutral,0.494,0.267,True,unknown,0.0,0.0,0.0,0.0,0.0,0.0
6151.539325714111,0.507,0.476,0.5,0.552,1.0,0.507,0.907,neutral,neutral,0.0,0.5,True,unknown,0.0,0.0,0.0,0.0,0.0,0.0
6189.758777618408,0.533,0.504,0.5,0.607,1.0,0.689,0.972,neutral,neutral,0.0,0.5,True,unknown,0.0,0.0,0.0,0.0,0.0,0.0
6219.806432723999,0.525,0.498,0.5,0.587,1.0,0.624,0.931,neutral,neutral,0.0,0.5,True,unknown,0.0,0.0,0.0,0.0,0.0,0.0
6253.743410110474,0.438,0.508,0.695,0.512,1.0,0.637,0.905,neutral,disgust,0.505,0.257,True,unknown,0.0,0.0,0.0,0.0,0.0,0.0
6386.324167251587,0.442,0.516,0.695,0.515,1.0,0.647,0.879,neutral,disgust,0.505,0.257,True,unknown,0.0,0.0,0.0,0.0,0.0,0.0
6413.606882095337,0.448,0.528,0.695,0.521,1.0,0.665,0.845,neutral,disgust,0.505,0.257,True,unknown,0.0,0.0,0.0,0.0,0.0,0.0
6441.556930541992,0.547,0.55,0.5,0.6,1.0,0.667,0.759,neutral,neutral,0.0,0.5,True,unknown,0.0,0.0,0.0,0.0,0.0,0.0
6478.76238822937,0.549,0.549,0.5,0.605,1.0,0.683,0.779,neutral,neutral,0.0,0.5,True,unknown,0.0,0.0,0.0,0.0,0.0,0.0
6511.704683303833,0.551,0.554,0.5,0.608,1.0,0.694,0.767,neutral,neutral,0.0,0.5,True,unknown,0.0,0.0,0.0,0.0,0.0,0.0
6547.545909881592,0.472,0.584,0.691,0.53,1.0,0.695,0.628,neutral,neutral,0.501,0.262,True,unknown,0.0,0.0,0.0,0.0,0.0,0.0
6687.231540679932,0.474,0.587,0.691,0.534,1.0,0.71,0.632,neutral,neutral,0.501,0.262,True,unknown,0.0,0.0,0.0,0.0,0.0,0.0
6718.580722808838,0.477,0.595,0.691,0.534,1.0,0.71,0.597,neutral,neutral,0.501,0.262,True,unknown,0.0,0.0,0.0,0.0,0.0,0.0
6749.5739459991455,0.568,0.601,0.5,0.61,1.0,0.7,0.578,neutral,neutral,0.0,0.5,True,unknown,0.0,0.0,0.0,0.0,0.0,0.0
6791.509628295898,0.574,0.619,0.5,0.608,1.0,0.692,0.5,neutral,neutral,0.0,0.5,True,unknown,0.0,0.0,0.0,0.0,0.0,0.0
6823.413372039795,0.559,0.587,0.5,0.596,1.0,0.654,0.595,neutral,neutral,0.0,0.5,True,unknown,0.0,0.0,0.0,0.0,0.0,0.0
6853.278160095215,0.47,0.595,0.689,0.511,1.0,0.642,0.529,neutral,neutral,0.494,0.255,True,unknown,0.0,0.0,0.0,0.0,0.0,0.0
6982.946157455444,0.464,0.589,0.689,0.497,1.0,0.596,0.509,neutral,neutral,0.494,0.255,True,unknown,0.0,0.0,0.0,0.0,0.0,0.0
7013.846874237061,0.454,0.574,0.689,0.482,1.0,0.547,0.526,neutral,neutral,0.494,0.255,True,unknown,0.0,0.0,0.0,0.0,0.0,0.0
7049.384832382202,0.47,0.583,0.651,0.479,1.0,0.583,0.528,neutral,neutral,0.458,0.297,True,unknown,0.0,0.0,0.0,0.0,0.0,0.0
7210.596323013306,0.483,0.589,0.651,0.517,1.0,0.711,0.625,neutral,neutral,0.458,0.297,True,unknown,0.0,0.0,0.0,0.0,0.0,0.0
7264.136075973511,0.49,0.599,0.651,0.529,1.0,0.751,0.62,neutral,neutral,0.458,0.297,True,unknown,0.0,0.0,0.0,0.0,0.0,0.0
7299.338102340698,0.483,0.597,0.655,0.512,1.0,0.699,0.579,neutral,neutral,0.464,0.297,True,unknown,0.0,0.0,0.0,0.0,0.0,0.0
7499.689340591431,0.479,0.564,0.626,0.501,1.0,0.664,0.588,neutral,neutral,0.464,0.297,True,hesitant,2285.71,0.0,0.0,0.2005,1.0,0.266
7533.022165298462,0.47,0.552,0.626,0.485,1.0,0.609,0.596,neutral,neutral,0.464,0.297,True,hesitant,2285.71,0.0,0.0,0.2005,1.0,0.266
7561.593532562256,0.467,0.549,0.607,0.459,1.0,0.578,0.596,neutral,neutral,0.44,0.344,True,hesitant,2285.71,0.0,0.0,0.2005,1.0,0.266
7694.4568157196045,0.461,0.539,0.607,0.448,1.0,0.542,0.611,neutral,neutral,0.44,0.344,True,hesitant,2285.71,0.0,0.0,0.2005,1.0,0.266
7726.598024368286,0.461,0.539,0.607,0.449,1.0,0.545,0.613,neutral,neutral,0.44,0.344,True,hesitant,2285.71,0.0,0.0,0.2005,1.0,0.266
7756.591320037842,0.463,0.535,0.621,0.476,1.0,0.563,0.634,neutral,neutral,0.444,0.282,True,hesitant,2285.71,0.0,0.0,0.2005,1.0,0.266
7887.013912200928,0.453,0.524,0.621,0.455,1.0,0.493,0.623,neutral,neutral,0.444,0.282,True,hesitant,2285.71,0.0,0.0,0.2005,1.0,0.266
7916.404008865356,0.453,0.523,0.621,0.458,1.0,0.502,0.637,neutral,neutral,0.444,0.282,True,hesitant,2285.71,0.0,0.0,0.2005,1.0,0.266
7978.015422821045,0.445,0.506,0.625,0.454,1.0,0.441,0.659,neutral,sad,0.437,0.251,True,hesitant,2285.71,0.0,0.0,0.2005,1.0,0.266
8148.124933242798,0.442,0.5,0.625,0.452,1.0,0.434,0.68,neutral,sad,0.437,0.251,True,hesitant,2285.71,0.0,0.0,0.2005,1.0,0.266
8179.432153701782,0.436,0.491,0.625,0.443,1.0,0.403,0.692,neutral,sad,0.437,0.251,True,hesitant,2285.71,0.0,0.0,0.2005,1.0,0.266
8207.986116409302,0.428,0.488,0.65,0.448,1.0,0.374,0.677,neutral,fear,0.495,0.228,True,hesitant,2285.71,0.0,0.0,0.2005,1.0,0.266
8364.324808120728,0.439,0.487,0.65,0.487,1.0,0.504,0.809,neutral,fear,0.495,0.228,True,hesitant,2285.71,0.0,0.0,0.2005,1.0,0.266
8396.12364768982,0.437,0.467,0.65,0.502,1.0,0.555,0.967,neutral,fear,0.495,0.228,True,hesitant,2285.71,0.0,0.0,0.2005,1.0,0.266
8424.008846282959,0.435,0.454,0.64,0.501,1.0,0.53,1.0,neutral,surprise,0.45,0.197,True,hesitant,2285.71,0.0,0.0,0.2005,1.0,0.266
8563.833713531494,0.428,0.445,0.64,0.487,1.0,0.485,1.0,neutral,surprise,0.45,0.197,True,hesitant,2285.71,0.0,0.0,0.2005,1.0,0.266
8592.071533203125,0.429,0.447,0.64,0.49,1.0,0.494,1.0,neutral,surprise,0.45,0.197,True,hesitant,2285.71,0.0,0.0,0.2005,1.0,0.266
8621.148109436035,0.418,0.43,0.638,0.469,1.0,0.413,1.0,neutral,sad,0.434,0.181,True,hesitant,2285.71,0.0,0.0,0.2005,1.0,0.266
8755.066394805908,0.403,0.411,0.638,0.441,1.0,0.319,1.0,neutral,sad,0.434,0.181,True,hesitant,2285.71,0.0,0.0,0.2005,1.0,0.266
8785.556554794312,0.415,0.426,0.638,0.463,1.0,0.393,1.0,neutral,sad,0.434,0.181,True,hesitant,2285.71,0.0,0.0,0.2005,1.0,0.266
13228.668212890625,0.381,0.396,0.644,0.392,1.0,0.223,1.0,neutral,disgust,0.49,0.252,True,hesitant,2285.71,0.0,0.0,0.2014,1.0,0.264
13356.809854507446,0.382,0.398,0.644,0.393,1.0,0.228,1.0,neutral,disgust,0.49,0.252,True,hesitant,2285.71,0.0,0.0,0.2014,1.0,0.264
13388.787984848022,0.384,0.4,0.644,0.397,1.0,0.24,1.0,neutral,disgust,0.49,0.252,True,hesitant,2285.71,0.0,0.0,0.2014,1.0,0.264
13421.571731567383,0.404,0.425,0.637,0.429,1.0,0.365,1.0,neutral,neutral,0.478,0.265,True,hesitant,2285.71,0.0,0.0,0.2014,1.0,0.264
13541.751623153687,0.411,0.433,0.637,0.441,1.0,0.405,1.0,neutral,neutral,0.478,0.265,True,hesitant,2285.71,0.0,0.0,0.2014,1.0,0.264
13572.975873947144,0.428,0.454,0.637,0.472,1.0,0.511,1.0,neutral,neutral,0.478,0.265,True,hesitant,2285.71,0.0,0.0,0.2014,1.0,0.264
13600.812911987305,0.436,0.464,0.633,0.483,1.0,0.562,1.0,neutral,neutral,0.466,0.266,True,hesitant,2285.71,0.0,0.0,0.2014,1.0,0.264
13722.496747970581,0.409,0.43,0.633,0.432,1.0,0.39,1.0,neutral,neutral,0.466,0.266,True,hesitant,2285.71,0.0,0.0,0.2014,1.0,0.264
13752.970218658447,0.41,0.432,0.633,0.435,1.0,0.4,1.0,neutral,neutral,0.466,0.266,True,hesitant,2285.71,0.0,0.0,0.2014,1.0,0.264
13786.360025405884,0.404,0.425,0.627,0.417,1.0,0.363,1.0,neutral,neutral,0.455,0.274,True,hesitant,2285.71,0.0,0.0,0.2014,1.0,0.264
13920.31717300415,0.406,0.427,0.627,0.419,1.0,0.369,1.0,neutral,neutral,0.455,0.274,True,hesitant,2285.71,0.0,0.0,0.2014,1.0,0.264
13951.39455795288,0.4,0.42,0.627,0.409,1.0,0.337,1.0,neutral,neutral,0.455,0.274,True,hesitant,2285.71,0.0,0.0,0.2014,1.0,0.264
13980.2565574646,0.399,0.42,0.627,0.404,1.0,0.328,1.0,neutral,neutral,0.461,0.286,True,hesitant,2285.71,0.0,0.0,0.2014,1.0,0.264
14108.819246292114,0.399,0.42,0.627,0.406,1.0,0.333,1.0,neutral,neutral,0.461,0.286,True,hesitant,2285.71,0.0,0.0,0.2014,1.0,0.264
14138.9000415802,0.397,0.418,0.627,0.402,1.0,0.321,1.0,neutral,neutral,0.461,0.286,True,hesitant,2285.71,0.0,0.0,0.2014,1.0,0.264
14169.405460357666,0.4,0.421,0.644,0.427,1.0,0.35,1.0,neutral,neutral,0.483,0.241,True,hesitant,2285.71,0.0,0.0,0.2014,1.0,0.264
14290.583848953247,0.412,0.435,0.644,0.449,1.0,0.424,1.0,neutral,neutral,0.483,0.241,True,hesitant,2285.71,0.0,0.0,0.2014,1.0,0.264
14318.997144699097,0.417,0.442,0.644,0.458,1.0,0.455,1.0,neutral,neutral,0.483,0.241,True,hesitant,2285.71,0.0,0.0,0.2014,1.0,0.264
14350.50654411316,0.422,0.448,0.626,0.449,1.0,0.473,1.0,neutral,neutral,0.465,0.296,True,hesitant,2285.71,0.0,0.0,0.2014,1.0,0.264
14481.43720626831,0.425,0.451,0.626,0.453,1.0,0.487,1.0,neutral,neutral,0.465,0.296,True,hesitant,2285.71,0.0,0.0,0.2014,1.0,0.264
14511.609077453613,0.436,0.465,0.626,0.474,1.0,0.556,1.0,neutral,neutral,0.465,0.296,True,hesitant,2285.71,0.0,0.0,0.2014,1.0,0.264
14563.294172286987,0.428,0.455,0.632,0.468,1.0,0.559,1.0,neutral,neutral,0.464,0.297,True,hesitant,1765.46,850022.33,0.0,0.1863,1.0,0.29
14756.699323654175,0.44,0.468,0.632,0.49,1.0,0.633,1.0,neutral,neutral,0.464,0.297,True,hesitant,1765.46,850022.33,0.0,0.1863,1.0,0.29
14783.588409423828,0.442,0.471,0.632,0.495,1.0,0.649,1.0,neutral,neutral,0.464,0.297,True,hesitant,1765.46,850022.33,0.0,0.1863,1.0,0.29
14810.4088306427,0.437,0.461,0.642,0.5,1.0,0.607,1.0,neutral,neutral,0.477,0.257,True,hesitant,1765.46,850022.33,0.0,0.1863,1.0,0.29
14937.47615814209,0.43,0.453,0.642,0.487,1.0,0.564,1.0,neutral,neutral,0.477,0.257,True,hesitant,1765.46,850022.33,0.0,0.1863,1.0,0.29
14964.165210723877,0.415,0.436,0.642,0.458,1.0,0.467,1.0,neutral,neutral,0.477,0.257,True,hesitant,1765.46,850022.33,0.0,0.1863,1.0,0.29
14993.528366088867,0.408,0.425,0.645,0.451,1.0,0.415,1.0,neutral,sad,0.477,0.233,True,hesitant,1765.46,850022.33,0.0,0.1863,1.0,0.29
15133.031368255615,0.403,0.419,0.645,0.441,1.0,0.38,1.0,neutral,sad,0.477,0.233,True,hesitant,1765.46,850022.33,0.0,0.1863,1.0,0.29
15161.66639328003,0.397,0.412,0.645,0.429,1.0,0.342,1.0,neutral,sad,0.477,0.233,True,hesitant,1765.46,850022.33,0.0,0.1863,1.0,0.29
19887.721300125122,0.491,0.543,0.539,0.464,1.0,0.44,0.643,neutral,surprise,0.471,0.228,True,hesitant,2239.98,93525.42,0.0,0.1999,1.0,0.423
20075.212240219116,0.463,0.524,0.614,0.483,1.0,0.501,0.625,neutral,surprise,0.471,0.228,True,hesitant,1827.76,746078.4,0.0,0.1874,1.0,0.326
20106.441497802734,0.465,0.523,0.614,0.488,1.0,0.519,0.647,neutral,surprise,0.471,0.228,True,hesitant,1827.76,746078.4,0.0,0.1874,1.0,0.326
20133.82887840271,0.466,0.528,0.612,0.485,1.0,0.518,0.623,neutral,fear,0.466,0.233,True,hesitant,1827.76,746078.4,0.0,0.1874,1.0,0.326
20267.213821411133,0.466,0.524,0.612,0.488,1.0,0.529,0.651,neutral,fear,0.466,0.233,True,hesitant,1827.76,746078.4,0.0,0.1874,1.0,0.326
20296.592712402344,0.465,0.524,0.612,0.486,1.0,0.523,0.65,neutral,fear,0.466,0.233,True,hesitant,1827.76,746078.4,0.0,0.1874,1.0,0.326
20341.659784317017,0.462,0.524,0.624,0.49,1.0,0.511,0.635,neutral,fear,0.502,0.219,True,hesitant,1827.76,746078.4,0.0,0.1874,1.0,0.326
20469.23065185547,0.465,0.521,0.624,0.504,1.0,0.558,0.701,neutral,fear,0.502,0.219,True,hesitant,1827.76,746078.4,0.0,0.1874,1.0,0.326
20498.814821243286,0.459,0.514,0.624,0.492,1.0,0.516,0.696,neutral,fear,0.502,0.219,True,hesitant,1827.76,746078.4,0.0,0.1874,1.0,0.326
20529.332637786865,0.461,0.516,0.609,0.48,1.0,0.525,0.699,neutral,neutral,0.468,0.259,True,hesitant,1827.76,746078.4,0.0,0.1874,1.0,0.326
20653.636932373047,0.455,0.513,0.609,0.463,1.0,0.47,0.661,neutral,neutral,0.468,0.259,True,hesitant,1827.76,746078.4,0.0,0.1874,1.0,0.326
20682.079076766968,0.44,0.488,0.609,0.442,1.0,0.398,0.723,neutral,neutral,0.468,0.259,True,hesitant,1827.76,746078.4,0.0,0.1874,1.0,0.326
20712.92543411255,0.445,0.498,0.617,0.456,1.0,0.416,0.684,neutral,disgust,0.484,0.236,True,hesitant,1827.76,746078.4,0.0,0.1874,1.0,0.326
20856.619596481323,0.46,0.497,0.617,0.506,1.0,0.584,0.853,neutral,disgust,0.484,0.236,True,hesitant,1827.76,746078.4,0.0,0.1874,1.0,0.326
20884.76252555847,0.454,0.495,0.617,0.49,1.0,0.531,0.815,neutral,disgust,0.484,0.236,True,hesitant,1827.76,746078.4,0.0,0.1874,1.0,0.326
20935.44316291809,0.441,0.482,0.611,0.454,1.0,0.467,0.829,neutral,neutral,0.481,0.278,True,hesitant,1827.76,746078.4,0.0,0.1874,1.0,0.326
21064.686059951782,0.441,0.483,0.611,0.454,1.0,0.466,0.823,neutral,neutral,0.481,0.278,True,hesitant,1827.76,746078.4,0.0,0.1874,1.0,0.326
21101.43542289734,0.446,0.486,0.611,0.466,1.0,0.506,0.843,neutral,neutral,0.481,0.278,True,hesitant,1827.76,746078.4,0.0,0.1874,1.0,0.326
21129.639863967896,0.504,0.49,0.525,0.555,1.0,0.517,0.822,neutral,neutral,0.0,0.5,True,hesitant,1827.76,746078.4,0.0,0.1874,1.0,0.326
21170.51863670349,0.496,0.466,0.525,0.556,1.0,0.519,0.948,neutral,neutral,0.0,0.5,True,hesitant,1827.76,746078.4,0.0,0.1874,1.0,0.326
21199.583530426025,0.493,0.461,0.525,0.552,1.0,0.506,0.96,neutral,neutral,0.0,0.5,True,hesitant,1827.76,746078.4,0.0,0.1874,1.0,0.326
21228.602647781372,0.485,0.447,0.525,0.542,1.0,0.473,1.0,neutral,neutral,0.0,0.5,True,hesitant,1827.76,746078.4,0.0,0.1874,1.0,0.326
21266.339540481567,0.485,0.447,0.525,0.541,1.0,0.47,1.0,neutral,neutral,0.0,0.5,True,hesitant,1827.76,746078.4,0.0,0.1874,1.0,0.326
21295.600175857544,0.481,0.442,0.525,0.534,1.0,0.446,1.0,neutral,neutral,0.0,0.5,True,hesitant,1827.76,746078.4,0.0,0.1874,1.0,0.326
21347.28503227234,0.483,0.445,0.525,0.538,1.0,0.46,1.0,neutral,neutral,0.0,0.5,True,hesitant,1827.76,746078.4,0.0,0.1874,1.0,0.326
21388.954877853394,0.488,0.45,0.525,0.546,1.0,0.486,1.0,neutral,neutral,0.0,0.5,True,hesitant,1827.76,746078.4,0.0,0.1874,1.0,0.326
21421.634435653687,0.487,0.451,0.525,0.544,1.0,0.48,0.987,neutral,neutral,0.0,0.5,True,hesitant,1827.76,746078.4,0.0,0.1874,1.0,0.326
21450.326919555664,0.504,0.492,0.525,0.551,1.0,0.503,0.797,neutral,neutral,0.0,0.5,True,hesitant,1827.76,746078.4,0.0,0.1874,1.0,0.326
21487.23530769348,0.51,0.507,0.525,0.556,1.0,0.519,0.737,neutral,neutral,0.0,0.5,True,hesitant,1827.76,746078.4,0.0,0.1874,1.0,0.326
21516.847610473633,0.505,0.499,0.525,0.547,1.0,0.489,0.744,neutral,neutral,0.0,0.5,True,hesitant,1827.76,746078.4,0.0,0.1874,1.0,0.326
21544.958114624023,0.506,0.504,0.525,0.545,1.0,0.485,0.718,neutral,neutral,0.0,0.5,True,hesitant,1827.76,746078.4,0.0,0.1874,1.0,0.326
21581.645727157593,0.512,0.51,0.525,0.558,1.0,0.527,0.725,neutral,neutral,0.0,0.5,True,hesitant,1827.76,746078.4,0.0,0.1874,1.0,0.326
21615.959882736206,0.494,0.471,0.525,0.543,1.0,0.478,0.882,neutral,neutral,0.0,0.5,True,hesitant,1827.76,746078.4,0.0,0.1874,1.0,0.326
21671.8487739563,0.503,0.492,0.525,0.547,1.0,0.489,0.782,neutral,neutral,0.0,0.5,True,hesitant,1827.76,746078.4,0.0,0.1874,1.0,0.326
21723.76561164856,0.505,0.497,0.525,0.55,1.0,0.499,0.768,neutral,neutral,0.0,0.5,True,hesitant,1827.76,746078.4,0.0,0.1874,1.0,0.326
21756.64782524109,0.507,0.504,0.525,0.547,1.0,0.489,0.721,neutral,neutral,0.0,0.5,True,hesitant,1827.76,746078.4,0.0,0.1874,1.0,0.326
21791.5518283844,0.515,0.518,0.525,0.558,1.0,0.528,0.687,neutral,neutral,0.0,0.5,True,hesitant,1827.76,746078.4,0.0,0.1874,1.0,0.326
21839.324474334717,0.508,0.499,0.525,0.556,1.0,0.519,0.776,neutral,neutral,0.0,0.5,True,hesitant,1827.76,746078.4,0.0,0.1874,1.0,0.326
21873.772382736206,0.516,0.508,0.519,0.567,1.0,0.558,0.787,neutral,neutral,0.0,0.5,True,hesitant,1849.93,721110.73,0.0,0.1918,1.0,0.281
21907.13334083557,0.517,0.507,0.519,0.57,1.0,0.567,0.802,neutral,neutral,0.0,0.5,True,hesitant,1849.93,721110.73,0.0,0.1918,1.0,0.281
21942.893266677856,0.516,0.506,0.519,0.568,1.0,0.561,0.804,neutral,neutral,0.0,0.5,True,hesitant,1849.93,721110.73,0.0,0.1918,1.0,0.281
21970.394611358643,0.518,0.499,0.519,0.583,1.0,0.611,0.886,neutral,neutral,0.0,0.5,True,hesitant,1849.93,721110.73,0.0,0.1918,1.0,0.281
22001.66130065918,0.522,0.496,0.519,0.599,1.0,0.663,0.954,neutral,neutral,0.0,0.5,True,hesitant,1849.93,721110.73,0.0,0.1918,1.0,0.281
22034.794092178345,0.522,0.501,0.519,0.596,1.0,0.652,0.917,neutral,neutral,0.0,0.5,True,hesitant,1849.93,721110.73,0.0,0.1918,1.0,0.281
22064.223289489746,0.512,0.478,0.519,0.587,1.0,0.623,1.0,neutral,neutral,0.0,0.5,True,hesitant,1849.93,721110.73,0.0,0.1918,1.0,0.281
22093.836307525635,0.509,0.475,0.519,0.583,1.0,0.61,1.0,neutral,neutral,0.0,0.5,True,hesitant,1849.93,721110.73,0.0,0.1918,1.0,0.281
22130.17177581787,0.51,0.481,0.519,0.577,1.0,0.59,0.953,neutral,neutral,0.0,0.5,True,hesitant,1849.93,721110.73,0.0,0.1918,1.0,0.281
22161.66853904724,0.521,0.495,0.519,0.599,1.0,0.664,0.957,neutral,neutral,0.0,0.5,True,hesitant,1849.93,721110.73,0.0,0.1918,1.0,0.281
22187.212228775024,0.522,0.496,0.519,0.6,1.0,0.668,0.956,neutral,neutral,0.0,0.5,True,hesitant,1849.93,721110.73,0.0,0.1918,1.0,0.281
22224.456310272217,0.523,0.5,0.519,0.598,1.0,0.661,0.93,neutral,neutral,0.0,0.5,True,hesitant,1849.93,721110.73,0.0,0.1918,1.0,0.281
22256.83617591858,0.524,0.505,0.519,0.597,1.0,0.656,0.903,neutral,neutral,0.0,0.5,True,hesitant,1849.93,721110.73,0.0,0.1918,1.0,0.281
22286.311864852905,0.53,0.523,0.519,0.597,1.0,0.658,0.817,neutral,neutral,0.0,0.5,True,hesitant,1849.93,721110.73,0.0,0.1918,1.0,0.281
22324.48649406433,0.542,0.548,0.519,0.606,1.0,0.685,0.726,neutral,neutral,0.0,0.5,True,hesitant,1849.93,721110.73,0.0,0.1918,1.0,0.281
22352.928161621094,0.519,0.515,0.519,0.568,1.0,0.561,0.761,neutral,neutral,0.0,0.5,True,hesitant,1849.93,721110.73,0.0,0.1918,1.0,0.281
22382.39598274231,0.524,0.518,0.519,0.582,1.0,0.607,0.792,neutral,neutral,0.0,0.5,True,hesitant,1849.93,721110.73,0.0,0.1918,1.0,0.281
22415.107488632202,0.532,0.533,0.519,0.59,1.0,0.634,0.748,neutral,neutral,0.0,0.5,True,hesitant,1849.93,721110.73,0.0,0.1918,1.0,0.281
22444.12064552307,0.528,0.529,0.519,0.581,1.0,0.603,0.736,neutral,neutral,0.0,0.5,True,hesitant,1849.93,721110.73,0.0,0.1918,1.0,0.281
22482.079029083252,0.506,0.497,0.519,0.547,1.0,0.489,0.775,neutral,neutral,0.0,0.5,True,hesitant,1849.93,721110.73,0.0,0.1918,1.0,0.281
22518.226623535156,0.512,0.513,0.519,0.546,1.0,0.487,0.694,neutral,neutral,0.0,0.5,True,hesitant,1849.93,721110.73,0.0,0.1918,1.0,0.281
22549.4122505188,0.503,0.486,0.519,0.549,1.0,0.498,0.834,neutral,neutral,0.0,0.5,True,hesitant,1849.93,721110.73,0.0,0.1918,1.0,0.281
22581.67290687561,0.51,0.506,0.519,0.55,1.0,0.499,0.742,neutral,neutral,0.0,0.5,True,hesitant,1849.93,721110.73,0.0,0.1918,1.0,0.281
22615.833044052124,0.512,0.512,0.519,0.547,1.0,0.489,0.703,neutral,neutral,0.0,0.5,True,hesitant,1849.93,721110.73,0.0,0.1918,1.0,0.281
22645.057916641235,0.5,0.495,0.519,0.527,1.0,0.422,0.72,neutral,neutral,0.0,0.5,True,hesitant,1849.93,721110.73,0.0,0.1918,1.0,0.281
22675.26078224182,0.516,0.5,0.519,0.575,1.0,0.584,0.855,neutral,neutral,0.0,0.5,True,hesitant,1849.93,721110.73,0.0,0.1918,1.0,0.281
22712.112426757812,0.518,0.491,0.519,0.594,1.0,0.648,0.961,neutral,neutral,0.0,0.5,True,hesitant,1849.93,721110.73,0.0,0.1918,1.0,0.281
22738.87014389038,0.513,0.48,0.519,0.589,1.0,0.63,0.996,neutral,neutral,0.0,0.5,True,hesitant,1849.93,721110.73,0.0,0.1918,1.0,0.281
22767.905235290527,0.509,0.474,0.519,0.581,1.0,0.604,1.0,neutral,neutral,0.0,0.5,True,hesitant,1849.93,721110.73,0.0,0.1918,1.0,0.281
22804.821014404297,0.494,0.456,0.519,0.555,1.0,0.516,1.0,neutral,neutral,0.0,0.5,True,hesitant,1849.93,721110.73,0.0,0.1918,1.0,0.281
22835.099458694458,0.49,0.453,0.519,0.543,1.0,0.477,0.975,neutral,neutral,0.0,0.5,True,hesitant,1849.93,721110.73,0.0,0.1918,1.0,0.281
22867.58065223694,0.494,0.463,0.519,0.545,1.0,0.485,0.933,neutral,neutral,0.0,0.5,True,hesitant,1849.93,721110.73,0.0,0.1918,1.0,0.281
22906.744718551636,0.499,0.472,0.519,0.55,1.0,0.5,0.904,neutral,neutral,0.0,0.5,True,hesitant,1849.93,721110.73,0.0,0.1918,1.0,0.281
22933.917760849,0.511,0.484,0.519,0.577,1.0,0.589,0.937,neutral,neutral,0.0,0.5,True,hesitant,1849.93,721110.73,0.0,0.1918,1.0,0.281
22965.362787246704,0.52,0.497,0.519,0.591,1.0,0.637,0.922,neutral,neutral,0.0,0.5,True,hesitant,1849.93,721110.73,0.0,0.1918,1.0,0.281
23000.71144104004,0.515,0.497,0.519,0.577,1.0,0.591,0.875,neutral,neutral,0.0,0.5,True,hesitant,1849.93,721110.73,0.0,0.1918,1.0,0.281
23032.007455825806,0.522,0.504,0.519,0.59,1.0,0.633,0.886,neutral,neutral,0.0,0.5,True,hesitant,1849.93,721110.73,0.0,0.1918,1.0,0.281
23061.965942382812,0.507,0.484,0.519,0.565,1.0,0.549,0.894,neutral,neutral,0.0,0.5,True,hesitant,1849.93,721110.73,0.0,0.1918,1.0,0.281
23096.856117248535,0.507,0.484,0.519,0.564,1.0,0.546,0.893,neutral,neutral,0.0,0.5,True,hesitant,1849.93,721110.73,0.0,0.1918,1.0,0.281
23128.756284713745,0.511,0.506,0.519,0.551,1.0,0.505,0.745,neutral,neutral,0.0,0.5,True,hesitant,1849.93,721110.73,0.0,0.1918,1.0,0.281
23160.03108024597,0.499,0.481,0.519,0.54,1.0,0.468,0.829,neutral,neutral,0.0,0.5,True,hesitant,1849.93,721110.73,0.0,0.1918,1.0,0.281
23194.098234176636,0.476,0.444,0.519,0.509,1.0,0.362,0.902,neutral,neutral,0.0,0.5,True,hesitant,1849.93,721110.73,0.0,0.1918,1.0,0.281
23221.381425857544,0.472,0.43,0.519,0.509,1.0,0.364,0.97,neutral,neutral,0.0,0.5,True,hesitant,1849.93,721110.73,0.0,0.1918,1.0,0.281
23251.629114151,0.472,0.431,0.519,0.51,1.0,0.366,0.968,neutral,neutral,0.0,0.5,False,hesitant,1849.93,721110.73,0.0,0.1918,1.0,0.281
23286.596536636353,0.468,0.422,0.519,0.507,1.0,0.358,1.0,neutral,neutral,0.0,0.5,False,hesitant,1849.93,721110.73,0.0,0.1918,1.0,0.281
23313.15279006958,0.485,0.444,0.519,0.538,1.0,0.459,1.0,neutral,neutral,0.0,0.5,False,hesitant,1849.93,721110.73,0.0,0.1918,1.0,0.281
23341.858625411987,0.483,0.441,0.519,0.534,1.0,0.446,1.0,neutral,neutral,0.0,0.5,True,hesitant,1849.93,721110.73,0.0,0.1918,1.0,0.281
23381.49380683899,0.476,0.432,0.519,0.521,1.0,0.403,1.0,neutral,neutral,0.0,0.5,True,hesitant,1849.93,721110.73,0.0,0.1918,1.0,0.281
23412.02688217163,0.473,0.428,0.519,0.515,1.0,0.383,1.0,neutral,neutral,0.0,0.5,True,hesitant,1849.93,721110.73,0.0,0.1918,1.0,0.281
23441.590547561646,0.405,0.426,0.631,0.423,1.0,0.348,1.0,neutral,neutral,0.493,0.267,True,hesitant,1849.93,721110.73,0.0,0.1918,1.0,0.281
23609.617233276367,0.407,0.428,0.631,0.428,1.0,0.362,1.0,neutral,neutral,0.493,0.267,True,hesitant,1849.93,721110.73,0.0,0.1918,1.0,0.281
23643.87011528015,0.414,0.428,0.591,0.405,1.0,0.287,1.0,neutral,neutral,0.493,0.267,True,hesitant,2104.48,342503.55,0.0,0.1944,1.0,0.342
23672.03664779663,0.418,0.429,0.607,0.433,1.0,0.307,1.0,neutral,fear,0.516,0.202,True,hesitant,2104.48,342503.55,0.0,0.1944,1.0,0.342
23816.380977630615,0.412,0.422,0.607,0.423,1.0,0.274,1.0,neutral,fear,0.516,0.202,True,hesitant,2104.48,342503.55,0.0,0.1944,1.0,0.342
23842.108011245728,0.409,0.418,0.607,0.417,1.0,0.252,1.0,neutral,fear,0.516,0.202,True,hesitant,2104.48,342503.55,0.0,0.1944,1.0,0.342
23874.09257888794,0.411,0.416,0.595,0.411,1.0,0.242,1.0,neutral,fear,0.486,0.209,True,hesitant,2104.48,342503.55,0.0,0.1944,1.0,0.342
24004.419088363647,0.399,0.401,0.595,0.389,1.0,0.169,1.0,neutral,fear,0.486,0.209,True,hesitant,2104.48,342503.55,0.0,0.1944,1.0,0.342
24033.737659454346,0.398,0.4,0.595,0.387,1.0,0.164,1.0,neutral,fear,0.486,0.209,True,hesitant,2104.48,342503.55,0.0,0.1944,1.0,0.342
24066.82014465332,0.409,0.417,0.602,0.412,1.0,0.238,0.987,neutral,fear,0.504,0.208,True,hesitant,2104.48,342503.55,0.0,0.1944,1.0,0.342
24201.935052871704,0.408,0.421,0.602,0.406,1.0,0.217,0.95,neutral,fear,0.504,0.208,True,hesitant,2104.48,342503.55,0.0,0.1944,1.0,0.342
24238.734006881714,0.406,0.424,0.602,0.395,1.0,0.181,0.899,neutral,fear,0.504,0.208,True,hesitant,2104.48,342503.55,0.0,0.1944,1.0,0.342
24279.741764068604,0.407,0.426,0.597,0.388,1.0,0.202,0.919,neutral,fear,0.501,0.242,True,hesitant,2104.48,342503.55,0.0,0.1944,1.0,0.342
24410.436153411865,0.404,0.414,0.597,0.395,1.0,0.226,1.0,neutral,fear,0.501,0.242,True,hesitant,2104.48,342503.55,0.0,0.1944,1.0,0.342
24440.306186676025,0.422,0.436,0.597,0.427,1.0,0.333,1.0,neutral,fear,0.501,0.242,True,hesitant,2104.48,342503.55,0.0,0.1944,1.0,0.342
24471.49419784546,0.433,0.451,0.579,0.427,1.0,0.398,1.0,neutral,neutral,0.471,0.284,True,hesitant,2104.48,342503.55,0.0,0.1944,1.0,0.342
24631.729125976562,0.434,0.453,0.579,0.428,1.0,0.403,1.0,neutral,neutral,0.471,0.284,True,hesitant,2104.48,342503.55,0.0,0.1944,1.0,0.342
24667.879581451416,0.436,0.455,0.579,0.432,1.0,0.414,1.0,neutral,neutral,0.471,0.284,True,hesitant,2104.48,342503.55,0.0,0.1944,1.0,0.342
24700.4132270813,0.431,0.45,0.59,0.435,1.0,0.391,1.0,neutral,neutral,0.494,0.277,True,hesitant,2104.48,342503.55,0.0,0.1944,1.0,0.342
24856.12416267395,0.447,0.469,0.59,0.464,1.0,0.487,1.0,neutral,neutral,0.494,0.277,True,hesitant,2104.48,342503.55,0.0,0.1944,1.0,0.342
24886.29460334778,0.451,0.474,0.59,0.471,1.0,0.509,1.0,neutral,neutral,0.494,0.277,True,hesitant,2104.48,342503.55,0.0,0.1944,1.0,0.342
24947.450637817383,0.523,0.477,0.464,0.563,1.0,0.544,1.0,neutral,neutral,0.0,0.5,True,hesitant,2104.48,342503.55,0.0,0.1944,1.0,0.342
24994.093418121338,0.523,0.477,0.464,0.563,1.0,0.544,1.0,neutral,neutral,0.0,0.5,True,hesitant,2104.48,342503.55,0.0,0.1944,1.0,0.342
25022.889852523804,0.523,0.477,0.464,0.563,1.0,0.544,1.0,neutral,neutral,0.0,0.5,True,hesitant,2104.48,342503.55,0.0,0.1944,1.0,0.342
25051.557064056396,0.527,0.481,0.464,0.569,1.0,0.563,1.0,neutral,neutral,0.0,0.5,True,hesitant,2104.48,342503.55,0.0,0.1944,1.0,0.342
25086.53211593628,0.517,0.469,0.464,0.551,1.0,0.505,1.0,neutral,neutral,0.0,0.5,True,hesitant,2104.48,342503.55,0.0,0.1944,1.0,0.342
25115.750074386597,0.511,0.461,0.464,0.54,1.0,0.468,1.0,neutral,neutral,0.0,0.5,True,hesitant,2104.48,342503.55,0.0,0.1944,1.0,0.342
25146.20304107666,0.511,0.461,0.464,0.54,1.0,0.465,1.0,neutral,neutral,0.0,0.5,True,hesitant,2104.48,342503.55,0.0,0.1944,1.0,0.342
25181.75768852234,0.516,0.467,0.464,0.549,1.0,0.497,1.0,neutral,neutral,0.0,0.5,True,hesitant,2104.48,342503.55,0.0,0.1944,1.0,0.342
25249.501705169678,0.511,0.461,0.464,0.54,1.0,0.468,1.0,neutral,neutral,0.0,0.5,True,hesitant,2104.48,342503.55,0.0,0.1944,1.0,0.342
25285.23278236389,0.409,0.432,0.646,0.446,1.0,0.448,1.0,neutral,neutral,0.493,0.295,True,hesitant,1828.76,744275.12,0.0,0.1873,1.0,0.288
25471.539735794067,0.412,0.436,0.646,0.453,1.0,0.472,1.0,neutral,neutral,0.493,0.295,True,hesitant,1828.76,744275.12,0.0,0.1873,1.0,0.288
25501.631259918213,0.416,0.44,0.646,0.459,1.0,0.493,1.0,neutral,neutral,0.493,0.295,True,hesitant,1828.76,744275.12,0.0,0.1873,1.0,0.288
25529.96039390564,0.413,0.438,0.655,0.463,1.0,0.49,1.0,neutral,neutral,0.515,0.274,True,hesitant,1828.76,744275.12,0.0,0.1873,1.0,0.288
25665.98105430603,0.42,0.446,0.655,0.477,1.0,0.536,1.0,neutral,neutral,0.515,0.274,True,hesitant,1828.76,744275.12,0.0,0.1873,1.0,0.288
25695.860385894775,0.435,0.463,0.655,0.506,1.0,0.633,1.0,neutral,neutral,0.515,0.274,True,hesitant,1828.76,744275.12,0.0,0.1873,1.0,0.288
25725.83842277527,0.483,0.454,0.573,0.581,1.0,0.603,1.0,neutral,neutral,0.0,0.5,True,hesitant,1828.76,744275.12,0.0,0.1873,1.0,0.288
25759.921550750732,0.48,0.451,0.573,0.577,1.0,0.589,1.0,neutral,neutral,0.0,0.5,True,hesitant,1828.76,744275.12,0.0,0.1873,1.0,0.288
25787.28151321411,0.477,0.447,0.573,0.57,1.0,0.565,1.0,neutral,neutral,0.0,0.5,True,hesitant,1828.76,744275.12,0.0,0.1873,1.0,0.288
25815.606594085693,0.416,0.439,0.654,0.471,1.0,0.488,1.0,neutral,disgust,0.523,0.297,True,hesitant,1828.76,744275.12,0.0,0.1873,1.0,0.288
25947.049617767334,0.398,0.418,0.654,0.435,1.0,0.368,1.0,neutral,disgust,0.523,0.297,True,hesitant,1828.76,744275.12,0.0,0.1873,1.0,0.288
25975.662231445312,0.397,0.417,0.654,0.433,1.0,0.36,1.0,neutral,disgust,0.523,0.297,True,hesitant,1828.76,744275.12,0.0,0.1873,1.0,0.288
26010.688304901123,0.397,0.416,0.657,0.437,1.0,0.371,1.0,neutral,disgust,0.521,0.268,True,hesitant,1828.76,744275.12,0.0,0.1873,1.0,0.288
26159.691095352173,0.392,0.411,0.657,0.427,1.0,0.34,1.0,neutral,disgust,0.521,0.268,True,hesitant,1828.76,744275.12,0.0,0.1873,1.0,0.288
26188.831567764282,0.41,0.432,0.657,0.463,1.0,0.459,1.0,neutral,disgust,0.521,0.268,True,hesitant,1828.76,744275.12,0.0,0.1873,1.0,0.288
26220.26228904724,0.414,0.437,0.652,0.464,1.0,0.486,1.0,neutral,neutral,0.508,0.278,True,hesitant,1828.76,744275.12,0.0,0.1873,1.0,0.288
26363.927602767944,0.421,0.445,0.652,0.477,1.0,0.531,1.0,neutral,neutral,0.508,0.278,True,hesitant,1828.76,744275.12,0.0,0.1873,1.0,0.288
26400.370121002197,0.428,0.454,0.652,0.492,1.0,0.581,1.0,neutral,neutral,0.508,0.278,True,hesitant,1828.76,744275.12,0.0,0.1873,1.0,0.288
26430.094242095947,0.484,0.455,0.573,0.583,1.0,0.609,1.0,neutral,neutral,0.0,0.5,True,hesitant,1828.76,744275.12,0.0,0.1873,1.0,0.288
26471.334218978882,0.478,0.448,0.573,0.572,1.0,0.573,1.0,neutral,neutral,0.0,0.5,True,hesitant,1828.76,744275.12,0.0,0.1873,1.0,0.288
33270.72882652283,0.456,0.487,0.594,0.478,1.0,0.501,0.88,neutral,neutral,0.474,0.252,True,hesitant,1315.88,1055722.3,0.0001,0.1535,1.0,0.345
33399.84917640686,0.454,0.483,0.594,0.476,1.0,0.495,0.897,neutral,neutral,0.474,0.252,True,hesitant,1315.88,1055722.3,0.0001,0.1535,1.0,0.345
33435.11199951172,0.443,0.469,0.594,0.456,1.0,0.428,0.902,neutral,neutral,0.474,0.252,True,hesitant,1315.88,1055722.3,0.0001,0.1535,1.0,0.345
33475.375175476074,0.443,0.464,0.593,0.462,1.0,0.477,0.984,neutral,neutral,0.483,0.281,True,hesitant,1315.88,1055722.3,0.0001,0.1535,1.0,0.345
33600.60930252075,0.444,0.463,0.593,0.464,1.0,0.483,0.994,neutral,neutral,0.483,0.281,True,hesitant,1315.88,1055722.3,0.0001,0.1535,1.0,0.345
33626.99270248413,0.451,0.471,0.593,0.479,1.0,0.531,1.0,neutral,neutral,0.483,0.281,True,hesitant,1315.88,1055722.3,0.0001,0.1535,1.0,0.345
33657.96732902527,0.457,0.492,0.589,0.471,1.0,0.519,0.882,neutral,neutral,0.474,0.29,True,hesitant,1315.88,1055722.3,0.0001,0.1535,1.0,0.345
33795.101165771484,0.431,0.448,0.589,0.436,1.0,0.402,1.0,neutral,neutral,0.474,0.29,True,hesitant,1315.88,1055722.3,0.0001,0.1535,1.0,0.345
33824.71561431885,0.446,0.465,0.589,0.464,1.0,0.494,1.0,neutral,neutral,0.474,0.29,True,hesitant,1315.88,1055722.3,0.0001,0.1535,1.0,0.345
33852.86474227905,0.445,0.464,0.594,0.469,1.0,0.492,1.0,neutral,neutral,0.483,0.278,True,hesitant,1315.88,1055722.3,0.0001,0.1535,1.0,0.345
33972.36633300781,0.45,0.469,0.594,0.478,1.0,0.521,1.0,neutral,neutral,0.483,0.278,True,hesitant,1315.88,1055722.3,0.0001,0.1535,1.0,0.345
33999.4797706604,0.442,0.46,0.594,0.462,1.0,0.469,1.0,neutral,neutral,0.483,0.278,True,hesitant,1315.88,1055722.3,0.0001,0.1535,1.0,0.345
34028.05018424988,0.444,0.463,0.592,0.464,1.0,0.488,1.0,neutral,neutral,0.478,0.278,True,hesitant,1315.88,1055722.3,0.0001,0.1535,1.0,0.345
34147.010803222656,0.447,0.467,0.592,0.47,1.0,0.51,1.0,neutral,neutral,0.478,0.278,True,hesitant,1315.88,1055722.3,0.0001,0.1535,1.0,0.345
34173.95758628845,0.44,0.458,0.592,0.456,1.0,0.463,1.0,neutral,neutral,0.478,0.278,True,hesitant,1315.88,1055722.3,0.0001,0.1535,1.0,0.345
34204.9195766449,0.447,0.469,0.589,0.462,1.0,0.507,1.0,neutral,neutral,0.48,0.31,True,hesitant,1315.88,1055722.3,0.0001,0.1535,1.0,0.345
34402.25100517273,0.444,0.466,0.589,0.457,1.0,0.49,1.0,neutral,neutral,0.48,0.31,True,hesitant,1315.88,1055722.3,0.0001,0.1535,1.0,0.345
34433.794260025024,0.42,0.435,0.622,0.453,1.0,0.477,1.0,neutral,neutral,0.48,0.31,True,hesitant,1221.42,1068679.74,0.0001,0.1572,1.0,0.338
34460.28208732605,0.416,0.426,0.626,0.454,1.0,0.44,1.0,neutral,neutral,0.475,0.261,True,hesitant,1221.42,1068679.74,0.0001,0.1572,1.0,0.338
34574.84221458435,0.412,0.422,0.626,0.446,1.0,0.412,1.0,neutral,neutral,0.475,0.261,True,hesitant,1221.42,1068679.74,0.0001,0.1572,1.0,0.338
34602.11157798767,0.41,0.42,0.626,0.44,1.0,0.395,1.0,neutral,neutral,0.475,0.261,True,hesitant,1221.42,1068679.74,0.0001,0.1572,1.0,0.338
34628.950119018555,0.411,0.424,0.624,0.437,1.0,0.409,1.0,neutral,neutral,0.479,0.294,True,hesitant,1221.42,1068679.74,0.0001,0.1572,1.0,0.338
34772.78399467468,0.409,0.422,0.624,0.433,1.0,0.395,1.0,neutral,neutral,0.479,0.294,True,hesitant,1221.42,1068679.74,0.0001,0.1572,1.0,0.338
34800.954818725586,0.419,0.432,0.624,0.453,1.0,0.464,1.0,neutral,neutral,0.479,0.294,True,hesitant,1221.42,1068679.74,0.0001,0.1572,1.0,0.338
34829.77199554443,0.417,0.431,0.632,0.459,1.0,0.46,0.985,neutral,neutral,0.504,0.252,True,hesitant,1221.42,1068679.74,0.0001,0.1572,1.0,0.338
34951.969623565674,0.428,0.451,0.632,0.471,1.0,0.5,0.891,neutral,neutral,0.504,0.252,True,hesitant,1221.42,1068679.74,0.0001,0.1572,1.0,0.338
34978.527784347534,0.418,0.44,0.632,0.451,1.0,0.434,0.899,neutral,neutral,0.504,0.252,True,hesitant,1221.42,1068679.74,0.0001,0.1572,1.0,0.338
35006.65235519409,0.423,0.449,0.631,0.455,1.0,0.434,0.835,neutral,neutral,0.496,0.246,True,hesitant,1221.42,1068679.74,0.0001,0.1572,1.0,0.338
35137.086391448975,0.423,0.451,0.631,0.455,1.0,0.433,0.822,neutral,neutral,0.496,0.246,True,hesitant,1221.42,1068679.74,0.0001,0.1572,1.0,0.338
35169.78430747986,0.421,0.447,0.631,0.452,1.0,0.423,0.838,neutral,neutral,0.496,0.246,True,hesitant,1221.42,1068679.74,0.0001,0.1572,1.0,0.338
35204.52666282654,0.412,0.432,0.631,0.439,1.0,0.362,0.876,neutral,fear,0.49,0.233,True,hesitant,1221.42,1068679.74,0.0001,0.1572,1.0,0.338
35360.64553260803,0.416,0.425,0.631,0.461,1.0,0.435,1.0,neutral,fear,0.49,0.233,True,hesitant,1221.42,1068679.74,0.0001,0.1572,1.0,0.338
35391.29543304443,0.42,0.434,0.631,0.462,1.0,0.439,0.942,neutral,fear,0.49,0.233,True,hesitant,1221.42,1068679.74,0.0001,0.1572,1.0,0.338
35421.820402145386,0.418,0.435,0.628,0.452,1.0,0.424,0.926,neutral,neutral,0.489,0.264,True,hesitant,1221.42,1068679.74,0.0001,0.1572,1.0,0.338
35558.87579917908,0.423,0.443,0.628,0.458,1.0,0.444,0.89,neutral,neutral,0.489,0.264,True,hesitant,1221.42,1068679.74,0.0001,0.1572,1.0,0.338
35588.69814872742,0.425,0.451,0.628,0.455,1.0,0.433,0.828,neutral,neutral,0.489,0.264,True,hesitant,1221.42,1068679.74,0.0001,0.1572,1.0,0.338
35619.55237388611,0.436,0.467,0.631,0.477,1.0,0.493,0.778,neutral,disgust,0.498,0.253,True,hesitant,1221.42,1068679.74,0.0001,0.1572,1.0,0.338
35759.81259346008,0.426,0.445,0.631,0.472,1.0,0.477,0.91,neutral,disgust,0.498,0.253,True,hesitant,1221.42,1068679.74,0.0001,0.1572,1.0,0.338
35790.281772613525,0.43,0.456,0.631,0.472,1.0,0.476,0.835,neutral,disgust,0.498,0.253,True,hesitant,1221.42,1068679.74,0.0001,0.1572,1.0,0.338
35820.66035270691,0.429,0.455,0.623,0.458,1.0,0.463,0.831,neutral,neutral,0.468,0.274,True,hesitant,1221.42,1068679.74,0.0001,0.1572,1.0,0.338
35967.60034561157,0.428,0.453,0.623,0.459,1.0,0.467,0.85,neutral,neutral,0.468,0.274,True,hesitant,1221.42,1068679.74,0.0001,0.1572,1.0,0.338
36025.0928401947,0.421,0.44,0.623,0.451,1.0,0.442,0.911,neutral,neutral,0.468,0.274,True,hesitant,1221.42,1068679.74,0.0001,0.1572,1.0,0.338
36079.18858528137,0.434,0.465,0.626,0.467,1.0,0.466,0.848,neutral,fear,0.498,0.246,True,hesitant,1320.32,1046758.28,0.0001,0.1599,1.0,0.334
36285.35461425781,0.435,0.469,0.626,0.467,1.0,0.464,0.814,neutral,fear,0.498,0.246,True,hesitant,1320.32,1046758.28,0.0001,0.1599,1.0,0.334
36316.83135032654,0.44,0.472,0.626,0.481,1.0,0.511,0.848,neutral,fear,0.498,0.246,True,hesitant,1320.32,1046758.28,0.0001,0.1599,1.0,0.334
36344.815731048584,0.45,0.49,0.62,0.485,1.0,0.516,0.744,neutral,neutral,0.472,0.248,True,hesitant,1320.32,1046758.28,0.0001,0.1599,1.0,0.334
36471.66657447815,0.448,0.483,0.62,0.485,1.0,0.515,0.782,neutral,neutral,0.472,0.248,True,hesitant,1320.32,1046758.28,0.0001,0.1599,1.0,0.334
36500.54454803467,0.447,0.487,0.62,0.48,1.0,0.497,0.741,neutral,neutral,0.472,0.248,True,hesitant,1320.32,1046758.28,0.0001,0.1599,1.0,0.334
36533.034324645996,0.44,0.481,0.622,0.465,1.0,0.469,0.754,neutral,neutral,0.486,0.261,True,hesitant,1320.32,1046758.28,0.0001,0.1599,1.0,0.334
36665.77768325806,0.439,0.47,0.622,0.474,1.0,0.502,0.856,neutral,neutral,0.486,0.261,True,hesitant,1320.32,1046758.28,0.0001,0.1599,1.0,0.334
36694.68903541565,0.442,0.479,0.622,0.475,1.0,0.504,0.799,neutral,neutral,0.486,0.261,True,hesitant,1320.32,1046758.28,0.0001,0.1599,1.0,0.334
36726.118087768555,0.443,0.48,0.623,0.477,1.0,0.482,0.766,neutral,fear,0.482,0.24,True,hesitant,1320.32,1046758.28,0.0001,0.1599,1.0,0.334
36852.24938392639,0.439,0.478,0.623,0.466,1.0,0.447,0.745,neutral,fear,0.482,0.24,True,hesitant,1320.32,1046758.28,0.0001,0.1599,1.0,0.334
36881.72698020935,0.437,0.466,0.623,0.472,1.0,0.466,0.835,neutral,fear,0.482,0.24,True,hesitant,1320.32,1046758.28,0.0001,0.1599,1.0,0.334
36912.13822364807,0.437,0.473,0.624,0.466,1.0,0.457,0.79,neutral,fear,0.491,0.256,True,hesitant,1320.32,1046758.28,0.0001,0.1599,1.0,0.334
37045.663595199585,0.439,0.477,0.624,0.468,1.0,0.463,0.77,neutral,fear,0.491,0.256,True,hesitant,1320.32,1046758.28,0.0001,0.1599,1.0,0.334
37073.232889175415,0.437,0.472,0.624,0.469,1.0,0.465,0.805,neutral,fear,0.491,0.256,True,hesitant,1320.32,1046758.28,0.0001,0.1599,1.0,0.334
37103.538274765015,0.447,0.473,0.629,0.506,1.0,0.565,0.89,neutral,fear,0.502,0.225,True,hesitant,1320.32,1046758.28,0.0001,0.1599,1.0,0.334
37234.88926887512,0.446,0.47,0.629,0.505,1.0,0.562,0.904,neutral,fear,0.502,0.225,True,hesitant,1320.32,1046758.28,0.0001,0.1599,1.0,0.334
37265.90585708618,0.45,0.479,0.629,0.508,1.0,0.572,0.863,neutral,fear,0.502,0.225,True,hesitant,1320.32,1046758.28,0.0001,0.1599,1.0,0.334
37297.36304283142,0.449,0.474,0.631,0.514,1.0,0.59,0.91,neutral,fear,0.511,0.225,True,hesitant,1320.32,1046758.28,0.0001,0.1599,1.0,0.334
37433.834075927734,0.452,0.476,0.631,0.521,1.0,0.615,0.923,neutral,fear,0.511,0.225,True,hesitant,1320.32,1046758.28,0.0001,0.1599,1.0,0.334
37462.86487579346,0.442,0.462,0.631,0.503,1.0,0.554,0.943,neutral,fear,0.511,0.225,True,hesitant,1320.32,1046758.28,0.0001,0.1599,1.0,0.334
37494.11582946777,0.457,0.491,0.619,0.507,1.0,0.626,0.855,neutral,neutral,0.484,0.285,True,hesitant,1320.32,1046758.28,0.0001,0.1599,1.0,0.334
37617.289543151855,0.449,0.477,0.619,0.495,1.0,0.586,0.903,neutral,neutral,0.484,0.285,True,hesitant,1320.32,1046758.28,0.0001,0.1599,1.0,0.334
37644.37937736511,0.438,0.474,0.619,0.463,1.0,0.48,0.81,neutral,neutral,0.484,0.285,True,hesitant,1320.32,1046758.28,0.0001,0.1599,1.0,0.334
37672.41644859314,0.444,0.468,0.623,0.493,1.0,0.557,0.918,neutral,fear,0.486,0.249,True,hesitant,1320.32,1046758.28,0.0001,0.1599,1.0,0.334
37834.7909450531,0.443,0.477,0.623,0.482,1.0,0.522,0.824,neutral,fear,0.486,0.249,True,hesitant,1320.32,1046758.28,0.0001,0.1599,1.0,0.334
37873.37779998779,0.444,0.478,0.623,0.482,1.0,0.522,0.819,neutral,fear,0.486,0.249,True,hesitant,1320.32,1046758.28,0.0001,0.1599,1.0,0.334
37904.01315689087,0.466,0.512,0.591,0.479,1.0,0.536,0.819,neutral,neutral,0.489,0.277,True,hesitant,1383.31,997007.12,0.0001,0.1543,1.0,0.343
38072.60084152222,0.458,0.505,0.591,0.461,1.0,0.477,0.797,backward,neutral,0.489,0.277,True,hesitant,1383.31,997007.12,0.0001,0.1543,1.0,0.343
38100.934982299805,0.472,0.526,0.591,0.483,1.0,0.55,0.762,neutral,neutral,0.489,0.277,True,hesitant,1383.31,997007.12,0.0001,0.1543,1.0,0.343
38147.87483215332,0.539,0.536,0.476,0.561,1.0,0.536,0.696,neutral,neutral,0.0,0.5,True,hesitant,1383.31,997007.12,0.0001,0.1543,1.0,0.343
38185.89162826538,0.536,0.527,0.476,0.559,1.0,0.528,0.734,neutral,neutral,0.0,0.5,True,hesitant,1383.31,997007.12,0.0001,0.1543,1.0,0.343
38219.353675842285,0.548,0.549,0.476,0.576,1.0,0.587,0.685,neutral,neutral,0.0,0.5,True,hesitant,1383.31,997007.12,0.0001,0.1543,1.0,0.343
38252.18439102173,0.545,0.54,0.476,0.574,1.0,0.58,0.719,neutral,neutral,0.0,0.5,True,hesitant,1383.31,997007.12,0.0001,0.1543,1.0,0.343
38290.706157684326,0.545,0.536,0.476,0.579,1.0,0.595,0.755,neutral,neutral,0.0,0.5,True,hesitant,1383.31,997007.12,0.0001,0.1543,1.0,0.343
38322.61919975281,0.547,0.539,0.476,0.582,1.0,0.607,0.755,neutral,neutral,0.0,0.5,True,hesitant,1383.31,997007.12,0.0001,0.1543,1.0,0.343
38351.81736946106,0.545,0.538,0.476,0.577,1.0,0.588,0.742,neutral,neutral,0.0,0.5,True,hesitant,1383.31,997007.12,0.0001,0.1543,1.0,0.343
38390.27142524719,0.528,0.496,0.476,0.57,1.0,0.567,0.921,neutral,neutral,0.0,0.5,True,hesitant,1383.31,997007.12,0.0001,0.1543,1.0,0.343
38424.696922302246,0.53,0.5,0.476,0.573,1.0,0.577,0.912,neutral,neutral,0.0,0.5,True,hesitant,1383.31,997007.12,0.0001,0.1543,1.0,0.343
38458.56189727783,0.522,0.488,0.476,0.56,1.0,0.533,0.926,neutral,neutral,0.0,0.5,True,hesitant,1383.31,997007.12,0.0001,0.1543,1.0,0.343
38495.357513427734,0.515,0.473,0.476,0.552,1.0,0.506,0.969,neutral,neutral,0.0,0.5,True,hesitant,1383.31,997007.12,0.0001,0.1543,1.0,0.343
38524.31774139404,0.517,0.482,0.476,0.55,1.0,0.499,0.918,neutral,neutral,0.0,0.5,True,hesitant,1383.31,997007.12,0.0001,0.1543,1.0,0.343
38555.3617477417,0.441,0.459,0.592,0.457,1.0,0.458,1.0,neutral,neutral,0.484,0.252,True,hesitant,1383.31,997007.12,0.0001,0.1543,1.0,0.343
38690.109729766846,0.427,0.443,0.592,0.432,1.0,0.373,1.0,neutral,neutral,0.484,0.252,True,hesitant,1383.31,997007.12,0.0001,0.1543,1.0,0.343
38722.17082977295,0.423,0.438,0.592,0.424,1.0,0.346,1.0,neutral,neutral,0.484,0.252,True,hesitant,1383.31,997007.12,0.0001,0.1543,1.0,0.343
38754.17232513428,0.436,0.451,0.595,0.455,1.0,0.421,1.0,neutral,fear,0.488,0.237,True,hesitant,1383.31,997007.12,0.0001,0.1543,1.0,0.343
38888.6513710022,0.433,0.447,0.595,0.448,1.0,0.397,1.0,neutral,fear,0.488,0.237,True,hesitant,1383.31,997007.12,0.0001,0.1543,1.0,0.343
38919.39830780029,0.427,0.44,0.595,0.437,1.0,0.362,1.0,neutral,fear,0.488,0.237,True,hesitant,1383.31,997007.12,0.0001,0.1543,1.0,0.343
38953.75370979309,0.494,0.444,0.476,0.519,1.0,0.395,1.0,neutral,neutral,0.0,0.5,True,hesitant,1383.31,997007.12,0.0001,0.1543,1.0,0.343
38994.02737617493,0.49,0.438,0.476,0.51,1.0,0.366,1.0,neutral,neutral,0.0,0.5,True,hesitant,1383.31,997007.12,0.0001,0.1543,1.0,0.343
39023.15068244934,0.498,0.448,0.476,0.526,1.0,0.418,1.0,neutral,neutral,0.0,0.5,True,hesitant,1383.31,997007.12,0.0001,0.1543,1.0,0.343
39052.40345001221,0.425,0.438,0.586,0.422,1.0,0.343,1.0,neutral,neutral,0.471,0.264,True,hesitant,1383.31,997007.12,0.0001,0.1543,1.0,0.343
39194.49806213379,0.425,0.439,0.586,0.423,1.0,0.348,1.0,neutral,neutral,0.471,0.264,True,hesitant,1383.31,997007.12,0.0001,0.1543,1.0,0.343
39224.71857070923,0.426,0.44,0.586,0.425,1.0,0.354,1.0,neutral,neutral,0.471,0.264,True,hesitant,1383.31,997007.12,0.0001,0.1543,1.0,0.343
39256.07371330261,0.423,0.437,0.593,0.427,1.0,0.348,1.0,neutral,neutral,0.486,0.25,True,hesitant,1383.31,997007.12,0.0001,0.1543,1.0,0.343
39365.09108543396,0.421,0.434,0.593,0.421,1.0,0.328,1.0,neutral,neutral,0.486,0.25,True,hesitant,1383.31,997007.12,0.0001,0.1543,1.0,0.343
39396.25334739685,0.421,0.434,0.593,0.421,1.0,0.327,1.0,neutral,neutral,0.486,0.25,True,hesitant,1383.31,997007.12,0.0001,0.1543,1.0,0.343
39428.66516113281,0.422,0.434,0.594,0.427,1.0,0.329,1.0,neutral,fear,0.483,0.237,True,hesitant,1383.31,997007.12,0.0001,0.1543,1.0,0.343
39624.57799911499,0.424,0.436,0.594,0.431,1.0,0.343,1.0,neutral,fear,0.483,0.237,True,hesitant,1383.31,997007.12,0.0001,0.1543,1.0,0.343
39656.4416885376,0.434,0.448,0.594,0.449,1.0,0.402,1.0,neutral,fear,0.483,0.237,True,hesitant,1383.31,997007.12,0.0001,0.1543,1.0,0.343
39687.3459815979,0.506,0.459,0.476,0.541,1.0,0.468,1.0,neutral,neutral,0.0,0.5,True,hesitant,1383.31,997007.12,0.0001,0.1543,1.0,0.343
39727.11420059204,0.503,0.455,0.476,0.535,1.0,0.449,1.0,neutral,neutral,0.0,0.5,True,hesitant,1383.31,997007.12,0.0001,0.1543,1.0,0.343
39760.65754890442,0.472,0.432,0.53,0.521,1.0,0.403,1.0,neutral,neutral,0.0,0.5,True,hesitant,1683.67,861045.88,0.0001,0.1698,1.0,0.317
39790.223598480225,0.474,0.434,0.53,0.524,1.0,0.413,1.0,neutral,neutral,0.0,0.5,True,hesitant,1683.67,861045.88,0.0001,0.1698,1.0,0.317
39822.50261306763,0.468,0.427,0.53,0.513,1.0,0.377,1.0,neutral,neutral,0.0,0.5,True,hesitant,1683.67,861045.88,0.0001,0.1698,1.0,0.317
39850.55494308472,0.472,0.432,0.53,0.522,1.0,0.406,1.0,neutral,neutral,0.0,0.5,True,hesitant,1683.67,861045.88,0.0001,0.1698,1.0,0.317
39877.51650810242,0.474,0.434,0.53,0.525,1.0,0.415,1.0,neutral,neutral,0.0,0.5,True,hesitant,1683.67,861045.88,0.0001,0.1698,1.0,0.317
39912.80007362366,0.478,0.439,0.53,0.532,1.0,0.44,1.0,neutral,neutral,0.0,0.5,True,hesitant,1683.67,861045.88,0.0001,0.1698,1.0,0.317
39943.92514228821,0.489,0.453,0.53,0.553,1.0,0.509,1.0,neutral,neutral,0.0,0.5,True,hesitant,1683.67,861045.88,0.0001,0.1698,1.0,0.317
39973.60038757324,0.489,0.452,0.53,0.553,1.0,0.508,1.0,neutral,neutral,0.0,0.5,True,hesitant,1683.67,861045.88,0.0001,0.1698,1.0,0.317
40009.68074798584,0.492,0.456,0.53,0.559,1.0,0.53,1.0,neutral,neutral,0.0,0.5,True,hesitant,1683.67,861045.88,0.0001,0.1698,1.0,0.317
40040.30680656433,0.491,0.455,0.53,0.557,1.0,0.523,1.0,neutral,neutral,0.0,0.5,True,hesitant,1683.67,861045.88,0.0001,0.1698,1.0,0.317
40068.18413734436,0.431,0.456,0.61,0.451,1.0,0.496,1.0,neutral,neutral,0.474,0.309,True,hesitant,1683.67,861045.88,0.0001,0.1698,1.0,0.317
40174.7612953186,0.431,0.456,0.61,0.451,1.0,0.496,1.0,neutral,neutral,0.474,0.309,True,hesitant,1683.67,861045.88,0.0001,0.1698,1.0,0.317
40201.056480407715,0.426,0.45,0.61,0.44,1.0,0.459,1.0,neutral,neutral,0.474,0.309,True,hesitant,1683.67,861045.88,0.0001,0.1698,1.0,0.317
40228.46293449402,0.434,0.461,0.611,0.456,1.0,0.517,1.0,neutral,neutral,0.486,0.327,True,hesitant,1683.67,861045.88,0.0001,0.1698,1.0,0.317
40333.43982696533,0.433,0.46,0.611,0.453,1.0,0.506,1.0,neutral,neutral,0.486,0.327,True,hesitant,1683.67,861045.88,0.0001,0.1698,1.0,0.317
40365.13590812683,0.434,0.461,0.611,0.455,1.0,0.515,1.0,neutral,neutral,0.486,0.327,True,hesitant,1683.67,861045.88,0.0001,0.1698,1.0,0.317
40392.28320121765,0.432,0.46,0.628,0.47,1.0,0.525,1.0,neutral,neutral,0.518,0.286,True,hesitant,1683.67,861045.88,0.0001,0.1698,1.0,0.317
40501.79219245911,0.415,0.439,0.628,0.436,1.0,0.414,1.0,neutral,neutral,0.518,0.286,True,hesitant,1683.67,861045.88,0.0001,0.1698,1.0,0.317
40530.025005340576,0.418,0.444,0.628,0.443,1.0,0.438,1.0,neutral,neutral,0.518,0.286,True,hesitant,1683.67,861045.88,0.0001,0.1698,1.0,0.317
40559.57269668579,0.422,0.446,0.624,0.448,1.0,0.448,1.0,neutral,neutral,0.506,0.282,True,hesitant,1683.67,861045.88,0.0001,0.1698,1.0,0.317
40661.05556488037,0.427,0.452,0.624,0.459,1.0,0.482,1.0,neutral,neutral,0.506,0.282,True,hesitant,1683.67,861045.88,0.0001,0.1698,1.0,0.317
40686.68055534363,0.431,0.456,0.624,0.466,1.0,0.505,1.0,neutral,neutral,0.506,0.282,True,hesitant,1683.67,861045.88,0.0001,0.1698,1.0,0.317
40714.96534347534,0.488,0.451,0.53,0.551,1.0,0.503,1.0,neutral,neutral,0.0,0.5,True,hesitant,1683.67,861045.88,0.0001,0.1698,1.0,0.317
40749.478816986084,0.497,0.463,0.53,0.569,1.0,0.562,1.0,neutral,neutral,0.0,0.5,True,hesitant,1683.67,861045.88,0.0001,0.1698,1.0,0.317
40791.52536392212,0.503,0.469,0.53,0.58,1.0,0.598,1.0,neutral,neutral,0.0,0.5,True,hesitant,1683.67,861045.88,0.0001,0.1698,1.0,0.317
40821.79403305054,0.502,0.469,0.53,0.578,1.0,0.593,1.0,neutral,neutral,0.0,0.5,True,hesitant,1683.67,861045.88,0.0001,0.1698,1.0,0.317
40858.68787765503,0.499,0.465,0.53,0.572,1.0,0.573,1.0,neutral,neutral,0.0,0.5,True,hesitant,1683.67,861045.88,0.0001,0.1698,1.0,0.317
40886.76953315735,0.497,0.463,0.53,0.569,1.0,0.563,1.0,neutral,neutral,0.0,0.5,True,hesitant,1683.67,861045.88,0.0001,0.1698,1.0,0.317
40955.296754837036,0.469,0.428,0.53,0.515,1.0,0.384,1.0,neutral,neutral,0.0,0.5,True,hesitant,1683.67,861045.88,0.0001,0.1698,1.0,0.317
40994.635820388794,0.47,0.43,0.53,0.518,1.0,0.394,1.0,neutral,neutral,0.0,0.5,True,hesitant,1683.67,861045.88,0.0001,0.1698,1.0,0.317
41023.36597442627,0.476,0.436,0.53,0.529,1.0,0.428,1.0,neutral,neutral,0.0,0.5,True,hesitant,1683.67,861045.88,0.0001,0.1698,1.0,0.317
41051.91469192505,0.484,0.446,0.53,0.543,1.0,0.476,1.0,neutral,neutral,0.0,0.5,True,hesitant,1683.67,861045.88,0.0001,0.1698,1.0,0.317
41086.98654174805,0.486,0.449,0.53,0.548,1.0,0.493,1.0,neutral,neutral,0.0,0.5,True,hesitant,1683.67,861045.88,0.0001,0.1698,1.0,0.317
41116.48750305176,0.491,0.455,0.53,0.557,1.0,0.523,1.0,neutral,neutral,0.0,0.5,True,hesitant,1683.67,861045.88,0.0001,0.1698,1.0,0.317
41144.158363342285,0.434,0.461,0.629,0.475,1.0,0.537,1.0,neutral,neutral,0.519,0.275,True,hesitant,1683.67,861045.88,0.0001,0.1698,1.0,0.317
41248.85416030884,0.446,0.476,0.629,0.499,1.0,0.617,1.0,neutral,neutral,0.519,0.275,True,hesitant,1683.67,861045.88,0.0001,0.1698,1.0,0.317
41276.57985687256,0.444,0.473,0.629,0.494,1.0,0.601,1.0,neutral,neutral,0.519,0.275,True,hesitant,1683.67,861045.88,0.0001,0.1698,1.0,0.317
41306.379556655884,0.505,0.472,0.53,0.583,1.0,0.61,1.0,neutral,neutral,0.0,0.5,True,hesitant,1683.67,861045.88,0.0001,0.1698,1.0,0.317
41356.96816444397,0.498,0.464,0.53,0.571,1.0,0.569,1.0,neutral,neutral,0.0,0.5,True,hesitant,1683.67,861045.88,0.0001,0.1698,1.0,0.317
41393.03660392761,0.496,0.462,0.53,0.567,1.0,0.557,1.0,neutral,neutral,0.0,0.5,True,hesitant,1683.67,861045.88,0.0001,0.1698,1.0,0.317
41426.48386955261,0.497,0.463,0.53,0.569,1.0,0.563,1.0,neutral,neutral,0.0,0.5,True,hesitant,1683.67,861045.88,0.0001,0.1698,1.0,0.317
41470.507860183716,0.527,0.499,0.53,0.626,1.0,0.752,1.0,neutral,neutral,0.0,0.5,True,hesitant,1683.67,861045.88,0.0001,0.1698,1.0,0.317
41507.01451301575,0.52,0.491,0.537,0.619,1.0,0.728,1.0,neutral,neutral,0.0,0.5,True,hesitant,1509.03,1014743.92,0.0001,0.1592,1.0,0.335
41543.55502128601,0.509,0.479,0.537,0.599,1.0,0.662,1.0,neutral,neutral,0.0,0.5,True,hesitant,1509.03,1014743.92,0.0001,0.1592,1.0,0.335
41581.666707992554,0.504,0.472,0.537,0.588,1.0,0.626,1.0,neutral,neutral,0.0,0.5,True,hesitant,1509.03,1014743.92,0.0001,0.1592,1.0,0.335
41617.18726158142,0.485,0.45,0.537,0.553,1.0,0.508,1.0,neutral,neutral,0.0,0.5,True,hesitant,1509.03,1014743.92,0.0001,0.1592,1.0,0.335
41647.89128303528,0.487,0.452,0.537,0.555,1.0,0.516,1.0,neutral,neutral,0.0,0.5,True,hesitant,1509.03,1014743.92,0.0001,0.1592,1.0,0.335
41688.86923789978,0.477,0.442,0.537,0.533,1.0,0.441,0.977,neutral,neutral,0.0,0.5,True,hesitant,1509.03,1014743.92,0.0001,0.1592,1.0,0.335
41721.10605239868,0.484,0.451,0.537,0.547,1.0,0.489,0.978,neutral,neutral,0.0,0.5,True,hesitant,1509.03,1014743.92,0.0001,0.1592,1.0,0.335
41753.498554229736,0.438,0.459,0.62,0.48,1.0,0.536,1.0,neutral,neutral,0.504,0.262,True,hesitant,1509.03,1014743.92,0.0001,0.1592,1.0,0.335
41899.49655532837,0.423,0.442,0.62,0.452,1.0,0.441,1.0,neutral,neutral,0.504,0.262,True,hesitant,1509.03,1014743.92,0.0001,0.1592,1.0,0.335
41931.94580078125,0.428,0.447,0.62,0.461,1.0,0.472,1.0,neutral,neutral,0.504,0.262,True,hesitant,1509.03,1014743.92,0.0001,0.1592,1.0,0.335
41962.41998672485,0.414,0.434,0.614,0.425,1.0,0.387,1.0,neutral,neutral,0.493,0.293,True,hesitant,1509.03,1014743.92,0.0001,0.1592,1.0,0.335
42090.142250061035,0.424,0.445,0.614,0.443,1.0,0.445,1.0,neutral,neutral,0.493,0.293,True,hesitant,1509.03,1014743.92,0.0001,0.1592,1.0,0.335
42119.487285614014,0.435,0.458,0.614,0.466,1.0,0.522,1.0,neutral,neutral,0.493,0.293,True,hesitant,1509.03,1014743.92,0.0001,0.1592,1.0,0.335
42151.56579017639,0.482,0.448,0.537,0.543,1.0,0.476,0.977,neutral,neutral,0.0,0.5,True,hesitant,1509.03,1014743.92,0.0001,0.1592,1.0,0.335
42189.08619880676,0.482,0.448,0.537,0.545,1.0,0.481,0.984,neutral,neutral,0.0,0.5,True,hesitant,1509.03,1014743.92,0.0001,0.1592,1.0,0.335
42217.726945877075,0.484,0.453,0.537,0.545,1.0,0.482,0.959,neutral,neutral,0.0,0.5,True,hesitant,1509.03,1014743.92,0.0001,0.1592,1.0,0.335
42247.86353111267,0.484,0.454,0.537,0.544,1.0,0.48,0.954,neutral,neutral,0.0,0.5,True,hesitant,1509.03,1014743.92,0.0001,0.1592,1.0,0.335
42287.61553764343,0.487,0.46,0.537,0.547,1.0,0.489,0.927,neutral,neutral,0.0,0.5,True,hesitant,1509.03,1014743.92,0.0001,0.1592,1.0,0.335
42316.685914993286,0.485,0.454,0.537,0.547,1.0,0.489,0.963,neutral,neutral,0.0,0.5,True,hesitant,1509.03,1014743.92,0.0001,0.1592,1.0,0.335
42349.05910491943,0.449,0.482,0.625,0.496,1.0,0.568,0.893,neutral,disgust,0.517,0.244,True,hesitant,1509.03,1014743.92,0.0001,0.1592,1.0,0.335
42473.843812942505,0.454,0.488,0.625,0.507,1.0,0.603,0.896,neutral,disgust,0.517,0.244,True,hesitant,1509.03,1014743.92,0.0001,0.1592,1.0,0.335
42504.87780570984,0.463,0.507,0.625,0.514,1.0,0.625,0.811,neutral,disgust,0.517,0.244,True,hesitant,1509.03,1014743.92,0.0001,0.1592,1.0,0.335
42533.25009346008,0.465,0.52,0.62,0.499,1.0,0.595,0.713,neutral,neutral,0.506,0.269,True,hesitant,1509.03,1014743.92,0.0001,0.1592,1.0,0.335
42647.472858428955,0.46,0.514,0.62,0.49,1.0,0.567,0.716,neutral,neutral,0.506,0.269,True,hesitant,1509.03,1014743.92,0.0001,0.1592,1.0,0.335
42675.734758377075,0.46,0.504,0.62,0.501,1.0,0.603,0.808,neutral,neutral,0.506,0.269,True,hesitant,1509.03,1014743.92,0.0001,0.1592,1.0,0.335
42703.51028442383,0.464,0.512,0.618,0.503,1.0,0.622,0.784,neutral,neutral,0.503,0.277,True,hesitant,1509.03,1014743.92,0.0001,0.1592,1.0,0.335
42814.61024284363,0.46,0.505,0.618,0.5,1.0,0.609,0.809,neutral,neutral,0.503,0.277,True,hesitant,1509.03,1014743.92,0.0001,0.1592,1.0,0.335
42841.272592544556,0.458,0.508,0.618,0.487,1.0,0.567,0.755,neutral,neutral,0.503,0.277,True,hesitant,1509.03,1014743.92,0.0001,0.1592,1.0,0.335
42871.55342102051,0.508,0.504,0.537,0.566,1.0,0.551,0.752,neutral,neutral,0.0,0.5,True,hesitant,1509.03,1014743.92,0.0001,0.1592,1.0,0.335
42908.26177597046,0.501,0.491,0.537,0.557,1.0,0.523,0.796,neutral,neutral,0.0,0.5,True,hesitant,1509.03,1014743.92,0.0001,0.1592,1.0,0.335
42935.64820289612,0.502,0.492,0.537,0.558,1.0,0.526,0.792,neutral,neutral,0.0,0.5,True,hesitant,1509.03,1014743.92,0.0001,0.1592,1.0,0.335
42965.40665626526,0.43,0.466,0.62,0.447,1.0,0.445,0.873,neutral,neutral,0.509,0.273,True,hesitant,1509.03,1014743.92,0.0001,0.1592,1.0,0.335
43085.4115486145,0.436,0.476,0.62,0.456,1.0,0.473,0.84,neutral,neutral,0.509,0.273,True,hesitant,1509.03,1014743.92,0.0001,0.1592,1.0,0.335
43149.84035491943,0.439,0.478,0.62,0.461,1.0,0.49,0.845,neutral,neutral,0.509,0.273,True,hesitant,1509.03,1014743.92,0.0001,0.1592,1.0,0.335
43190.67645072937,0.444,0.497,0.627,0.464,1.0,0.517,0.76,neutral,neutral,0.497,0.292,True,hesitant,1553.77,993141.99,0.0001,0.1723,1.0,0.313
43339.90454673767,0.436,0.49,0.627,0.447,1.0,0.46,0.744,neutral,neutral,0.497,0.292,True,hesitant,1553.77,993141.99,0.0001,0.1723,1.0,0.313
43367.01512336731,0.437,0.493,0.627,0.446,1.0,0.455,0.721,neutral,neutral,0.497,0.292,True,hesitant,1553.77,993141.99,0.0001,0.1723,1.0,0.313
43395.750284194946,0.439,0.492,0.625,0.451,1.0,0.471,0.741,neutral,neutral,0.491,0.291,True,hesitant,1553.77,993141.99,0.0001,0.1723,1.0,0.313
43530.12800216675,0.44,0.503,0.625,0.444,1.0,0.448,0.656,neutral,neutral,0.491,0.291,True,hesitant,1553.77,993141.99,0.0001,0.1723,1.0,0.313
43560.2867603302,0.441,0.499,0.625,0.45,1.0,0.468,0.699,neutral,neutral,0.491,0.291,True,hesitant,1553.77,993141.99,0.0001,0.1723,1.0,0.313
43590.53039550781,0.498,0.502,0.544,0.541,1.0,0.47,0.675,neutral,neutral,0.0,0.5,True,hesitant,1553.77,993141.99,0.0001,0.1723,1.0,0.313
43630.42426109314,0.49,0.493,0.544,0.526,1.0,0.419,0.67,neutral,neutral,0.0,0.5,True,hesitant,1553.77,993141.99,0.0001,0.1723,1.0,0.313
43668.24007034302,0.49,0.493,0.544,0.526,1.0,0.42,0.671,neutral,neutral,0.0,0.5,True,hesitant,1553.77,993141.99,0.0001,0.1723,1.0,0.313
43697.86763191223,0.493,0.489,0.544,0.542,1.0,0.474,0.749,neutral,neutral,0.0,0.5,True,hesitant,1553.77,993141.99,0.0001,0.1723,1.0,0.313
43739.16220664978,0.493,0.483,0.544,0.548,1.0,0.491,0.792,neutral,neutral,0.0,0.5,True,hesitant,1553.77,993141.99,0.0001,0.1723,1.0,0.313
43769.47259902954,0.502,0.507,0.544,0.549,1.0,0.495,0.672,neutral,neutral,0.0,0.5,True,hesitant,1553.77,993141.99,0.0001,0.1723,1.0,0.313
43802.23798751831,0.439,0.498,0.631,0.452,1.0,0.443,0.678,neutral,neutral,0.504,0.273,True,hesitant,1553.77,993141.99,0.0001,0.1723,1.0,0.313
43953.643560409546,0.435,0.489,0.631,0.448,1.0,0.43,0.714,neutral,neutral,0.504,0.273,True,hesitant,1553.77,993141.99,0.0001,0.1723,1.0,0.313
43984.071493148804,0.446,0.501,0.631,0.471,1.0,0.508,0.722,neutral,neutral,0.504,0.273,True,hesitant,1553.77,993141.99,0.0001,0.1723,1.0,0.313
44015.43974876404,0.449,0.503,0.627,0.475,1.0,0.532,0.736,neutral,neutral,0.494,0.28,True,hesitant,1553.77,993141.99,0.0001,0.1723,1.0,0.313
44148.666858673096,0.433,0.469,0.627,0.46,1.0,0.482,0.879,neutral,neutral,0.494,0.28,True,hesitant,1553.77,993141.99,0.0001,0.1723,1.0,0.313
44177.6647567749,0.428,0.46,0.627,0.454,1.0,0.463,0.909,neutral,neutral,0.494,0.28,True,hesitant,1553.77,993141.99,0.0001,0.1723,1.0,0.313
44206.33292198181,0.429,0.456,0.63,0.468,1.0,0.481,0.943,neutral,disgust,0.498,0.268,True,hesitant,1553.77,993141.99,0.0001,0.1723,1.0,0.313
44323.65965843201,0.429,0.46,0.63,0.461,1.0,0.459,0.903,neutral,disgust,0.498,0.268,True,hesitant,1553.77,993141.99,0.0001,0.1723,1.0,0.313
44352.93984413147,0.422,0.451,0.63,0.45,1.0,0.422,0.916,neutral,disgust,0.498,0.268,True,hesitant,1553.77,993141.99,0.0001,0.1723,1.0,0.313
44383.29005241394,0.421,0.446,0.634,0.455,1.0,0.451,0.966,neutral,neutral,0.508,0.261,True,hesitant,1553.77,993141.99,0.0001,0.1723,1.0,0.313
44494.63438987732,0.419,0.445,0.634,0.45,1.0,0.436,0.958,neutral,neutral,0.508,0.261,True,hesitant,1553.77,993141.99,0.0001,0.1723,1.0,0.313
44522.7837562561,0.429,0.464,0.634,0.463,1.0,0.479,0.894,neutral,neutral,0.508,0.261,True,hesitant,1553.77,993141.99,0.0001,0.1723,1.0,0.313
44550.61888694763,0.431,0.467,0.626,0.457,1.0,0.492,0.899,neutral,neutral,0.493,0.29,True,hesitant,1553.77,993141.99,0.0001,0.1723,1.0,0.313
44671.9434261322,0.42,0.443,0.626,0.446,1.0,0.455,1.0,neutral,neutral,0.493,0.29,True,hesitant,1553.77,993141.99,0.0001,0.1723,1.0,0.313
44699.56970214844,0.417,0.44,0.626,0.441,1.0,0.438,1.0,neutral,neutral,0.493,0.29,True,hesitant,1553.77,993141.99,0.0001,0.1723,1.0,0.313
44728.89494895935,0.422,0.445,0.625,0.45,1.0,0.462,0.993,neutral,neutral,0.489,0.282,True,hesitant,1553.77,993141.99,0.0001,0.1723,1.0,0.313
44846.19855880737,0.429,0.453,0.625,0.465,1.0,0.512,0.998,neutral,neutral,0.489,0.282,True,hesitant,1553.77,993141.99,0.0001,0.1723,1.0,0.313
44885.23769378662,0.433,0.459,0.625,0.472,1.0,0.534,0.986,neutral,neutral,0.489,0.282,True,hesitant,1553.77,993141.99,0.0001,0.1723,1.0,0.313
44922.91617393494,0.461,0.512,0.607,0.481,1.0,0.581,0.849,neutral,neutral,0.497,0.294,True,hesitant,1582.21,915239.23,0.0001,0.1728,1.0,0.312
45083.68992805481,0.466,0.525,0.607,0.482,1.0,0.585,0.787,neutral,neutral,0.497,0.294,True,hesitant,1582.21,915239.23,0.0001,0.1728,1.0,0.312
45111.84048652649,0.474,0.541,0.607,0.489,1.0,0.607,0.726,neutral,neutral,0.497,0.294,True,hesitant,1582.21,915239.23,0.0001,0.1728,1.0,0.312
45138.585567474365,0.478,0.539,0.604,0.501,1.0,0.627,0.758,neutral,neutral,0.485,0.278,True,hesitant,1582.21,915239.23,0.0001,0.1728,1.0,0.312
45262.69745826721,0.469,0.53,0.604,0.484,1.0,0.571,0.746,neutral,neutral,0.485,0.278,True,hesitant,1582.21,915239.23,0.0001,0.1728,1.0,0.312
45293.11990737915,0.464,0.527,0.604,0.471,1.0,0.528,0.717,neutral,neutral,0.485,0.278,True,hesitant,1582.21,915239.23,0.0001,0.1728,1.0,0.312
45333.21666717529,0.464,0.53,0.608,0.47,1.0,0.531,0.707,neutral,neutral,0.495,0.283,True,hesitant,1582.21,915239.23,0.0001,0.1728,1.0,0.312
45448.1155872345,0.479,0.558,0.608,0.488,1.0,0.593,0.624,neutral,neutral,0.495,0.283,True,hesitant,1582.21,915239.23,0.0001,0.1728,1.0,0.312
45475.94428062439,0.478,0.561,0.608,0.48,1.0,0.564,0.584,neutral,neutral,0.495,0.283,True,hesitant,1582.21,915239.23,0.0001,0.1728,1.0,0.312
45505.60259819031,0.482,0.574,0.609,0.48,1.0,0.549,0.502,neutral,neutral,0.494,0.274,True,hesitant,1582.21,915239.23,0.0001,0.1728,1.0,0.312
45615.90266227722,0.459,0.536,0.609,0.449,1.0,0.444,0.588,neutral,neutral,0.494,0.274,True,hesitant,1582.21,915239.23,0.0001,0.1728,1.0,0.312
45641.68071746826,0.451,0.528,0.609,0.43,1.0,0.382,0.566,neutral,neutral,0.494,0.274,True,hesitant,1582.21,915239.23,0.0001,0.1728,1.0,0.312
45668.511629104614,0.453,0.533,0.612,0.436,1.0,0.38,0.536,neutral,neutral,0.499,0.266,True,hesitant,1582.21,915239.23,0.0001,0.1728,1.0,0.312
45793.04242134094,0.445,0.513,0.612,0.433,1.0,0.368,0.626,neutral,neutral,0.499,0.266,True,hesitant,1582.21,915239.23,0.0001,0.1728,1.0,0.312
45821.168184280396,0.446,0.509,0.612,0.439,1.0,0.388,0.667,neutral,neutral,0.499,0.266,True,hesitant,1582.21,915239.23,0.0001,0.1728,1.0,0.312
45849.35760498047,0.513,0.51,0.487,0.516,1.0,0.387,0.656,neutral,neutral,0.0,0.5,True,hesitant,1582.21,915239.23,0.0001,0.1728,1.0,0.312
45880.9027671814,0.512,0.508,0.487,0.515,1.0,0.381,0.658,neutral,neutral,0.0,0.5,True,hesitant,1582.21,915239.23,0.0001,0.1728,1.0,0.312
45908.01906585693,0.511,0.498,0.487,0.523,1.0,0.409,0.736,neutral,neutral,0.0,0.5,True,hesitant,1582.21,915239.23,0.0001,0.1728,1.0,0.312
45935.423612594604,0.517,0.506,0.487,0.535,1.0,0.448,0.737,neutral,neutral,0.0,0.5,True,hesitant,1582.21,915239.23,0.0001,0.1728,1.0,0.312
45969.8383808136,0.515,0.501,0.487,0.533,1.0,0.443,0.752,neutral,neutral,0.0,0.5,True,hesitant,1582.21,915239.23,0.0001,0.1728,1.0,0.312
46000.794649124146,0.516,0.503,0.487,0.535,1.0,0.449,0.753,neutral,neutral,0.0,0.5,True,hesitant,1582.21,915239.23,0.0001,0.1728,1.0,0.312
46031.129360198975,0.518,0.49,0.487,0.557,1.0,0.523,0.885,neutral,neutral,0.0,0.5,True,hesitant,1582.21,915239.23,0.0001,0.1728,1.0,0.312
46071.44117355347,0.512,0.479,0.487,0.548,1.0,0.491,0.907,neutral,neutral,0.0,0.5,True,hesitant,1582.21,915239.23,0.0001,0.1728,1.0,0.312
46109.539270401,0.516,0.492,0.487,0.549,1.0,0.496,0.852,neutral,neutral,0.0,0.5,True,hesitant,1582.21,915239.23,0.0001,0.1728,1.0,0.312
46146.7399597168,0.524,0.513,0.487,0.549,1.0,0.495,0.748,neutral,neutral,0.0,0.5,True,hesitant,1582.21,915239.23,0.0001,0.1728,1.0,0.312
46181.56719207764,0.52,0.502,0.487,0.55,1.0,0.498,0.806,neutral,neutral,0.0,0.5,True,hesitant,1582.21,915239.23,0.0001,0.1728,1.0,0.312
46212.95189857483,0.522,0.503,0.487,0.556,1.0,0.519,0.823,neutral,neutral,0.0,0.5,True,hesitant,1582.21,915239.23,0.0001,0.1728,1.0,0.312
46241.61791801453,0.523,0.506,0.487,0.553,1.0,0.509,0.799,neutral,neutral,0.0,0.5,True,hesitant,1582.21,915239.23,0.0001,0.1728,1.0,0.312
46276.95918083191,0.52,0.501,0.487,0.549,1.0,0.496,0.806,neutral,neutral,0.0,0.5,True,hesitant,1582.21,915239.23,0.0001,0.1728,1.0,0.312
46306.70499801636,0.522,0.506,0.487,0.551,1.0,0.504,0.794,neutral,neutral,0.0,0.5,True,hesitant,1582.21,915239.23,0.0001,0.1728,1.0,0.312
46344.29383277893,0.52,0.502,0.487,0.55,1.0,0.5,0.805,neutral,neutral,0.0,0.5,True,hesitant,1582.21,915239.23,0.0001,0.1728,1.0,0.312
46380.44595718384,0.527,0.526,0.487,0.545,1.0,0.483,0.676,neutral,neutral,0.0,0.5,True,hesitant,1582.21,915239.23,0.0001,0.1728,1.0,0.312
46407.91940689087,0.528,0.53,0.487,0.543,1.0,0.475,0.648,neutral,neutral,0.0,0.5,True,hesitant,1582.21,915239.23,0.0001,0.1728,1.0,0.312
46438.740730285645,0.534,0.542,0.487,0.548,1.0,0.494,0.613,neutral,neutral,0.0,0.5,True,hesitant,1582.21,915239.23,0.0001,0.1728,1.0,0.312
46474.38406944275,0.532,0.539,0.487,0.545,1.0,0.484,0.614,neutral,neutral,0.0,0.5,True,hesitant,1582.21,915239.23,0.0001,0.1728,1.0,0.312
46505.97548484802,0.546,0.573,0.487,0.553,1.0,0.509,0.481,neutral,neutral,0.0,0.5,True,hesitant,1582.21,915239.23,0.0001,0.1728,1.0,0.312
46550.776958465576,0.564,0.597,0.487,0.584,1.0,0.613,0.471,neutral,neutral,0.0,0.5,True,hesitant,1582.21,915239.23,0.0001,0.1728,1.0,0.312
46585.21890640259,0.556,0.588,0.487,0.57,1.0,0.565,0.465,neutral,neutral,0.0,0.5,True,hesitant,1582.21,915239.23,0.0001,0.1728,1.0,0.312
46616.13702774048,0.551,0.578,0.487,0.563,1.0,0.542,0.493,neutral,neutral,0.0,0.5,True,hesitant,1582.21,915239.23,0.0001,0.1728,1.0,0.312
46663.96188735962,0.548,0.577,0.487,0.554,1.0,0.514,0.469,neutral,neutral,0.0,0.5,True,hesitant,1582.21,915239.23,0.0001,0.1728,1.0,0.312
46710.673570632935,0.55,0.58,0.487,0.557,1.0,0.521,0.462,neutral,neutral,0.0,0.5,True,hesitant,1582.21,915239.23,0.0001,0.1728,1.0,0.312
46746.75965309143,0.547,0.577,0.487,0.552,1.0,0.506,0.459,neutral,neutral,0.0,0.5,True,hesitant,1582.21,915239.23,0.0001,0.1728,1.0,0.312
46786.500692367554,0.552,0.585,0.487,0.558,1.0,0.527,0.439,neutral,neutral,0.0,0.5,True,hesitant,1582.21,915239.23,0.0001,0.1728,1.0,0.312
46834.84601974487,0.522,0.554,0.531,0.548,1.0,0.492,0.468,neutral,neutral,0.0,0.5,True,hesitant,1674.49,868877.45,0.0,0.1796,1.0,0.301
46869.34399604797,0.523,0.552,0.531,0.553,1.0,0.509,0.493,neutral,neutral,0.0,0.5,True,hesitant,1674.49,868877.45,0.0,0.1796,1.0,0.301
46893.885135650635,0.5,0.519,0.531,0.513,1.0,0.378,0.529,neutral,neutral,0.0,0.5,True,hesitant,1674.49,868877.45,0.0,0.1796,1.0,0.301
46929.66723442078,0.494,0.511,0.531,0.504,1.0,0.348,0.542,neutral,neutral,0.0,0.5,True,hesitant,1674.49,868877.45,0.0,0.1796,1.0,0.301
46962.18991279602,0.496,0.512,0.531,0.509,1.0,0.363,0.551,neutral,neutral,0.0,0.5,True,hesitant,1674.49,868877.45,0.0,0.1796,1.0,0.301
46991.918325424194,0.516,0.535,0.531,0.548,1.0,0.494,0.563,neutral,neutral,0.0,0.5,True,hesitant,1674.49,868877.45,0.0,0.1796,1.0,0.301
47025.416135787964,0.516,0.536,0.531,0.548,1.0,0.492,0.559,neutral,neutral,0.0,0.5,True,hesitant,1674.49,868877.45,0.0,0.1796,1.0,0.301
47054.89420890808,0.518,0.54,0.531,0.548,1.0,0.494,0.54,neutral,neutral,0.0,0.5,True,hesitant,1674.49,868877.45,0.0,0.1796,1.0,0.301
47083.845376968384,0.509,0.526,0.531,0.536,1.0,0.453,0.569,neutral,neutral,0.0,0.5,True,hesitant,1674.49,868877.45,0.0,0.1796,1.0,0.301
47118.39246749878,0.503,0.513,0.531,0.53,1.0,0.432,0.616,neutral,neutral,0.0,0.5,True,hesitant,1674.49,868877.45,0.0,0.1796,1.0,0.301
47148.305892944336,0.505,0.52,0.531,0.531,1.0,0.437,0.58,neutral,neutral,0.0,0.5,True,hesitant,1674.49,868877.45,0.0,0.1796,1.0,0.301
47177.51955986023,0.512,0.524,0.531,0.548,1.0,0.495,0.62,neutral,neutral,0.0,0.5,True,hesitant,1674.49,868877.45,0.0,0.1796,1.0,0.301
47215.05069732666,0.514,0.533,0.531,0.544,1.0,0.481,0.563,neutral,neutral,0.0,0.5,True,hesitant,1674.49,868877.45,0.0,0.1796,1.0,0.301
47246.16742134094,0.522,0.537,0.531,0.565,1.0,0.551,0.61,neutral,neutral,0.0,0.5,True,hesitant,1674.49,868877.45,0.0,0.1796,1.0,0.301
47277.090072631836,0.528,0.543,0.531,0.578,1.0,0.592,0.623,neutral,neutral,0.0,0.5,True,hesitant,1674.49,868877.45,0.0,0.1796,1.0,0.301
47315.144300460815,0.533,0.554,0.531,0.583,1.0,0.611,0.584,neutral,neutral,0.0,0.5,True,hesitant,1674.49,868877.45,0.0,0.1796,1.0,0.301
47343.96004676819,0.52,0.541,0.531,0.556,1.0,0.519,0.56,neutral,neutral,0.0,0.5,True,hesitant,1674.49,868877.45,0.0,0.1796,1.0,0.301
47379.48727607727,0.525,0.542,0.531,0.57,1.0,0.566,0.602,neutral,neutral,0.0,0.5,True,hesitant,1674.49,868877.45,0.0,0.1796,1.0,0.301
47414.76345062256,0.494,0.501,0.531,0.515,1.0,0.382,0.623,neutral,neutral,0.0,0.5,True,hesitant,1674.49,868877.45,0.0,0.1796,1.0,0.301
47445.50848007202,0.495,0.501,0.531,0.518,1.0,0.392,0.633,neutral,neutral,0.0,0.5,True,hesitant,1674.49,868877.45,0.0,0.1796,1.0,0.301
47478.920459747314,0.421,0.48,0.623,0.404,1.0,0.317,0.679,neutral,neutral,0.488,0.293,True,hesitant,1674.49,868877.45,0.0,0.1796,1.0,0.301
47620.50724029541,0.421,0.474,0.623,0.412,1.0,0.344,0.743,neutral,neutral,0.488,0.293,True,hesitant,1674.49,868877.45,0.0,0.1796,1.0,0.301
47649.714946746826,0.426,0.482,0.623,0.417,1.0,0.358,0.716,neutral,neutral,0.488,0.293,True,hesitant,1674.49,868877.45,0.0,0.1796,1.0,0.301
47685.683488845825,0.43,0.492,0.627,0.423,1.0,0.367,0.665,neutral,neutral,0.495,0.284,True,hesitant,1674.49,868877.45,0.0,0.1796,1.0,0.301
47847.50247001648,0.423,0.482,0.627,0.413,1.0,0.331,0.683,neutral,neutral,0.495,0.284,True,hesitant,1674.49,868877.45,0.0,0.1796,1.0,0.301
47878.8788318634,0.434,0.496,0.627,0.432,1.0,0.395,0.671,neutral,neutral,0.495,0.284,True,hesitant,1674.49,868877.45,0.0,0.1796,1.0,0.301
47908.10751914978,0.489,0.483,0.531,0.518,1.0,0.395,0.728,neutral,neutral,0.0,0.5,True,hesitant,1674.49,868877.45,0.0,0.1796,1.0,0.301
47946.73228263855,0.489,0.491,0.531,0.509,1.0,0.363,0.656,neutral,neutral,0.0,0.5,True,hesitant,1674.49,868877.45,0.0,0.1796,1.0,0.301
47979.713439941406,0.492,0.501,0.531,0.51,1.0,0.367,0.609,neutral,neutral,0.0,0.5,True,hesitant,1674.49,868877.45,0.0,0.1796,1.0,0.301
48013.30614089966,0.425,0.49,0.636,0.421,1.0,0.34,0.644,neutral,neutral,0.511,0.259,True,hesitant,1674.49,868877.45,0.0,0.1796,1.0,0.301
48151.07440948486,0.409,0.466,0.636,0.396,1.0,0.257,0.689,neutral,neutral,0.511,0.259,True,hesitant,1674.49,868877.45,0.0,0.1796,1.0,0.301
48186.29336357117,0.443,0.508,0.636,0.458,1.0,0.463,0.67,neutral,neutral,0.511,0.259,True,hesitant,1674.49,868877.45,0.0,0.1796,1.0,0.301
48219.22779083252,0.506,0.511,0.531,0.542,1.0,0.475,0.664,neutral,neutral,0.0,0.5,True,hesitant,1674.49,868877.45,0.0,0.1796,1.0,0.301
48263.74101638794,0.499,0.502,0.531,0.531,1.0,0.438,0.676,neutral,neutral,0.0,0.5,True,hesitant,1674.49,868877.45,0.0,0.1796,1.0,0.301
48293.27344894409,0.51,0.518,0.531,0.548,1.0,0.493,0.649,neutral,neutral,0.0,0.5,True,hesitant,1674.49,868877.45,0.0,0.1796,1.0,0.301
48324.75233078003,0.452,0.527,0.627,0.455,1.0,0.485,0.6,neutral,neutral,0.495,0.28,True,hesitant,1674.49,868877.45,0.0,0.1796,1.0,0.301
48550.83394050598,0.458,0.535,0.627,0.468,1.0,0.526,0.593,neutral,neutral,0.495,0.28,True,hesitant,1674.49,868877.45,0.0,0.1796,1.0,0.301
48590.63649177551,0.47,0.545,0.602,0.465,1.0,0.516,0.622,neutral,neutral,0.495,0.28,True,hesitant,2108.22,328428.42,0.0,0.2016,1.0,0.326
48626.1887550354,0.519,0.517,0.483,0.523,1.0,0.409,0.652,neutral,neutral,0.0,0.5,True,hesitant,2108.22,328428.42,0.0,0.2016,1.0,0.326
48661.58699989319,0.518,0.518,0.483,0.519,1.0,0.397,0.632,neutral,neutral,0.0,0.5,True,hesitant,2108.22,328428.42,0.0,0.2016,1.0,0.326
48689.778327941895,0.536,0.548,0.483,0.543,1.0,0.476,0.571,neutral,neutral,0.0,0.5,True,hesitant,2108.22,328428.42,0.0,0.2016,1.0,0.326
48721.330881118774,0.535,0.543,0.483,0.546,1.0,0.486,0.605,neutral,neutral,0.0,0.5,True,hesitant,2108.22,328428.42,0.0,0.2016,1.0,0.326
48759.84787940979,0.538,0.548,0.483,0.551,1.0,0.502,0.598,neutral,neutral,0.0,0.5,True,hesitant,2108.22,328428.42,0.0,0.2016,1.0,0.326
48794.64077949524,0.534,0.541,0.483,0.546,1.0,0.486,0.615,neutral,neutral,0.0,0.5,True,hesitant,2108.22,328428.42,0.0,0.2016,1.0,0.326
48824.38254356384,0.532,0.536,0.483,0.546,1.0,0.488,0.639,neutral,neutral,0.0,0.5,True,hesitant,2108.22,328428.42,0.0,0.2016,1.0,0.326
48861.62519454956,0.511,0.508,0.483,0.507,1.0,0.357,0.645,neutral,neutral,0.0,0.5,True,hesitant,2108.22,328428.42,0.0,0.2016,1.0,0.326
48892.868757247925,0.514,0.515,0.483,0.51,1.0,0.367,0.617,neutral,neutral,0.0,0.5,True,hesitant,2108.22,328428.42,0.0,0.2016,1.0,0.326
48949.59473609924,0.514,0.514,0.483,0.512,1.0,0.375,0.631,neutral,neutral,0.0,0.5,True,hesitant,2108.22,328428.42,0.0,0.2016,1.0,0.326
48990.42582511902,0.527,0.531,0.483,0.534,1.0,0.445,0.62,neutral,neutral,0.0,0.5,True,hesitant,2108.22,328428.42,0.0,0.2016,1.0,0.326
49017.95935630798,0.526,0.527,0.483,0.534,1.0,0.448,0.64,neutral,neutral,0.0,0.5,True,hesitant,2108.22,328428.42,0.0,0.2016,1.0,0.326
49046.57006263733,0.503,0.488,0.483,0.505,1.0,0.35,0.73,neutral,neutral,0.0,0.5,True,hesitant,2108.22,328428.42,0.0,0.2016,1.0,0.326
49080.67440986633,0.508,0.5,0.483,0.507,1.0,0.355,0.677,neutral,neutral,0.0,0.5,True,hesitant,2108.22,328428.42,0.0,0.2016,1.0,0.326
49112.5590801239,0.517,0.509,0.483,0.528,1.0,0.428,0.708,neutral,neutral,0.0,0.5,True,hesitant,2108.22,328428.42,0.0,0.2016,1.0,0.326
49143.99743080139,0.448,0.506,0.605,0.443,1.0,0.427,0.73,neutral,neutral,0.502,0.277,True,hesitant,2108.22,328428.42,0.0,0.2016,1.0,0.326
49286.74221038818,0.446,0.5,0.605,0.444,1.0,0.431,0.764,neutral,neutral,0.502,0.277,True,hesitant,2108.22,328428.42,0.0,0.2016,1.0,0.326
49314.9619102478,0.45,0.508,0.605,0.447,1.0,0.44,0.729,neutral,neutral,0.502,0.277,True,hesitant,2108.22,328428.42,0.0,0.2016,1.0,0.326
49349.2329120636,0.519,0.503,0.483,0.541,1.0,0.469,0.778,neutral,neutral,0.0,0.5,True,hesitant,2108.22,328428.42,0.0,0.2016,1.0,0.326
49387.00294494629,0.524,0.511,0.483,0.546,1.0,0.487,0.759,neutral,neutral,0.0,0.5,True,hesitant,2108.22,328428.42,0.0,0.2016,1.0,0.326
49416.70536994934,0.528,0.526,0.483,0.544,1.0,0.481,0.681,neutral,neutral,0.0,0.5,True,hesitant,2108.22,328428.42,0.0,0.2016,1.0,0.326
49453.59539985657,0.528,0.527,0.483,0.542,1.0,0.475,0.672,neutral,neutral,0.0,0.5,True,hesitant,2108.22,328428.42,0.0,0.2016,1.0,0.326
49489.208459854126,0.517,0.511,0.483,0.524,1.0,0.412,0.686,neutral,neutral,0.0,0.5,True,hesitant,2108.22,328428.42,0.0,0.2016,1.0,0.326
49518.62192153931,0.512,0.495,0.483,0.525,1.0,0.416,0.764,neutral,neutral,0.0,0.5,True,hesitant,2108.22,328428.42,0.0,0.2016,1.0,0.326
49548.22254180908,0.494,0.467,0.483,0.499,1.0,0.33,0.808,neutral,neutral,0.0,0.5,True,hesitant,2108.22,328428.42,0.0,0.2016,1.0,0.326
49582.95035362244,0.492,0.461,0.483,0.498,1.0,0.326,0.837,neutral,neutral,0.0,0.5,True,hesitant,2108.22,328428.42,0.0,0.2016,1.0,0.326
49609.904289245605,0.513,0.495,0.483,0.531,1.0,0.438,0.785,neutral,neutral,0.0,0.5,True,hesitant,2108.22,328428.42,0.0,0.2016,1.0,0.326
49640.33555984497,0.51,0.488,0.483,0.527,1.0,0.422,0.807,neutral,neutral,0.0,0.5,True,hesitant,2108.22,328428.42,0.0,0.2016,1.0,0.326
49676.4554977417,0.512,0.499,0.483,0.521,1.0,0.404,0.734,neutral,neutral,0.0,0.5,True,hesitant,2108.22,328428.42,0.0,0.2016,1.0,0.326
49705.03282546997,0.51,0.492,0.483,0.522,1.0,0.406,0.77,neutral,neutral,0.0,0.5,True,hesitant,2108.22,328428.42,0.0,0.2016,1.0,0.326
49735.595703125,0.503,0.48,0.483,0.515,1.0,0.382,0.801,neutral,neutral,0.0,0.5,True,hesitant,2108.22,328428.42,0.0,0.2016,1.0,0.326
49776.386976242065,0.514,0.494,0.483,0.534,1.0,0.448,0.803,neutral,neutral,0.0,0.5,True,hesitant,2108.22,328428.42,0.0,0.2016,1.0,0.326
49808.25614929199,0.52,0.506,0.483,0.539,1.0,0.463,0.757,neutral,neutral,0.0,0.5,True,hesitant,2108.22,328428.42,0.0,0.2016,1.0,0.326
49838.53626251221,0.508,0.487,0.483,0.523,1.0,0.409,0.795,neutral,neutral,0.0,0.5,True,hesitant,2108.22,328428.42,0.0,0.2016,1.0,0.326
49880.72919845581,0.497,0.471,0.483,0.505,1.0,0.351,0.814,neutral,neutral,0.0,0.5,True,hesitant,2108.22,328428.42,0.0,0.2016,1.0,0.326
49912.90187835693,0.493,0.467,0.483,0.496,1.0,0.32,0.804,neutral,neutral,0.0,0.5,True,hesitant,2108.22,328428.42,0.0,0.2016,1.0,0.326
49946.31242752075,0.434,0.481,0.614,0.434,1.0,0.385,0.811,neutral,neutral,0.521,0.266,True,hesitant,2108.22,328428.42,0.0,0.2016,1.0,0.326
50071.41017913818,0.442,0.502,0.614,0.438,1.0,0.398,0.717,neutral,neutral,0.521,0.266,True,hesitant,2108.22,328428.42,0.0,0.2016,1.0,0.326
50108.195543289185,0.446,0.513,0.614,0.437,1.0,0.396,0.661,neutral,neutral,0.521,0.266,True,hesitant,2108.22,328428.42,0.0,0.2016,1.0,0.326
50136.566162109375,0.523,0.528,0.483,0.524,1.0,0.412,0.603,neutral,neutral,0.0,0.5,True,hesitant,2108.22,328428.42,0.0,0.2016,1.0,0.326
50176.27668380737,0.527,0.537,0.483,0.526,1.0,0.42,0.567,neutral,neutral,0.0,0.5,True,hesitant,2108.22,328428.42,0.0,0.2016,1.0,0.326
50217.77844429016,0.53,0.539,0.483,0.536,1.0,0.452,0.591,neutral,neutral,0.0,0.5,True,hesitant,2108.22,328428.42,0.0,0.2016,1.0,0.326
50256.34050369263,0.54,0.555,0.483,0.549,1.0,0.496,0.56,neutral,neutral,0.0,0.5,True,hesitant,2108.22,328428.42,0.0,0.2016,1.0,0.326
50297.23024368286,0.546,0.572,0.483,0.551,1.0,0.505,0.487,neutral,neutral,0.0,0.5,True,hesitant,2108.22,328428.42,0.0,0.2016,1.0,0.326
50328.855752944946,0.551,0.586,0.483,0.55,1.0,0.499,0.411,neutral,neutral,0.0,0.5,True,hesitant,2108.22,328428.42,0.0,0.2016,1.0,0.326
50363.664627075195,0.562,0.591,0.456,0.548,1.0,0.494,0.419,neutral,neutral,0.0,0.5,True,hesitant,1941.86,600885.53,0.0001,0.1844,1.0,0.386
50402.6415348053,0.557,0.58,0.456,0.545,1.0,0.484,0.461,neutral,neutral,0.0,0.5,True,hesitant,1941.86,600885.53,0.0001,0.1844,1.0,0.386
50430.15193939209,0.554,0.58,0.456,0.535,1.0,0.45,0.423,neutral,neutral,0.0,0.5,True,hesitant,1941.86,600885.53,0.0001,0.1844,1.0,0.386
50464.12396430969,0.484,0.574,0.578,0.452,1.0,0.444,0.434,neutral,neutral,0.516,0.266,True,hesitant,1941.86,600885.53,0.0001,0.1844,1.0,0.386
50575.59394836426,0.48,0.569,0.578,0.444,1.0,0.417,0.436,neutral,neutral,0.516,0.266,True,hesitant,1941.86,600885.53,0.0001,0.1844,1.0,0.386
50604.98118400574,0.487,0.579,0.578,0.456,1.0,0.457,0.423,neutral,neutral,0.516,0.266,True,hesitant,1941.86,600885.53,0.0001,0.1844,1.0,0.386
50633.25095176697,0.532,0.547,0.456,0.501,1.0,0.335,0.471,neutral,neutral,0.0,0.5,True,hesitant,1941.86,600885.53,0.0001,0.1844,1.0,0.386
50667.23108291626,0.525,0.53,0.456,0.498,1.0,0.324,0.544,neutral,neutral,0.0,0.5,True,hesitant,1941.86,600885.53,0.0001,0.1844,1.0,0.386
50695.476055145264,0.516,0.518,0.456,0.48,1.0,0.265,0.547,neutral,neutral,0.0,0.5,True,hesitant,1941.86,600885.53,0.0001,0.1844,1.0,0.386
50731.82487487793,0.518,0.519,0.456,0.487,1.0,0.289,0.562,neutral,neutral,0.0,0.5,True,hesitant,1941.86,600885.53,0.0001,0.1844,1.0,0.386
50768.556118011475,0.523,0.511,0.456,0.512,1.0,0.374,0.686,neutral,neutral,0.0,0.5,True,hesitant,1941.86,600885.53,0.0001,0.1844,1.0,0.386
50797.93310165405,0.522,0.507,0.456,0.514,1.0,0.379,0.713,neutral,neutral,0.0,0.5,True,hesitant,1941.86,600885.53,0.0001,0.1844,1.0,0.386
50826.173305511475,0.521,0.504,0.456,0.514,1.0,0.378,0.73,neutral,neutral,0.0,0.5,True,hesitant,1941.86,600885.53,0.0001,0.1844,1.0,0.386
50862.5750541687,0.522,0.501,0.456,0.521,1.0,0.402,0.769,neutral,neutral,0.0,0.5,True,hesitant,1941.86,600885.53,0.0001,0.1844,1.0,0.386
50891.693353652954,0.528,0.496,0.456,0.548,1.0,0.492,0.883,neutral,neutral,0.0,0.5,True,hesitant,1941.86,600885.53,0.0001,0.1844,1.0,0.386
50953.099489212036,0.495,0.444,0.456,0.497,1.0,0.322,0.97,neutral,neutral,0.0,0.5,True,hesitant,1941.86,600885.53,0.0001,0.1844,1.0,0.386
51004.93574142456,0.515,0.47,0.456,0.534,1.0,0.446,0.962,neutral,neutral,0.0,0.5,True,hesitant,1941.86,600885.53,0.0001,0.1844,1.0,0.386
51034.99531745911,0.522,0.481,0.456,0.545,1.0,0.481,0.943,neutral,neutral,0.0,0.5,True,hesitant,1941.86,600885.53,0.0001,0.1844,1.0,0.386
51061.97476387024,0.529,0.489,0.456,0.558,1.0,0.526,0.949,neutral,neutral,0.0,0.5,True,hesitant,1941.86,600885.53,0.0001,0.1844,1.0,0.386
51095.924615859985,0.528,0.487,0.456,0.557,1.0,0.524,0.956,neutral,neutral,0.0,0.5,True,hesitant,1941.86,600885.53,0.0001,0.1844,1.0,0.386
51125.391483306885,0.536,0.505,0.456,0.563,1.0,0.541,0.888,neutral,neutral,0.0,0.5,True,hesitant,1941.86,600885.53,0.0001,0.1844,1.0,0.386
51158.30445289612,0.47,0.509,0.576,0.477,1.0,0.545,0.879,neutral,neutral,0.513,0.291,True,hesitant,1941.86,600885.53,0.0001,0.1844,1.0,0.386
51266.80779457092,0.478,0.518,0.576,0.493,1.0,0.6,0.885,neutral,neutral,0.513,0.291,True,hesitant,1941.86,600885.53,0.0001,0.1844,1.0,0.386
51294.39663887024,0.485,0.521,0.576,0.515,1.0,0.671,0.94,neutral,neutral,0.513,0.291,True,hesitant,1941.86,600885.53,0.0001,0.1844,1.0,0.386
51352.365016937256,0.501,0.554,0.572,0.524,1.0,0.706,0.802,neutral,neutral,0.504,0.286,True,hesitant,1941.86,600885.53,0.0001,0.1844,1.0,0.386
51456.81095123291,0.499,0.555,0.572,0.518,1.0,0.688,0.777,neutral,neutral,0.504,0.286,True,hesitant,1941.86,600885.53,0.0001,0.1844,1.0,0.386
51484.10630226135,0.486,0.537,0.572,0.495,1.0,0.611,0.798,neutral,neutral,0.504,0.286,True,hesitant,1941.86,600885.53,0.0001,0.1844,1.0,0.386
51513.80443572998,0.489,0.54,0.558,0.483,1.0,0.583,0.755,neutral,neutral,0.468,0.291,True,hesitant,1941.86,600885.53,0.0001,0.1844,1.0,0.386
51625.752210617065,0.499,0.563,0.558,0.49,1.0,0.607,0.658,neutral,neutral,0.468,0.291,True,hesitant,1941.86,600885.53,0.0001,0.1844,1.0,0.386
51657.91630744934,0.482,0.549,0.558,0.452,1.0,0.48,0.604,neutral,neutral,0.468,0.291,True,hesitant,1941.86,600885.53,0.0001,0.1844,1.0,0.386
51689.33987617493,0.478,0.546,0.569,0.452,1.0,0.452,0.587,neutral,neutral,0.493,0.281,True,hesitant,1941.86,600885.53,0.0001,0.1844,1.0,0.386
51816.858530044556,0.467,0.529,0.569,0.435,1.0,0.398,0.626,neutral,neutral,0.493,0.281,True,hesitant,1941.86,600885.53,0.0001,0.1844,1.0,0.386
51852.82063484192,0.485,0.552,0.569,0.469,1.0,0.511,0.619,neutral,neutral,0.493,0.281,True,hesitant,1941.86,600885.53,0.0001,0.1844,1.0,0.386
51888.75389099121,0.479,0.545,0.567,0.456,1.0,0.46,0.603,neutral,neutral,0.486,0.271,True,hesitant,1941.86,600885.53,0.0001,0.1844,1.0,0.386
52106.51731491089,0.455,0.517,0.614,0.464,1.0,0.489,0.64,neutral,neutral,0.486,0.271,True,hesitant,2082.76,377891.12,0.0,0.1981,1.0,0.33
52145.99347114563,0.458,0.525,0.614,0.463,1.0,0.486,0.594,neutral,neutral,0.486,0.271,True,hesitant,2082.76,377891.12,0.0,0.1981,1.0,0.33
52180.12189865112,0.444,0.51,0.615,0.437,1.0,0.413,0.599,neutral,neutral,0.49,0.275,True,hesitant,2082.76,377891.12,0.0,0.1981,1.0,0.33
52298.951387405396,0.444,0.515,0.615,0.431,1.0,0.393,0.556,neutral,neutral,0.49,0.275,True,hesitant,2082.76,377891.12,0.0,0.1981,1.0,0.33
52330.296993255615,0.455,0.53,0.615,0.448,1.0,0.449,0.529,neutral,neutral,0.49,0.275,True,hesitant,2082.76,377891.12,0.0,0.1981,1.0,0.33
52365.352392196655,0.515,0.535,0.531,0.547,1.0,0.49,0.543,neutral,neutral,0.0,0.5,True,hesitant,2082.76,377891.12,0.0,0.1981,1.0,0.33
52400.48336982727,0.537,0.563,0.531,0.585,1.0,0.617,0.52,neutral,neutral,0.0,0.5,True,hesitant,2082.76,377891.12,0.0,0.1981,1.0,0.33
52430.22036552429,0.535,0.559,0.531,0.585,1.0,0.618,0.54,neutral,neutral,0.0,0.5,True,hesitant,2082.76,377891.12,0.0,0.1981,1.0,0.33
52459.6951007843,0.527,0.55,0.531,0.569,1.0,0.562,0.53,neutral,neutral,0.0,0.5,True,hesitant,2082.76,377891.12,0.0,0.1981,1.0,0.33
52495.617389678955,0.525,0.554,0.531,0.556,1.0,0.52,0.472,neutral,neutral,0.0,0.5,True,hesitant,2082.76,377891.12,0.0,0.1981,1.0,0.33
52522.80831336975,0.524,0.554,0.531,0.554,1.0,0.515,0.465,neutral,neutral,0.0,0.5,True,hesitant,2082.76,377891.12,0.0,0.1981,1.0,0.33
52552.36506462097,0.463,0.554,0.614,0.448,1.0,0.483,0.433,neutral,neutral,0.497,0.304,True,hesitant,2082.76,377891.12,0.0,0.1981,1.0,0.33
52696.91038131714,0.466,0.557,0.614,0.453,1.0,0.498,0.429,neutral,neutral,0.497,0.304,True,hesitant,2082.76,377891.12,0.0,0.1981,1.0,0.33
52727.184534072876,0.464,0.555,0.614,0.45,1.0,0.489,0.431,neutral,neutral,0.497,0.304,True,hesitant,2082.76,377891.12,0.0,0.1981,1.0,0.33
52763.88168334961,0.466,0.558,0.619,0.457,1.0,0.478,0.397,neutral,neutral,0.504,0.28,True,hesitant,2082.76,377891.12,0.0,0.1981,1.0,0.33
52895.25651931763,0.465,0.554,0.619,0.459,1.0,0.482,0.426,neutral,neutral,0.504,0.28,True,hesitant,2082.76,377891.12,0.0,0.1981,1.0,0.33
52922.60789871216,0.471,0.56,0.619,0.471,1.0,0.523,0.434,neutral,neutral,0.504,0.28,True,hesitant,2082.76,377891.12,0.0,0.1981,1.0,0.33
52955.53636550903,0.524,0.56,0.531,0.546,1.0,0.486,0.406,neutral,neutral,0.0,0.5,True,hesitant,2082.76,377891.12,0.0,0.1981,1.0,0.33
52993.67451667786,0.52,0.552,0.531,0.541,1.0,0.47,0.431,neutral,neutral,0.0,0.5,True,hesitant,2082.76,377891.12,0.0,0.1981,1.0,0.33
53022.81832695007,0.521,0.554,0.531,0.544,1.0,0.48,0.431,neutral,neutral,0.0,0.5,True,hesitant,2082.76,377891.12,0.0,0.1981,1.0,0.33
53053.56979370117,0.466,0.552,0.616,0.461,1.0,0.504,0.46,neutral,neutral,0.496,0.283,True,hesitant,2082.76,377891.12,0.0,0.1981,1.0,0.33
53179.66556549072,0.481,0.571,0.616,0.49,1.0,0.602,0.451,neutral,neutral,0.496,0.283,True,hesitant,2082.76,377891.12,0.0,0.1981,1.0,0.33
53208.62150192261,0.469,0.546,0.616,0.479,1.0,0.565,0.554,neutral,neutral,0.496,0.283,True,hesitant,2082.76,377891.12,0.0,0.1981,1.0,0.33
53237.268686294556,0.526,0.547,0.531,0.568,1.0,0.56,0.546,neutral,neutral,0.0,0.5,True,hesitant,2082.76,377891.12,0.0,0.1981,1.0,0.33
53273.847341537476,0.521,0.533,0.531,0.567,1.0,0.557,0.617,neutral,neutral,0.0,0.5,True,hesitant,2082.76,377891.12,0.0,0.1981,1.0,0.33
53302.91938781738,0.522,0.537,0.531,0.566,1.0,0.554,0.593,neutral,neutral,0.0,0.5,True,hesitant,2082.76,377891.12,0.0,0.1981,1.0,0.33
53335.0510597229,0.464,0.535,0.619,0.479,1.0,0.548,0.598,neutral,neutral,0.508,0.284,True,hesitant,2082.76,377891.12,0.0,0.1981,1.0,0.33
53456.51578903198,0.419,0.47,0.619,0.405,1.0,0.304,0.719,neutral,neutral,0.508,0.284,True,hesitant,2082.76,377891.12,0.0,0.1981,1.0,0.33
53482.96785354614,0.421,0.464,0.619,0.416,1.0,0.338,0.786,neutral,neutral,0.508,0.284,True,hesitant,2082.76,377891.12,0.0,0.1981,1.0,0.33
53512.76445388794,0.485,0.476,0.531,0.514,1.0,0.381,0.748,neutral,neutral,0.0,0.5,True,hesitant,2082.76,377891.12,0.0,0.1981,1.0,0.33
53549.418449401855,0.493,0.488,0.531,0.526,1.0,0.421,0.72,neutral,neutral,0.0,0.5,True,hesitant,2082.76,377891.12,0.0,0.1981,1.0,0.33
53578.83143424988,0.504,0.5,0.531,0.548,1.0,0.492,0.729,neutral,neutral,0.0,0.5,True,hesitant,2082.76,377891.12,0.0,0.1981,1.0,0.33
53610.33344268799,0.501,0.489,0.531,0.553,1.0,0.509,0.802,neutral,neutral,0.0,0.5,True,hesitant,2082.76,377891.12,0.0,0.1981,1.0,0.33
53647.07016944885,0.493,0.478,0.531,0.537,1.0,0.456,0.813,neutral,neutral,0.0,0.5,True,hesitant,2082.76,377891.12,0.0,0.1981,1.0,0.33
53677.32286453247,0.491,0.479,0.531,0.53,1.0,0.434,0.783,neutral,neutral,0.0,0.5,True,hesitant,2082.76,377891.12,0.0,0.1981,1.0,0.33
53719.32029724121,0.482,0.461,0.531,0.523,1.0,0.409,0.852,neutral,neutral,0.0,0.5,True,hesitant,2082.76,377891.12,0.0,0.1981,1.0,0.33
53769.36197280884,0.48,0.472,0.531,0.503,1.0,0.343,0.728,neutral,neutral,0.0,0.5,True,hesitant,2082.76,377891.12,0.0,0.1981,1.0,0.33
53804.765701293945,0.476,0.468,0.531,0.494,1.0,0.313,0.72,neutral,neutral,0.0,0.5,True,hesitant,2082.76,377891.12,0.0,0.1981,1.0,0.33
53841.54510498047,0.488,0.486,0.531,0.512,1.0,0.373,0.684,neutral,neutral,0.0,0.5,True,hesitant,2082.76,377891.12,0.0,0.1981,1.0,0.33
53888.96346092224,0.504,0.497,0.508,0.527,1.0,0.423,0.722,neutral,neutral,0.0,0.5,True,hesitant,1814.18,719182.03,0.0,0.1836,1.0,0.294
53921.58007621765,0.509,0.504,0.508,0.535,1.0,0.451,0.72,neutral,neutral,0.0,0.5,True,hesitant,1814.18,719182.03,0.0,0.1836,1.0,0.294
53950.28495788574,0.526,0.539,0.508,0.549,1.0,0.497,0.6,neutral,neutral,0.0,0.5,True,hesitant,1814.18,719182.03,0.0,0.1836,1.0,0.294
53984.93194580078,0.53,0.553,0.508,0.549,1.0,0.497,0.532,neutral,neutral,0.0,0.5,True,hesitant,1814.18,719182.03,0.0,0.1836,1.0,0.294
54014.678716659546,0.537,0.561,0.508,0.561,1.0,0.538,0.535,neutral,neutral,0.0,0.5,True,hesitant,1814.18,719182.03,0.0,0.1836,1.0,0.294
54044.24262046814,0.529,0.548,0.508,0.55,1.0,0.5,0.561,neutral,neutral,0.0,0.5,True,hesitant,1814.18,719182.03,0.0,0.1836,1.0,0.294
54079.71382141113,0.541,0.564,0.508,0.572,1.0,0.574,0.558,neutral,neutral,0.0,0.5,True,hesitant,1814.18,719182.03,0.0,0.1836,1.0,0.294
54107.88822174072,0.54,0.573,0.508,0.557,1.0,0.522,0.463,neutral,neutral,0.0,0.5,True,hesitant,1814.18,719182.03,0.0,0.1836,1.0,0.294
54149.09553527832,0.544,0.581,0.508,0.561,1.0,0.537,0.436,neutral,neutral,0.0,0.5,True,hesitant,1814.18,719182.03,0.0,0.1836,1.0,0.294
54187.9301071167,0.55,0.588,0.508,0.572,1.0,0.574,0.439,neutral,neutral,0.0,0.5,True,hesitant,1814.18,719182.03,0.0,0.1836,1.0,0.294
54222.532987594604,0.55,0.597,0.508,0.564,1.0,0.547,0.372,neutral,neutral,0.0,0.5,True,hesitant,1814.18,719182.03,0.0,0.1836,1.0,0.294
54255.10334968567,0.55,0.585,0.508,0.576,1.0,0.585,0.465,neutral,neutral,0.0,0.5,True,hesitant,1814.18,719182.03,0.0,0.1836,1.0,0.294
54288.7122631073,0.544,0.571,0.508,0.573,1.0,0.576,0.522,neutral,neutral,0.0,0.5,True,hesitant,1814.18,719182.03,0.0,0.1836,1.0,0.294
54323.27485084534,0.551,0.581,0.508,0.586,1.0,0.619,0.52,neutral,neutral,0.0,0.5,True,hesitant,1814.18,719182.03,0.0,0.1836,1.0,0.294
54356.67967796326,0.542,0.565,0.508,0.572,1.0,0.573,0.549,neutral,neutral,0.0,0.5,True,hesitant,1814.18,719182.03,0.0,0.1836,1.0,0.294
54395.71785926819,0.527,0.546,0.508,0.546,1.0,0.487,0.553,neutral,neutral,0.0,0.5,True,hesitant,1814.18,719182.03,0.0,0.1836,1.0,0.294
54428.773164749146,0.521,0.539,0.508,0.534,1.0,0.446,0.55,neutral,neutral,0.0,0.5,True,hesitant,1814.18,719182.03,0.0,0.1836,1.0,0.294
54460.209369659424,0.489,0.488,0.508,0.487,1.0,0.289,0.636,neutral,neutral,0.0,0.5,True,hesitant,1814.18,719182.03,0.0,0.1836,1.0,0.294
54496.19913101196,0.492,0.49,0.508,0.493,1.0,0.31,0.645,neutral,neutral,0.0,0.5,True,hesitant,1814.18,719182.03,0.0,0.1836,1.0,0.294
54531.62336349487,0.497,0.496,0.508,0.503,1.0,0.343,0.65,neutral,neutral,0.0,0.5,True,hesitant,1814.18,719182.03,0.0,0.1836,1.0,0.294
54561.710357666016,0.499,0.494,0.508,0.514,1.0,0.379,0.696,neutral,neutral,0.0,0.5,True,hesitant,1814.18,719182.03,0.0,0.1836,1.0,0.294
54601.47786140442,0.507,0.5,0.508,0.533,1.0,0.443,0.731,neutral,neutral,0.0,0.5,True,hesitant,1814.18,719182.03,0.0,0.1836,1.0,0.294
54632.83085823059,0.504,0.494,0.508,0.529,1.0,0.43,0.746,neutral,neutral,0.0,0.5,True,hesitant,1814.18,719182.03,0.0,0.1836,1.0,0.294
54663.453817367554,0.514,0.5,0.508,0.557,1.0,0.522,0.808,neutral,neutral,0.0,0.5,True,hesitant,1814.18,719182.03,0.0,0.1836,1.0,0.294
54697.52621650696,0.488,0.461,0.508,0.516,1.0,0.387,0.86,neutral,neutral,0.0,0.5,True,hesitant,1814.18,719182.03,0.0,0.1836,1.0,0.294
54727.11443901062,0.492,0.476,0.508,0.511,1.0,0.371,0.772,neutral,neutral,0.0,0.5,True,hesitant,1814.18,719182.03,0.0,0.1836,1.0,0.294
54759.846687316895,0.501,0.494,0.508,0.521,1.0,0.404,0.721,neutral,neutral,0.0,0.5,True,hesitant,1814.18,719182.03,0.0,0.1836,1.0,0.294
54796.68092727661,0.504,0.502,0.508,0.522,1.0,0.408,0.689,neutral,neutral,0.0,0.5,True,hesitant,1814.18,719182.03,0.0,0.1836,1.0,0.294
54824.968099594116,0.508,0.508,0.508,0.528,1.0,0.425,0.675,backward,neutral,0.0,0.5,True,hesitant,1814.18,719182.03,0.0,0.1836,1.0,0.294
54857.4800491333,0.519,0.519,0.508,0.552,1.0,0.507,0.702,backward,neutral,0.0,0.5,True,hesitant,1814.18,719182.03,0.0,0.1836,1.0,0.294
54897.140979766846,0.514,0.505,0.508,0.549,1.0,0.496,0.761,backward,neutral,0.0,0.5,True,hesitant,1814.18,719182.03,0.0,0.1836,1.0,0.294
54924.78346824646,0.536,0.542,0.508,0.58,1.0,0.599,0.686,backward,neutral,0.0,0.5,True,hesitant,1814.18,719182.03,0.0,0.1836,1.0,0.294
54954.05054092407,0.532,0.539,0.508,0.57,1.0,0.568,0.671,backward,neutral,0.0,0.5,True,hesitant,1814.18,719182.03,0.0,0.1836,1.0,0.294
54993.90769004822,0.528,0.532,0.508,0.567,1.0,0.557,0.693,backward,neutral,0.0,0.5,True,hesitant,1814.18,719182.03,0.0,0.1836,1.0,0.294
55023.13280105591,0.515,0.517,0.508,0.539,1.0,0.462,0.67,backward,neutral,0.0,0.5,True,hesitant,1814.18,719182.03,0.0,0.1836,1.0,0.294
55052.45566368103,0.515,0.521,0.508,0.534,1.0,0.445,0.633,backward,neutral,0.0,0.5,True,hesitant,1814.18,719182.03,0.0,0.1836,1.0,0.294
55090.333700180054,0.514,0.518,0.508,0.534,1.0,0.446,0.646,backward,neutral,0.0,0.5,True,hesitant,1814.18,719182.03,0.0,0.1836,1.0,0.294
55121.64068222046,0.508,0.514,0.508,0.521,1.0,0.404,0.625,neutral,neutral,0.0,0.5,True,hesitant,1814.18,719182.03,0.0,0.1836,1.0,0.294
55157.910108566284,0.509,0.522,0.508,0.515,1.0,0.383,0.563,neutral,neutral,0.0,0.5,True,hesitant,1814.18,719182.03,0.0,0.1836,1.0,0.294
55204.1380405426,0.484,0.484,0.508,0.476,1.0,0.254,0.619,neutral,neutral,0.0,0.5,True,hesitant,1814.18,719182.03,0.0,0.1836,1.0,0.294
55231.62007331848,0.484,0.481,0.508,0.479,1.0,0.263,0.641,neutral,neutral,0.0,0.5,True,hesitant,1814.18,719182.03,0.0,0.1836,1.0,0.294
55261.73162460327,0.409,0.473,0.642,0.395,1.0,0.221,0.649,neutral,disgust,0.539,0.258,True,hesitant,1814.18,719182.03,0.0,0.1836,1.0,0.294
55402.68540382385,0.422,0.481,0.642,0.427,1.0,0.327,0.715,neutral,disgust,0.539,0.258,True,hesitant,1814.18,719182.03,0.0,0.1836,1.0,0.294
55435.39834022522,0.461,0.526,0.642,0.504,1.0,0.584,0.743,neutral,disgust,0.539,0.258,True,hesitant,1814.18,719182.03,0.0,0.1836,1.0,0.294
55476.16624832153,0.517,0.516,0.508,0.548,1.0,0.494,0.704,backward,neutral,0.0,0.5,True,hesitant,1814.18,719182.03,0.0,0.1836,1.0,0.294
55534.9178314209,0.504,0.495,0.508,0.53,1.0,0.432,0.741,backward,neutral,0.0,0.5,True,hesitant,1814.18,719182.03,0.0,0.1836,1.0,0.294
55567.73257255554,0.499,0.486,0.508,0.523,1.0,0.411,0.766,neutral,neutral,0.0,0.5,True,hesitant,1814.18,719182.03,0.0,0.1836,1.0,0.294
55604.23040390015,0.428,0.484,0.652,0.457,1.0,0.425,0.72,neutral,disgust,0.532,0.253,True,hesitant,1687.93,852976.57,0.0001,0.1832,1.0,0.295
61572.84474372864,0.46,0.507,0.647,0.53,1.0,0.729,0.889,neutral,neutral,0.496,0.278,True,hesitant,1838.72,714774.5,0.0,0.1918,1.0,0.28
61705.73973655701,0.459,0.5,0.647,0.534,1.0,0.743,0.94,neutral,neutral,0.496,0.278,True,hesitant,1838.72,714774.5,0.0,0.1918,1.0,0.28
61732.874631881714,0.45,0.485,0.647,0.524,1.0,0.709,0.984,neutral,neutral,0.496,0.278,True,hesitant,1838.72,714774.5,0.0,0.1918,1.0,0.28
61764.020681381226,0.453,0.484,0.637,0.521,1.0,0.703,0.99,neutral,neutral,0.473,0.291,True,hesitant,1838.72,714774.5,0.0,0.1918,1.0,0.28
61911.81397438049,0.458,0.494,0.637,0.528,1.0,0.726,0.959,neutral,neutral,0.473,0.291,True,hesitant,1838.72,714774.5,0.0,0.1918,1.0,0.28
61941.64991378784,0.459,0.496,0.637,0.528,1.0,0.728,0.953,neutral,neutral,0.473,0.291,True,hesitant,1838.72,714774.5,0.0,0.1918,1.0,0.28
61972.88155555725,0.441,0.47,0.641,0.503,1.0,0.625,0.984,neutral,neutral,0.479,0.279,True,hesitant,1838.72,714774.5,0.0,0.1918,1.0,0.28
62117.377042770386,0.448,0.492,0.641,0.501,1.0,0.62,0.864,neutral,neutral,0.479,0.279,True,hesitant,1838.72,714774.5,0.0,0.1918,1.0,0.28
62143.66316795349,0.449,0.495,0.641,0.501,1.0,0.619,0.842,neutral,neutral,0.479,0.279,True,hesitant,1838.72,714774.5,0.0,0.1918,1.0,0.28
62177.63829231262,0.461,0.522,0.639,0.505,1.0,0.658,0.738,neutral,neutral,0.483,0.297,True,hesitant,1838.72,714774.5,0.0,0.1918,1.0,0.28
62325.75583457947,0.459,0.518,0.639,0.504,1.0,0.655,0.759,neutral,neutral,0.483,0.297,True,hesitant,1838.72,714774.5,0.0,0.1918,1.0,0.28
62352.936029434204,0.465,0.525,0.639,0.517,1.0,0.699,0.762,neutral,neutral,0.483,0.297,True,hesitant,1838.72,714774.5,0.0,0.1918,1.0,0.28
62380.943775177,0.473,0.538,0.64,0.529,1.0,0.734,0.725,neutral,neutral,0.481,0.292,True,hesitant,1838.72,714774.5,0.0,0.1918,1.0,0.28
62499.26042556763,0.471,0.537,0.64,0.524,1.0,0.717,0.714,neutral,neutral,0.481,0.292,True,hesitant,1838.72,714774.5,0.0,0.1918,1.0,0.28
62526.209115982056,0.468,0.534,0.64,0.517,1.0,0.694,0.709,neutral,neutral,0.481,0.292,True,hesitant,1838.72,714774.5,0.0,0.1918,1.0,0.28
62556.72478675842,0.457,0.521,0.647,0.504,1.0,0.634,0.718,neutral,neutral,0.496,0.274,True,hesitant,1838.72,714774.5,0.0,0.1918,1.0,0.28
62715.455770492554,0.452,0.507,0.647,0.504,1.0,0.634,0.789,neutral,neutral,0.496,0.274,True,hesitant,1838.72,714774.5,0.0,0.1918,1.0,0.28
62745.67985534668,0.454,0.509,0.647,0.509,1.0,0.653,0.799,neutral,neutral,0.496,0.274,True,hesitant,1838.72,714774.5,0.0,0.1918,1.0,0.28
62774.895429611206,0.513,0.514,0.56,0.596,1.0,0.652,0.77,neutral,neutral,0.0,0.5,True,hesitant,1838.72,714774.5,0.0,0.1918,1.0,0.28
62818.97521018982,0.534,0.531,0.511,0.59,1.0,0.634,0.77,neutral,neutral,0.0,0.5,True,hesitant,1779.22,766082.58,0.0,0.1901,1.0,0.283
62853.825092315674,0.544,0.549,0.511,0.603,1.0,0.678,0.732,neutral,neutral,0.0,0.5,True,hesitant,1779.22,766082.58,0.0,0.1901,1.0,0.283
62879.90951538086,0.55,0.557,0.511,0.613,1.0,0.71,0.723,neutral,neutral,0.0,0.5,True,hesitant,1779.22,766082.58,0.0,0.1901,1.0,0.283
62912.4801158905,0.553,0.561,0.511,0.617,1.0,0.723,0.718,neutral,neutral,0.0,0.5,True,hesitant,1779.22,766082.58,0.0,0.1901,1.0,0.283
62939.013719558716,0.554,0.563,0.511,0.62,1.0,0.733,0.719,neutral,neutral,0.0,0.5,True,hesitant,1779.22,766082.58,0.0,0.1901,1.0,0.283
62968.374490737915,0.487,0.565,0.616,0.516,1.0,0.729,0.701,neutral,neutral,0.485,0.318,True,hesitant,1779.22,766082.58,0.0,0.1901,1.0,0.283
63101.46355628967,0.486,0.565,0.616,0.512,1.0,0.717,0.688,neutral,neutral,0.485,0.318,True,hesitant,1779.22,766082.58,0.0,0.1901,1.0,0.283
63128.56435775757,0.481,0.555,0.616,0.508,1.0,0.704,0.726,neutral,neutral,0.485,0.318,True,hesitant,1779.22,766082.58,0.0,0.1901,1.0,0.283
63156.784534454346,0.546,0.546,0.511,0.613,1.0,0.711,0.779,neutral,neutral,0.0,0.5,True,hesitant,1779.22,766082.58,0.0,0.1901,1.0,0.283
63189.94331359863,0.543,0.538,0.511,0.611,1.0,0.704,0.806,neutral,neutral,0.0,0.5,True,hesitant,1779.22,766082.58,0.0,0.1901,1.0,0.283
63217.891454696655,0.528,0.526,0.511,0.577,1.0,0.591,0.752,neutral,neutral,0.0,0.5,True,hesitant,1779.22,766082.58,0.0,0.1901,1.0,0.283
63244.176149368286,0.471,0.547,0.621,0.489,1.0,0.601,0.66,neutral,neutral,0.492,0.303,True,hesitant,1779.22,766082.58,0.0,0.1901,1.0,0.283
63351.70078277588,0.469,0.547,0.621,0.483,1.0,0.582,0.643,neutral,neutral,0.492,0.303,True,hesitant,1779.22,766082.58,0.0,0.1901,1.0,0.283
63378.939151763916,0.469,0.547,0.621,0.483,1.0,0.581,0.64,neutral,neutral,0.492,0.303,True,hesitant,1779.22,766082.58,0.0,0.1901,1.0,0.283
63404.33192253113,0.526,0.524,0.511,0.571,1.0,0.569,0.739,neutral,neutral,0.0,0.5,True,hesitant,1779.22,766082.58,0.0,0.1901,1.0,0.283
63441.62464141846,0.525,0.521,0.511,0.572,1.0,0.573,0.757,neutral,neutral,0.0,0.5,True,hesitant,1779.22,766082.58,0.0,0.1901,1.0,0.283
63471.556186676025,0.527,0.521,0.511,0.578,1.0,0.593,0.78,neutral,neutral,0.0,0.5,True,hesitant,1779.22,766082.58,0.0,0.1901,1.0,0.283
63515.560150146484,0.53,0.525,0.511,0.583,1.0,0.61,0.778,neutral,neutral,0.0,0.5,True,hesitant,1779.22,766082.58,0.0,0.1901,1.0,0.283
63549.63135719299,0.528,0.523,0.511,0.581,1.0,0.602,0.775,neutral,neutral,0.0,0.5,True,hesitant,1779.22,766082.58,0.0,0.1901,1.0,0.283
63575.25181770325,0.531,0.532,0.511,0.579,1.0,0.597,0.727,neutral,neutral,0.0,0.5,True,hesitant,1779.22,766082.58,0.0,0.1901,1.0,0.283
63599.45797920227,0.535,0.534,0.511,0.591,1.0,0.636,0.761,neutral,neutral,0.0,0.5,True,hesitant,1779.22,766082.58,0.0,0.1901,1.0,0.283
63633.549451828,0.532,0.528,0.511,0.588,1.0,0.625,0.778,neutral,neutral,0.0,0.5,True,hesitant,1779.22,766082.58,0.0,0.1901,1.0,0.283
63661.964416503906,0.507,0.498,0.511,0.538,1.0,0.461,0.756,neutral,neutral,0.0,0.5,True,hesitant,1779.22,766082.58,0.0,0.1901,1.0,0.283
63691.80107116699,0.443,0.5,0.631,0.462,1.0,0.489,0.778,neutral,neutral,0.505,0.273,True,hesitant,1779.22,766082.58,0.0,0.1901,1.0,0.283
63814.95666503906,0.448,0.507,0.631,0.47,1.0,0.516,0.771,neutral,neutral,0.505,0.273,True,hesitant,1779.22,766082.58,0.0,0.1901,1.0,0.283
63842.9434299469,0.448,0.504,0.631,0.474,1.0,0.53,0.804,neutral,neutral,0.505,0.273,True,hesitant,1779.22,766082.58,0.0,0.1901,1.0,0.283
63872.67446517944,0.518,0.51,0.511,0.561,1.0,0.538,0.775,neutral,neutral,0.0,0.5,True,hesitant,1779.22,766082.58,0.0,0.1901,1.0,0.283
63908.01811218262,0.508,0.493,0.511,0.548,1.0,0.493,0.809,neutral,neutral,0.0,0.5,True,hesitant,1779.22,766082.58,0.0,0.1901,1.0,0.283
63935.423135757446,0.495,0.482,0.511,0.516,1.0,0.387,0.758,neutral,neutral,0.0,0.5,True,hesitant,1779.22,766082.58,0.0,0.1901,1.0,0.283
63965.25692939758,0.487,0.46,0.511,0.517,1.0,0.39,0.864,neutral,neutral,0.0,0.5,True,hesitant,1779.22,766082.58,0.0,0.1901,1.0,0.283
64005.99265098572,0.488,0.46,0.511,0.521,1.0,0.404,0.879,neutral,neutral,0.0,0.5,True,hesitant,1779.22,766082.58,0.0,0.1901,1.0,0.283
64032.7365398407,0.492,0.463,0.511,0.531,1.0,0.436,0.895,neutral,neutral,0.0,0.5,True,hesitant,1779.22,766082.58,0.0,0.1901,1.0,0.283
64061.56277656555,0.488,0.445,0.511,0.537,1.0,0.457,1.0,neutral,neutral,0.0,0.5,True,hesitant,1779.22,766082.58,0.0,0.1901,1.0,0.283
64096.37475013733,0.49,0.448,0.511,0.54,1.0,0.468,1.0,neutral,neutral,0.0,0.5,True,hesitant,1779.22,766082.58,0.0,0.1901,1.0,0.283
64129.17113304138,0.505,0.467,0.511,0.567,1.0,0.557,1.0,neutral,neutral,0.0,0.5,True,hesitant,1779.22,766082.58,0.0,0.1901,1.0,0.283
64159.59978103638,0.509,0.473,0.511,0.576,1.0,0.586,1.0,neutral,neutral,0.0,0.5,True,hesitant,1779.22,766082.58,0.0,0.1901,1.0,0.283
64193.29047203064,0.517,0.483,0.511,0.59,1.0,0.632,1.0,neutral,neutral,0.0,0.5,True,hesitant,1779.22,766082.58,0.0,0.1901,1.0,0.283
64222.80979156494,0.503,0.464,0.511,0.564,1.0,0.545,1.0,neutral,neutral,0.0,0.5,True,hesitant,1779.22,766082.58,0.0,0.1901,1.0,0.283
64254.740953445435,0.504,0.468,0.511,0.563,1.0,0.542,0.978,neutral,neutral,0.0,0.5,True,hesitant,1779.22,766082.58,0.0,0.1901,1.0,0.283
64289.05129432678,0.497,0.465,0.511,0.545,1.0,0.484,0.935,neutral,neutral,0.0,0.5,True,hesitant,1779.22,766082.58,0.0,0.1901,1.0,0.283
64319.17500495911,0.499,0.471,0.511,0.545,1.0,0.483,0.905,neutral,neutral,0.0,0.5,True,hesitant,1779.22,766082.58,0.0,0.1901,1.0,0.283
64347.55253791809,0.495,0.462,0.511,0.541,1.0,0.471,0.937,neutral,neutral,0.0,0.5,True,hesitant,1779.22,766082.58,0.0,0.1901,1.0,0.283
64386.549949645996,0.497,0.471,0.511,0.536,1.0,0.454,0.878,neutral,neutral,0.0,0.5,True,hesitant,1779.22,766082.58,0.0,0.1901,1.0,0.283
64435.12964248657,0.509,0.497,0.511,0.548,1.0,0.492,0.789,neutral,neutral,0.0,0.5,True,hesitant,1779.22,766082.58,0.0,0.1901,1.0,0.283
64474.11894798279,0.507,0.488,0.511,0.549,1.0,0.498,0.842,neutral,neutral,0.0,0.5,True,hesitant,1779.22,766082.58,0.0,0.1901,1.0,0.283
64528.146743774414,0.508,0.489,0.511,0.553,1.0,0.511,0.848,neutral,neutral,0.0,0.5,True,hesitant,1779.22,766082.58,0.0,0.1901,1.0,0.283
64567.944049835205,0.515,0.513,0.511,0.549,1.0,0.497,0.719,neutral,neutral,0.0,0.5,True,hesitant,1779.22,766082.58,0.0,0.1901,1.0,0.283
64613.83104324341,0.541,0.537,0.491,0.582,1.0,0.604,0.736,neutral,neutral,0.0,0.5,True,hesitant,1368.5,989344.25,0.0001,0.1654,1.0,0.325
64658.02621841431,0.542,0.544,0.491,0.579,1.0,0.596,0.697,neutral,neutral,0.0,0.5,True,hesitant,1368.5,989344.25,0.0001,0.1654,1.0,0.325
64686.0089302063,0.55,0.565,0.491,0.582,1.0,0.605,0.604,neutral,neutral,0.0,0.5,True,hesitant,1368.5,989344.25,0.0001,0.1654,1.0,0.325
64715.19589424133,0.478,0.56,0.605,0.479,1.0,0.556,0.571,neutral,neutral,0.498,0.286,True,hesitant,1368.5,989344.25,0.0001,0.1654,1.0,0.325
64859.82823371887,0.462,0.541,0.605,0.447,1.0,0.448,0.559,neutral,neutral,0.498,0.286,True,hesitant,1368.5,989344.25,0.0001,0.1654,1.0,0.325
64891.17097854614,0.449,0.522,0.605,0.426,1.0,0.378,0.586,neutral,neutral,0.498,0.286,True,hesitant,1368.5,989344.25,0.0001,0.1654,1.0,0.325
64949.936389923096,0.517,0.521,0.491,0.523,1.0,0.41,0.619,neutral,neutral,0.0,0.5,True,hesitant,1368.5,989344.25,0.0001,0.1654,1.0,0.325
64992.27428436279,0.514,0.517,0.491,0.518,1.0,0.394,0.622,neutral,neutral,0.0,0.5,True,hesitant,1368.5,989344.25,0.0001,0.1654,1.0,0.325
65023.87022972107,0.525,0.538,0.491,0.527,1.0,0.422,0.549,neutral,neutral,0.0,0.5,True,hesitant,1368.5,989344.25,0.0001,0.1654,1.0,0.325
65057.457447052,0.537,0.548,0.491,0.556,1.0,0.519,0.598,neutral,neutral,0.0,0.5,True,hesitant,1368.5,989344.25,0.0001,0.1654,1.0,0.325
65096.1275100708,0.516,0.523,0.491,0.515,1.0,0.381,0.583,neutral,neutral,0.0,0.5,True,hesitant,1368.5,989344.25,0.0001,0.1654,1.0,0.325
65134.90891456604,0.531,0.552,0.491,0.531,1.0,0.436,0.499,neutral,neutral,0.0,0.5,True,hesitant,1368.5,989344.25,0.0001,0.1654,1.0,0.325
65166.87631607056,0.553,0.576,0.491,0.579,1.0,0.596,0.54,neutral,neutral,0.0,0.5,True,hesitant,1368.5,989344.25,0.0001,0.1654,1.0,0.325
65201.260805130005,0.534,0.549,0.491,0.544,1.0,0.479,0.556,neutral,neutral,0.0,0.5,True,hesitant,1368.5,989344.25,0.0001,0.1654,1.0,0.325
65229.16841506958,0.54,0.555,0.491,0.558,1.0,0.525,0.571,neutral,neutral,0.0,0.5,True,hesitant,1368.5,989344.25,0.0001,0.1654,1.0,0.325
65260.99133491516,0.54,0.552,0.491,0.562,1.0,0.539,0.603,neutral,neutral,0.0,0.5,True,hesitant,1368.5,989344.25,0.0001,0.1654,1.0,0.325
65303.36308479309,0.511,0.502,0.491,0.523,1.0,0.408,0.711,neutral,neutral,0.0,0.5,True,hesitant,1368.5,989344.25,0.0001,0.1654,1.0,0.325
65331.90941810608,0.514,0.505,0.491,0.53,1.0,0.431,0.721,neutral,neutral,0.0,0.5,True,hesitant,1368.5,989344.25,0.0001,0.1654,1.0,0.325
65365.0689125061,0.515,0.507,0.491,0.532,1.0,0.439,0.718,neutral,neutral,0.0,0.5,True,hesitant,1368.5,989344.25,0.0001,0.1654,1.0,0.325
65401.78608894348,0.52,0.516,0.491,0.538,1.0,0.458,0.693,neutral,neutral,0.0,0.5,True,hesitant,1368.5,989344.25,0.0001,0.1654,1.0,0.325
65431.665658950806,0.507,0.494,0.491,0.519,1.0,0.397,0.741,neutral,neutral,0.0,0.5,True,hesitant,1368.5,989344.25,0.0001,0.1654,1.0,0.325
65465.21711349487,0.515,0.504,0.491,0.536,1.0,0.451,0.743,neutral,neutral,0.0,0.5,True,hesitant,1368.5,989344.25,0.0001,0.1654,1.0,0.325
65502.61044502258,0.514,0.498,0.491,0.539,1.0,0.462,0.782,neutral,neutral,0.0,0.5,True,hesitant,1368.5,989344.25,0.0001,0.1654,1.0,0.325
65534.833908081055,0.498,0.472,0.491,0.515,1.0,0.383,0.832,neutral,neutral,0.0,0.5,True,hesitant,1368.5,989344.25,0.0001,0.1654,1.0,0.325
65569.1442489624,0.491,0.464,0.491,0.501,1.0,0.336,0.824,neutral,neutral,0.0,0.5,True,hesitant,1368.5,989344.25,0.0001,0.1654,1.0,0.325
65607.0806980133,0.484,0.452,0.491,0.492,1.0,0.304,0.851,neutral,neutral,0.0,0.5,True,hesitant,1368.5,989344.25,0.0001,0.1654,1.0,0.325
65644.20175552368,0.491,0.456,0.491,0.51,1.0,0.366,0.894,neutral,neutral,0.0,0.5,True,hesitant,1368.5,989344.25,0.0001,0.1654,1.0,0.325
65678.9038181305,0.499,0.463,0.491,0.529,1.0,0.43,0.922,neutral,neutral,0.0,0.5,True,hesitant,1368.5,989344.25,0.0001,0.1654,1.0,0.325
65713.93895149231,0.519,0.492,0.491,0.562,1.0,0.538,0.892,neutral,neutral,0.0,0.5,True,hesitant,1368.5,989344.25,0.0001,0.1654,1.0,0.325
65743.70980262756,0.521,0.499,0.491,0.56,1.0,0.531,0.848,neutral,neutral,0.0,0.5,True,hesitant,1368.5,989344.25,0.0001,0.1654,1.0,0.325
65772.88603782654,0.528,0.517,0.491,0.563,1.0,0.542,0.771,neutral,neutral,0.0,0.5,True,hesitant,1368.5,989344.25,0.0001,0.1654,1.0,0.325
65809.6866607666,0.529,0.523,0.491,0.561,1.0,0.536,0.741,neutral,neutral,0.0,0.5,True,hesitant,1368.5,989344.25,0.0001,0.1654,1.0,0.325
65838.95444869995,0.488,0.457,0.491,0.501,1.0,0.335,0.854,neutral,neutral,0.0,0.5,True,hesitant,1368.5,989344.25,0.0001,0.1654,1.0,0.325
65866.91999435425,0.494,0.456,0.491,0.52,1.0,0.398,0.92,neutral,neutral,0.0,0.5,True,hesitant,1368.5,989344.25,0.0001,0.1654,1.0,0.325
65909.01207923889,0.509,0.487,0.491,0.535,1.0,0.45,0.823,neutral,neutral,0.0,0.5,True,hesitant,1368.5,989344.25,0.0001,0.1654,1.0,0.325
65940.34504890442,0.513,0.489,0.491,0.547,1.0,0.488,0.855,neutral,neutral,0.0,0.5,True,hesitant,1368.5,989344.25,0.0001,0.1654,1.0,0.325
65970.93558311462,0.516,0.497,0.491,0.546,1.0,0.485,0.812,neutral,neutral,0.0,0.5,True,hesitant,1368.5,989344.25,0.0001,0.1654,1.0,0.325
66008.45384597778,0.516,0.505,0.491,0.538,1.0,0.46,0.751,neutral,neutral,0.0,0.5,True,hesitant,1368.5,989344.25,0.0001,0.1654,1.0,0.325
66035.04538536072,0.519,0.509,0.491,0.541,1.0,0.468,0.736,neutral,neutral,0.0,0.5,True,hesitant,1368.5,989344.25,0.0001,0.1654,1.0,0.325
66062.51835823059,0.516,0.507,0.491,0.534,1.0,0.446,0.726,neutral,neutral,0.0,0.5,True,hesitant,1368.5,989344.25,0.0001,0.1654,1.0,0.325
66093.61219406128,0.509,0.506,0.491,0.513,1.0,0.375,0.659,neutral,neutral,0.0,0.5,True,hesitant,1368.5,989344.25,0.0001,0.1654,1.0,0.325
66122.68805503845,0.513,0.519,0.491,0.511,1.0,0.37,0.592,neutral,neutral,0.0,0.5,True,hesitant,1368.5,989344.25,0.0001,0.1654,1.0,0.325
66155.37667274475,0.509,0.51,0.491,0.507,1.0,0.357,0.621,neutral,neutral,0.0,0.5,True,hesitant,1368.5,989344.25,0.0001,0.1654,1.0,0.325
66186.35654449463,0.501,0.495,0.491,0.499,1.0,0.328,0.663,neutral,neutral,0.0,0.5,True,hesitant,1368.5,989344.25,0.0001,0.1654,1.0,0.325
66233.95895957947,0.513,0.514,0.491,0.518,1.0,0.393,0.641,neutral,neutral,0.0,0.5,True,hesitant,1368.5,989344.25,0.0001,0.1654,1.0,0.325
66271.8312740326,0.504,0.501,0.491,0.503,1.0,0.344,0.65,neutral,neutral,0.0,0.5,True,hesitant,1368.5,989344.25,0.0001,0.1654,1.0,0.325
66313.76791000366,0.486,0.472,0.491,0.477,1.0,0.256,0.706,neutral,neutral,0.0,0.5,True,hesitant,1368.5,989344.25,0.0001,0.1654,1.0,0.325
66346.33946418762,0.491,0.483,0.491,0.481,1.0,0.27,0.666,neutral,neutral,0.0,0.5,True,hesitant,1368.5,989344.25,0.0001,0.1654,1.0,0.325
66381.97159767151,0.475,0.465,0.543,0.508,1.0,0.36,0.764,neutral,neutral,0.0,0.5,True,hesitant,1838.25,713725.24,0.0,0.1868,1.0,0.289
66421.14520072937,0.476,0.466,0.543,0.511,1.0,0.371,0.766,neutral,neutral,0.0,0.5,True,hesitant,1838.25,713725.24,0.0,0.1868,1.0,0.289
66450.16288757324,0.468,0.454,0.543,0.498,1.0,0.328,0.788,neutral,neutral,0.0,0.5,True,hesitant,1838.25,713725.24,0.0,0.1868,1.0,0.289
66477.53095626831,0.47,0.458,0.543,0.5,1.0,0.333,0.772,neutral,neutral,0.0,0.5,True,hesitant,1838.25,713725.24,0.0,0.1868,1.0,0.289
66509.88221168518,0.478,0.468,0.543,0.515,1.0,0.384,0.77,neutral,neutral,0.0,0.5,True,hesitant,1838.25,713725.24,0.0,0.1868,1.0,0.289
66538.53917121887,0.483,0.477,0.543,0.522,1.0,0.405,0.747,neutral,neutral,0.0,0.5,True,hesitant,1838.25,713725.24,0.0,0.1868,1.0,0.289
66566.60890579224,0.482,0.475,0.543,0.519,1.0,0.396,0.749,neutral,neutral,0.0,0.5,True,hesitant,1838.25,713725.24,0.0,0.1868,1.0,0.289
66600.1193523407,0.477,0.463,0.543,0.517,1.0,0.389,0.801,neutral,neutral,0.0,0.5,True,hesitant,1838.25,713725.24,0.0,0.1868,1.0,0.289
66629.17494773865,0.481,0.464,0.543,0.53,1.0,0.435,0.842,neutral,neutral,0.0,0.5,True,hesitant,1838.25,713725.24,0.0,0.1868,1.0,0.289
66657.68766403198,0.485,0.471,0.543,0.533,1.0,0.442,0.816,neutral,neutral,0.0,0.5,True,hesitant,1838.25,713725.24,0.0,0.1868,1.0,0.289
66699.30267333984,0.483,0.466,0.543,0.534,1.0,0.445,0.845,neutral,neutral,0.0,0.5,True,hesitant,1838.25,713725.24,0.0,0.1868,1.0,0.289
66729.13813591003,0.487,0.472,0.543,0.541,1.0,0.469,0.84,neutral,neutral,0.0,0.5,True,hesitant,1838.25,713725.24,0.0,0.1868,1.0,0.289
66756.2186717987,0.497,0.499,0.543,0.54,1.0,0.467,0.7,neutral,neutral,0.0,0.5,True,hesitant,1838.25,713725.24,0.0,0.1868,1.0,0.289
66792.25635528564,0.496,0.497,0.543,0.539,1.0,0.463,0.705,neutral,neutral,0.0,0.5,True,hesitant,1838.25,713725.24,0.0,0.1868,1.0,0.289
66818.59397888184,0.494,0.496,0.543,0.534,1.0,0.446,0.692,neutral,neutral,0.0,0.5,True,hesitant,1838.25,713725.24,0.0,0.1868,1.0,0.289
66846.31586074829,0.496,0.504,0.543,0.533,1.0,0.444,0.648,neutral,neutral,0.0,0.5,True,hesitant,1838.25,713725.24,0.0,0.1868,1.0,0.289
66880.8331489563,0.488,0.493,0.543,0.517,1.0,0.389,0.649,neutral,neutral,0.0,0.5,True,hesitant,1838.25,713725.24,0.0,0.1868,1.0,0.289
66909.74736213684,0.483,0.489,0.543,0.506,1.0,0.352,0.637,neutral,neutral,0.0,0.5,True,hesitant,1838.25,713725.24,0.0,0.1868,1.0,0.289
66935.36520004272,0.486,0.494,0.543,0.51,1.0,0.366,0.624,neutral,neutral,0.0,0.5,True,hesitant,1838.25,713725.24,0.0,0.1868,1.0,0.289
66968.87969970703,0.48,0.483,0.543,0.503,1.0,0.344,0.657,neutral,neutral,0.0,0.5,True,hesitant,1838.25,713725.24,0.0,0.1868,1.0,0.289
67002.77614593506,0.489,0.501,0.543,0.514,1.0,0.38,0.601,neutral,neutral,0.0,0.5,True,hesitant,1838.25,713725.24,0.0,0.1868,1.0,0.289
67032.11569786072,0.504,0.511,0.543,0.55,1.0,0.499,0.667,neutral,neutral,0.0,0.5,True,hesitant,1838.25,713725.24,0.0,0.1868,1.0,0.289
67066.00189208984,0.511,0.528,0.543,0.553,1.0,0.509,0.592,neutral,neutral,0.0,0.5,True,hesitant,1838.25,713725.24,0.0,0.1868,1.0,0.289
67095.11351585388,0.508,0.526,0.543,0.546,1.0,0.488,0.581,neutral,neutral,0.0,0.5,True,hesitant,1838.25,713725.24,0.0,0.1868,1.0,0.289
67126.8515586853,0.503,0.52,0.543,0.536,1.0,0.453,0.576,neutral,neutral,0.0,0.5,True,hesitant,1838.25,713725.24,0.0,0.1868,1.0,0.289
67164.70789909363,0.507,0.524,0.543,0.546,1.0,0.487,0.59,neutral,neutral,0.0,0.5,True,hesitant,1838.25,713725.24,0.0,0.1868,1.0,0.289
67195.24884223938,0.509,0.531,0.543,0.545,1.0,0.485,0.554,neutral,neutral,0.0,0.5,True,hesitant,1838.25,713725.24,0.0,0.1868,1.0,0.289
67225.83627700806,0.503,0.522,0.543,0.535,1.0,0.45,0.563,neutral,neutral,0.0,0.5,True,hesitant,1838.25,713725.24,0.0,0.1868,1.0,0.289
67273.01406860352,0.497,0.514,0.543,0.524,1.0,0.413,0.57,neutral,neutral,0.0,0.5,True,hesitant,1838.25,713725.24,0.0,0.1868,1.0,0.289
67305.30786514282,0.495,0.51,0.543,0.523,1.0,0.411,0.583,neutral,neutral,0.0,0.5,True,hesitant,1838.25,713725.24,0.0,0.1868,1.0,0.289
67346.32086753845,0.478,0.481,0.543,0.498,1.0,0.326,0.646,neutral,neutral,0.0,0.5,True,hesitant,1838.25,713725.24,0.0,0.1868,1.0,0.289
67380.74779510498,0.483,0.487,0.543,0.51,1.0,0.366,0.657,neutral,neutral,0.0,0.5,True,hesitant,1838.25,713725.24,0.0,0.1868,1.0,0.289
67412.05763816833,0.486,0.489,0.543,0.516,1.0,0.387,0.666,neutral,neutral,0.0,0.5,True,hesitant,1838.25,713725.24,0.0,0.1868,1.0,0.289
67459.55014228821,0.487,0.489,0.543,0.52,1.0,0.4,0.683,neutral,neutral,0.0,0.5,True,hesitant,1838.25,713725.24,0.0,0.1868,1.0,0.289
67495.54491043091,0.489,0.489,0.543,0.525,1.0,0.416,0.697,neutral,neutral,0.0,0.5,True,hesitant,1838.25,713725.24,0.0,0.1868,1.0,0.289
67521.7514038086,0.492,0.5,0.543,0.524,1.0,0.415,0.64,neutral,neutral,0.0,0.5,True,hesitant,1838.25,713725.24,0.0,0.1868,1.0,0.289
67550.23312568665,0.492,0.496,0.543,0.527,1.0,0.422,0.669,neutral,neutral,0.0,0.5,True,hesitant,1838.25,713725.24,0.0,0.1868,1.0,0.289
67583.00256729126,0.496,0.501,0.543,0.536,1.0,0.453,0.678,neutral,neutral,0.0,0.5,True,hesitant,1838.25,713725.24,0.0,0.1868,1.0,0.289
67612.63394355774,0.503,0.512,0.543,0.545,1.0,0.482,0.65,neutral,neutral,0.0,0.5,True,hesitant,1838.25,713725.24,0.0,0.1868,1.0,0.289
67641.99590682983,0.492,0.497,0.543,0.526,1.0,0.421,0.661,neutral,neutral,0.0,0.5,True,hesitant,1838.25,713725.24,0.0,0.1868,1.0,0.289
67680.04083633423,0.488,0.493,0.543,0.518,1.0,0.392,0.653,neutral,neutral,0.0,0.5,True,hesitant,1838.25,713725.24,0.0,0.1868,1.0,0.289
67709.80501174927,0.49,0.501,0.543,0.516,1.0,0.387,0.608,neutral,neutral,0.0,0.5,True,hesitant,1838.25,713725.24,0.0,0.1868,1.0,0.289
67749.7763633728,0.488,0.506,0.543,0.504,1.0,0.346,0.54,neutral,neutral,0.0,0.5,True,hesitant,1838.25,713725.24,0.0,0.1868,1.0,0.289
67785.1288318634,0.493,0.515,0.543,0.509,1.0,0.362,0.512,neutral,neutral,0.0,0.5,True,hesitant,1838.25,713725.24,0.0,0.1868,1.0,0.289
67815.2904510498,0.494,0.524,0.543,0.501,1.0,0.335,0.439,neutral,neutral,0.0,0.5,True,hesitant,1838.25,713725.24,0.0,0.1868,1.0,0.289
67846.58432006836,0.499,0.533,0.543,0.508,1.0,0.359,0.416,neutral,neutral,0.0,0.5,True,hesitant,1838.25,713725.24,0.0,0.1868,1.0,0.289
67881.53958320618,0.498,0.531,0.543,0.508,1.0,0.359,0.426,neutral,neutral,0.0,0.5,True,hesitant,1838.25,713725.24,0.0,0.1868,1.0,0.289
67914.7458076477,0.495,0.527,0.543,0.501,1.0,0.337,0.427,neutral,neutral,0.0,0.5,True,hesitant,1838.25,713725.24,0.0,0.1868,1.0,0.289
67943.8362121582,0.494,0.524,0.543,0.503,1.0,0.344,0.45,neutral,neutral,0.0,0.5,True,hesitant,1838.25,713725.24,0.0,0.1868,1.0,0.289
68011.37495040894,0.492,0.522,0.543,0.498,1.0,0.325,0.44,neutral,neutral,0.0,0.5,True,hesitant,1838.25,713725.24,0.0,0.1868,1.0,0.289
68048.53296279907,0.501,0.537,0.543,0.511,1.0,0.371,0.409,neutral,neutral,0.0,0.5,True,hesitant,1838.25,713725.24,0.0,0.1868,1.0,0.289
68084.10239219666,0.506,0.543,0.543,0.519,1.0,0.396,0.402,neutral,neutral,0.0,0.5,True,hesitant,1838.25,713725.24,0.0,0.1868,1.0,0.289
68128.44443321228,0.503,0.534,0.543,0.521,1.0,0.402,0.457,neutral,neutral,0.0,0.5,True,hesitant,1838.25,713725.24,0.0,0.1868,1.0,0.289
68163.04421424866,0.501,0.53,0.568,0.548,1.0,0.494,0.497,neutral,neutral,0.0,0.5,True,hesitant,1882.04,650807.44,0.0001,0.1885,1.0,0.286
68196.41280174255,0.495,0.522,0.568,0.536,1.0,0.451,0.494,neutral,neutral,0.0,0.5,True,hesitant,1882.04,650807.44,0.0001,0.1885,1.0,0.286
68230.22770881653,0.501,0.527,0.568,0.551,1.0,0.502,0.523,neutral,neutral,0.0,0.5,True,hesitant,1882.04,650807.44,0.0001,0.1885,1.0,0.286
68257.92860984802,0.514,0.54,0.568,0.58,1.0,0.599,0.551,neutral,neutral,0.0,0.5,True,hesitant,1882.04,650807.44,0.0001,0.1885,1.0,0.286
68285.2201461792,0.503,0.515,0.568,0.572,1.0,0.572,0.656,neutral,neutral,0.0,0.5,True,hesitant,1882.04,650807.44,0.0001,0.1885,1.0,0.286
68324.08237457275,0.499,0.509,0.568,0.567,1.0,0.556,0.67,neutral,neutral,0.0,0.5,True,hesitant,1882.04,650807.44,0.0001,0.1885,1.0,0.286
68355.33905029297,0.479,0.479,0.568,0.535,1.0,0.449,0.727,neutral,neutral,0.0,0.5,True,hesitant,1882.04,650807.44,0.0001,0.1885,1.0,0.286
68385.37192344666,0.488,0.487,0.568,0.555,1.0,0.516,0.75,neutral,neutral,0.0,0.5,True,hesitant,1882.04,650807.44,0.0001,0.1885,1.0,0.286
68425.34923553467,0.474,0.472,0.568,0.525,1.0,0.417,0.732,neutral,neutral,0.0,0.5,True,hesitant,1882.04,650807.44,0.0001,0.1885,1.0,0.286
68456.37702941895,0.469,0.457,0.568,0.527,1.0,0.421,0.815,neutral,neutral,0.0,0.5,True,hesitant,1882.04,650807.44,0.0001,0.1885,1.0,0.286
68493.91078948975,0.483,0.474,0.568,0.552,1.0,0.506,0.809,neutral,neutral,0.0,0.5,True,hesitant,1882.04,650807.44,0.0001,0.1885,1.0,0.286
68536.5800857544,0.481,0.472,0.568,0.548,1.0,0.493,0.806,neutral,neutral,0.0,0.5,True,hesitant,1882.04,650807.44,0.0001,0.1885,1.0,0.286
68571.33364677429,0.477,0.466,0.568,0.542,1.0,0.473,0.816,neutral,neutral,0.0,0.5,True,hesitant,1882.04,650807.44,0.0001,0.1885,1.0,0.286
68606.83417320251,0.476,0.468,0.568,0.537,1.0,0.455,0.789,neutral,neutral,0.0,0.5,True,hesitant,1882.04,650807.44,0.0001,0.1885,1.0,0.286
68640.39826393127,0.476,0.469,0.568,0.537,1.0,0.455,0.781,neutral,neutral,0.0,0.5,True,hesitant,1882.04,650807.44,0.0001,0.1885,1.0,0.286
68669.39902305603,0.477,0.464,0.568,0.544,1.0,0.48,0.838,neutral,neutral,0.0,0.5,True,hesitant,1882.04,650807.44,0.0001,0.1885,1.0,0.286
68696.9473361969,0.48,0.47,0.568,0.548,1.0,0.493,0.818,neutral,neutral,0.0,0.5,True,hesitant,1882.04,650807.44,0.0001,0.1885,1.0,0.286
68732.35607147217,0.481,0.471,0.568,0.55,1.0,0.5,0.816,neutral,neutral,0.0,0.5,True,hesitant,1882.04,650807.44,0.0001,0.1885,1.0,0.286
68764.05954360962,0.485,0.482,0.568,0.549,1.0,0.495,0.753,neutral,neutral,0.0,0.5,True,hesitant,1882.04,650807.44,0.0001,0.1885,1.0,0.286
68792.35696792603,0.492,0.492,0.568,0.562,1.0,0.538,0.746,neutral,neutral,0.0,0.5,True,hesitant,1882.04,650807.44,0.0001,0.1885,1.0,0.286
68828.99522781372,0.495,0.499,0.568,0.564,1.0,0.547,0.715,neutral,neutral,0.0,0.5,True,hesitant,1882.04,650807.44,0.0001,0.1885,1.0,0.286
68856.70185089111,0.489,0.485,0.568,0.56,1.0,0.534,0.774,neutral,neutral,0.0,0.5,True,hesitant,1882.04,650807.44,0.0001,0.1885,1.0,0.286
68885.64276695251,0.482,0.471,0.568,0.554,1.0,0.514,0.83,neutral,neutral,0.0,0.5,True,hesitant,1882.04,650807.44,0.0001,0.1885,1.0,0.286
68927.12879180908,0.48,0.472,0.568,0.544,1.0,0.478,0.788,neutral,neutral,0.0,0.5,True,hesitant,1882.04,650807.44,0.0001,0.1885,1.0,0.286
68953.72128486633,0.464,0.442,0.568,0.528,1.0,0.426,0.897,neutral,neutral,0.0,0.5,True,hesitant,1882.04,650807.44,0.0001,0.1885,1.0,0.286
68982.31816291809,0.463,0.436,0.568,0.53,1.0,0.432,0.934,neutral,neutral,0.0,0.5,True,hesitant,1882.04,650807.44,0.0001,0.1885,1.0,0.286
69022.91870117188,0.466,0.436,0.568,0.541,1.0,0.469,0.973,neutral,neutral,0.0,0.5,True,hesitant,1882.04,650807.44,0.0001,0.1885,1.0,0.286
69051.37825012207,0.463,0.435,0.568,0.533,1.0,0.441,0.951,neutral,neutral,0.0,0.5,True,hesitant,1882.04,650807.44,0.0001,0.1885,1.0,0.286
69078.86362075806,0.457,0.43,0.568,0.518,1.0,0.393,0.928,neutral,neutral,0.0,0.5,True,hesitant,1882.04,650807.44,0.0001,0.1885,1.0,0.286
69111.96660995483,0.462,0.44,0.568,0.523,1.0,0.408,0.892,neutral,neutral,0.0,0.5,True,hesitant,1882.04,650807.44,0.0001,0.1885,1.0,0.286
69138.85688781738,0.457,0.431,0.568,0.518,1.0,0.393,0.925,neutral,neutral,0.0,0.5,True,hesitant,1882.04,650807.44,0.0001,0.1885,1.0,0.286
69165.62747955322,0.453,0.425,0.568,0.51,1.0,0.365,0.924,neutral,neutral,0.0,0.5,True,hesitant,1882.04,650807.44,0.0001,0.1885,1.0,0.286
69198.83012771606,0.453,0.428,0.568,0.507,1.0,0.357,0.903,neutral,neutral,0.0,0.5,True,hesitant,1882.04,650807.44,0.0001,0.1885,1.0,0.286
69226.70912742615,0.458,0.435,0.568,0.516,1.0,0.385,0.895,neutral,neutral,0.0,0.5,True,hesitant,1882.04,650807.44,0.0001,0.1885,1.0,0.286
69255.29217720032,0.456,0.433,0.568,0.511,1.0,0.37,0.891,neutral,neutral,0.0,0.5,True,hesitant,1882.04,650807.44,0.0001,0.1885,1.0,0.286
69287.58645057678,0.467,0.457,0.568,0.518,1.0,0.392,0.785,neutral,neutral,0.0,0.5,True,hesitant,1882.04,650807.44,0.0001,0.1885,1.0,0.286
69312.95132637024,0.478,0.473,0.568,0.538,1.0,0.458,0.765,neutral,neutral,0.0,0.5,True,hesitant,1882.04,650807.44,0.0001,0.1885,1.0,0.286
69340.00015258789,0.491,0.494,0.568,0.555,1.0,0.516,0.71,neutral,neutral,0.0,0.5,True,hesitant,1882.04,650807.44,0.0001,0.1885,1.0,0.286
69372.75457382202,0.496,0.51,0.568,0.553,1.0,0.51,0.62,neutral,neutral,0.0,0.5,True,hesitant,1882.04,650807.44,0.0001,0.1885,1.0,0.286
69401.78656578064,0.497,0.515,0.568,0.552,1.0,0.505,0.584,neutral,neutral,0.0,0.5,True,hesitant,1882.04,650807.44,0.0001,0.1885,1.0,0.286
69431.41055107117,0.498,0.521,0.568,0.549,1.0,0.495,0.546,neutral,neutral,0.0,0.5,True,hesitant,1882.04,650807.44,0.0001,0.1885,1.0,0.286
69465.91067314148,0.488,0.49,0.568,0.552,1.0,0.505,0.723,neutral,neutral,0.0,0.5,True,hesitant,1882.04,650807.44,0.0001,0.1885,1.0,0.286
69497.53952026367,0.495,0.498,0.568,0.564,1.0,0.545,0.718,neutral,neutral,0.0,0.5,True,hesitant,1882.04,650807.44,0.0001,0.1885,1.0,0.286
69525.57706832886,0.488,0.48,0.568,0.564,1.0,0.546,0.812,neutral,neutral,0.0,0.5,True,hesitant,1882.04,650807.44,0.0001,0.1885,1.0,0.286
69558.20035934448,0.489,0.485,0.568,0.56,1.0,0.534,0.777,neutral,neutral,0.0,0.5,True,hesitant,1882.04,650807.44,0.0001,0.1885,1.0,0.286
69589.3747806549,0.489,0.49,0.568,0.554,1.0,0.514,0.729,neutral,neutral,0.0,0.5,True,hesitant,1882.04,650807.44,0.0001,0.1885,1.0,0.286
69624.54891204834,0.487,0.485,0.568,0.554,1.0,0.512,0.756,neutral,neutral,0.0,0.5,True,hesitant,1882.04,650807.44,0.0001,0.1885,1.0,0.286
69659.67154502869,0.479,0.475,0.568,0.54,1.0,0.465,0.762,neutral,neutral,0.0,0.5,True,hesitant,1882.04,650807.44,0.0001,0.1885,1.0,0.286
69690.83499908447,0.478,0.476,0.568,0.534,1.0,0.445,0.735,neutral,neutral,0.0,0.5,True,hesitant,1882.04,650807.44,0.0001,0.1885,1.0,0.286
69733.3197593689,0.477,0.469,0.568,0.538,1.0,0.46,0.787,neutral,neutral,0.0,0.5,True,hesitant,1882.04,650807.44,0.0001,0.1885,1.0,0.286
69799.69811439514,0.493,0.489,0.568,0.57,1.0,0.564,0.786,neutral,neutral,0.0,0.5,True,hesitant,1882.04,650807.44,0.0001,0.1885,1.0,0.286
69837.59355545044,0.492,0.489,0.568,0.564,1.0,0.546,0.767,neutral,neutral,0.0,0.5,True,hesitant,1882.04,650807.44,0.0001,0.1885,1.0,0.286
69873.69227409363,0.492,0.495,0.568,0.559,1.0,0.53,0.715,neutral,neutral,0.0,0.5,True,hesitant,1882.04,650807.44,0.0001,0.1885,1.0,0.286
69915.5662059784,0.486,0.482,0.568,0.554,1.0,0.513,0.77,neutral,neutral,0.0,0.5,True,hesitant,1882.04,650807.44,0.0001,0.1885,1.0,0.286
69945.50371170044,0.479,0.477,0.583,0.554,1.0,0.511,0.753,neutral,neutral,0.0,0.5,True,hesitant,1741.23,808948.96,0.0001,0.1869,1.0,0.289
69973.48690032959,0.48,0.497,0.583,0.535,1.0,0.45,0.578,neutral,neutral,0.0,0.5,True,hesitant,1741.23,808948.96,0.0001,0.1869,1.0,0.289
70012.38250732422,0.48,0.499,0.583,0.53,1.0,0.433,0.549,neutral,neutral,0.0,0.5,True,hesitant,1741.23,808948.96,0.0001,0.1869,1.0,0.289
70042.23012924194,0.487,0.519,0.583,0.53,1.0,0.431,0.437,neutral,neutral,0.0,0.5,True,hesitant,1741.23,808948.96,0.0001,0.1869,1.0,0.289
70072.58749008179,0.488,0.517,0.583,0.536,1.0,0.454,0.471,neutral,neutral,0.0,0.5,True,hesitant,1741.23,808948.96,0.0001,0.1869,1.0,0.289
70106.87589645386,0.491,0.521,0.583,0.541,1.0,0.468,0.464,neutral,neutral,0.0,0.5,True,hesitant,1741.23,808948.96,0.0001,0.1869,1.0,0.289
70136.52181625366,0.488,0.517,0.583,0.538,1.0,0.458,0.474,neutral,neutral,0.0,0.5,True,hesitant,1741.23,808948.96,0.0001,0.1869,1.0,0.289
70164.64877128601,0.492,0.523,0.583,0.544,1.0,0.479,0.467,neutral,neutral,0.0,0.5,True,hesitant,1741.23,808948.96,0.0001,0.1869,1.0,0.289
70197.46112823486,0.477,0.502,0.583,0.517,1.0,0.388,0.493,neutral,neutral,0.0,0.5,True,hesitant,1741.23,808948.96,0.0001,0.1869,1.0,0.289
70226.42612457275,0.481,0.512,0.583,0.519,1.0,0.397,0.441,neutral,neutral,0.0,0.5,True,hesitant,1741.23,808948.96,0.0001,0.1869,1.0,0.289
70255.0675868988,0.482,0.507,0.583,0.528,1.0,0.426,0.498,neutral,neutral,0.0,0.5,True,hesitant,1741.23,808948.96,0.0001,0.1869,1.0,0.289
70289.41988945007,0.473,0.481,0.583,0.528,1.0,0.427,0.647,neutral,neutral,0.0,0.5,True,hesitant,1741.23,808948.96,0.0001,0.1869,1.0,0.289
70316.30253791809,0.471,0.478,0.583,0.527,1.0,0.424,0.661,neutral,neutral,0.0,0.5,True,hesitant,1741.23,808948.96,0.0001,0.1869,1.0,0.289
70348.88982772827,0.482,0.494,0.583,0.543,1.0,0.477,0.623,neutral,neutral,0.0,0.5,True,hesitant,1741.23,808948.96,0.0001,0.1869,1.0,0.289
70383.16226005554,0.476,0.485,0.583,0.536,1.0,0.454,0.65,neutral,neutral,0.0,0.5,True,hesitant,1741.23,808948.96,0.0001,0.1869,1.0,0.289
70411.8480682373,0.473,0.468,0.583,0.543,1.0,0.475,0.767,neutral,neutral,0.0,0.5,True,hesitant,1741.23,808948.96,0.0001,0.1869,1.0,0.289
70440.43469429016,0.454,0.43,0.583,0.525,1.0,0.416,0.921,neutral,neutral,0.0,0.5,True,hesitant,1741.23,808948.96,0.0001,0.1869,1.0,0.289
70479.0346622467,0.444,0.41,0.583,0.516,1.0,0.385,1.0,neutral,neutral,0.0,0.5,True,hesitant,1741.23,808948.96,0.0001,0.1869,1.0,0.289
70511.22975349426,0.447,0.413,0.583,0.522,1.0,0.405,1.0,neutral,neutral,0.0,0.5,True,hesitant,1741.23,808948.96,0.0001,0.1869,1.0,0.289
70550.01068115234,0.451,0.418,0.583,0.53,1.0,0.431,1.0,neutral,neutral,0.0,0.5,True,hesitant,1741.23,808948.96,0.0001,0.1869,1.0,0.289
70587.90516853333,0.454,0.422,0.583,0.536,1.0,0.451,1.0,neutral,neutral,0.0,0.5,True,hesitant,1741.23,808948.96,0.0001,0.1869,1.0,0.289
70623.81029129028,0.456,0.424,0.583,0.539,1.0,0.463,1.0,neutral,neutral,0.0,0.5,True,hesitant,1741.23,808948.96,0.0001,0.1869,1.0,0.289
70660.00056266785,0.462,0.431,0.583,0.55,1.0,0.498,1.0,neutral,neutral,0.0,0.5,True,hesitant,1741.23,808948.96,0.0001,0.1869,1.0,0.289
70701.88665390015,0.465,0.435,0.583,0.557,1.0,0.523,1.0,neutral,neutral,0.0,0.5,True,hesitant,1741.23,808948.96,0.0001,0.1869,1.0,0.289
70731.66680335999,0.463,0.433,0.583,0.552,1.0,0.506,0.993,neutral,neutral,0.0,0.5,True,hesitant,1741.23,808948.96,0.0001,0.1869,1.0,0.289
70758.95476341248,0.473,0.459,0.583,0.553,1.0,0.508,0.85,neutral,neutral,0.0,0.5,True,hesitant,1741.23,808948.96,0.0001,0.1869,1.0,0.289
70793.9944267273,0.474,0.458,0.583,0.559,1.0,0.53,0.88,neutral,neutral,0.0,0.5,True,hesitant,1741.23,808948.96,0.0001,0.1869,1.0,0.289
70822.99661636353,0.475,0.459,0.583,0.562,1.0,0.538,0.881,neutral,neutral,0.0,0.5,True,hesitant,1741.23,808948.96,0.0001,0.1869,1.0,0.289
70850.91042518616,0.478,0.464,0.583,0.565,1.0,0.549,0.867,neutral,neutral,0.0,0.5,True,hesitant,1741.23,808948.96,0.0001,0.1869,1.0,0.289
70889.01472091675,0.485,0.486,0.583,0.564,1.0,0.547,0.738,neutral,neutral,0.0,0.5,True,hesitant,1741.23,808948.96,0.0001,0.1869,1.0,0.289
70921.47254943848,0.489,0.498,0.583,0.564,1.0,0.547,0.674,neutral,neutral,0.0,0.5,True,hesitant,1741.23,808948.96,0.0001,0.1869,1.0,0.289
70949.57375526428,0.487,0.505,0.583,0.548,1.0,0.491,0.573,neutral,neutral,0.0,0.5,True,hesitant,1741.23,808948.96,0.0001,0.1869,1.0,0.289
70986.2208366394,0.487,0.506,0.583,0.546,1.0,0.485,0.567,neutral,neutral,0.0,0.5,True,hesitant,1741.23,808948.96,0.0001,0.1869,1.0,0.289
71019.28997039795,0.484,0.496,0.583,0.549,1.0,0.497,0.633,neutral,neutral,0.0,0.5,True,hesitant,1741.23,808948.96,0.0001,0.1869,1.0,0.289
71047.54281044006,0.469,0.475,0.583,0.524,1.0,0.412,0.661,neutral,neutral,0.0,0.5,True,hesitant,1741.23,808948.96,0.0001,0.1869,1.0,0.289
71085.09516716003,0.466,0.462,0.583,0.527,1.0,0.421,0.747,neutral,neutral,0.0,0.5,True,hesitant,1741.23,808948.96,0.0001,0.1869,1.0,0.289
71114.9640083313,0.473,0.474,0.583,0.536,1.0,0.453,0.71,neutral,neutral,0.0,0.5,True,hesitant,1741.23,808948.96,0.0001,0.1869,1.0,0.289
71147.77970314026,0.474,0.476,0.583,0.537,1.0,0.457,0.703,neutral,neutral,0.0,0.5,True,hesitant,1741.23,808948.96,0.0001,0.1869,1.0,0.289
71185.30583381653,0.472,0.48,0.583,0.528,1.0,0.425,0.652,neutral,neutral,0.0,0.5,True,hesitant,1741.23,808948.96,0.0001,0.1869,1.0,0.289
71217.55123138428,0.47,0.474,0.583,0.528,1.0,0.427,0.688,neutral,neutral,0.0,0.5,True,hesitant,1741.23,808948.96,0.0001,0.1869,1.0,0.289
71247.4913597107,0.47,0.472,0.583,0.531,1.0,0.435,0.703,neutral,neutral,0.0,0.5,True,hesitant,1741.23,808948.96,0.0001,0.1869,1.0,0.289
71283.17523002625,0.471,0.472,0.583,0.534,1.0,0.445,0.712,neutral,neutral,0.0,0.5,True,hesitant,1741.23,808948.96,0.0001,0.1869,1.0,0.289
71313.56406211853,0.476,0.477,0.583,0.545,1.0,0.483,0.722,neutral,neutral,0.0,0.5,True,hesitant,1741.23,808948.96,0.0001,0.1869,1.0,0.289
71339.8118019104,0.478,0.468,0.583,0.562,1.0,0.54,0.835,neutral,neutral,0.0,0.5,True,hesitant,1741.23,808948.96,0.0001,0.1869,1.0,0.289
71380.15174865723,0.481,0.478,0.583,0.56,1.0,0.534,0.766,neutral,neutral,0.0,0.5,True,hesitant,1741.23,808948.96,0.0001,0.1869,1.0,0.289
71410.15863418579,0.482,0.479,0.583,0.56,1.0,0.531,0.761,neutral,neutral,0.0,0.5,True,hesitant,1741.23,808948.96,0.0001,0.1869,1.0,0.289
71445.00875473022,0.479,0.476,0.583,0.556,1.0,0.519,0.766,neutral,neutral,0.0,0.5,True,hesitant,1741.23,808948.96,0.0001,0.1869,1.0,0.289
71491.96934700012,0.48,0.48,0.583,0.554,1.0,0.513,0.739,neutral,neutral,0.0,0.5,True,hesitant,1741.23,808948.96,0.0001,0.1869,1.0,0.289
71536.57579421997,0.48,0.469,0.583,0.567,1.0,0.555,0.838,neutral,neutral,0.0,0.5,True,hesitant,1741.23,808948.96,0.0001,0.1869,1.0,0.289
71580.01470565796,0.481,0.476,0.583,0.563,1.0,0.542,0.789,neutral,neutral,0.0,0.5,True,hesitant,1741.23,808948.96,0.0001,0.1869,1.0,0.289
71623.01516532898,0.468,0.449,0.583,0.551,1.0,0.503,0.904,neutral,neutral,0.0,0.5,True,hesitant,1741.23,808948.96,0.0001,0.1869,1.0,0.289
71660.32004356384,0.469,0.448,0.583,0.554,1.0,0.512,0.914,neutral,neutral,0.0,0.5,True,hesitant,1741.23,808948.96,0.0001,0.1869,1.0,0.289
71701.85613632202,0.472,0.445,0.576,0.56,1.0,0.535,0.976,neutral,neutral,0.0,0.5,True,hesitant,1931.16,568397.77,0.0,0.1976,1.0,0.271
71740.6644821167,0.479,0.458,0.576,0.567,1.0,0.555,0.928,neutral,neutral,0.0,0.5,True,hesitant,1931.16,568397.77,0.0,0.1976,1.0,0.271
71771.5277671814,0.479,0.462,0.576,0.563,1.0,0.542,0.894,neutral,neutral,0.0,0.5,True,hesitant,1931.16,568397.77,0.0,0.1976,1.0,0.271
71799.24249649048,0.466,0.44,0.576,0.545,1.0,0.484,0.953,neutral,neutral,0.0,0.5,True,hesitant,1931.16,568397.77,0.0,0.1976,1.0,0.271
71834.8913192749,0.465,0.44,0.576,0.542,1.0,0.472,0.941,neutral,neutral,0.0,0.5,True,hesitant,1931.16,568397.77,0.0,0.1976,1.0,0.271
71863.98267745972,0.476,0.459,0.576,0.556,1.0,0.521,0.892,neutral,neutral,0.0,0.5,True,hesitant,1931.16,568397.77,0.0,0.1976,1.0,0.271
71888.18979263306,0.476,0.459,0.576,0.556,1.0,0.521,0.892,neutral,neutral,0.0,0.5,True,hesitant,1931.16,568397.77,0.0,0.1976,1.0,0.271
71920.62973976135,0.471,0.448,0.576,0.554,1.0,0.515,0.943,neutral,neutral,0.0,0.5,True,hesitant,1931.16,568397.77,0.0,0.1976,1.0,0.271
71947.67665863037,0.46,0.428,0.576,0.54,1.0,0.467,1.0,neutral,neutral,0.0,0.5,True,hesitant,1931.16,568397.77,0.0,0.1976,1.0,0.271
71976.41563415527,0.404,0.437,0.665,0.446,1.0,0.437,0.952,neutral,neutral,0.522,0.276,True,hesitant,1931.16,568397.77,0.0,0.1976,1.0,0.271
72095.86954116821,0.417,0.467,0.665,0.454,1.0,0.463,0.809,neutral,neutral,0.522,0.276,True,hesitant,1931.16,568397.77,0.0,0.1976,1.0,0.271
72122.41387367249,0.411,0.45,0.665,0.455,1.0,0.469,0.905,neutral,neutral,0.522,0.276,True,hesitant,1931.16,568397.77,0.0,0.1976,1.0,0.271
72150.34985542297,0.421,0.469,0.659,0.457,1.0,0.473,0.805,neutral,neutral,0.504,0.277,True,hesitant,1931.16,568397.77,0.0,0.1976,1.0,0.271
72261.00444793701,0.426,0.474,0.659,0.469,1.0,0.513,0.815,neutral,neutral,0.504,0.277,True,hesitant,1931.16,568397.77,0.0,0.1976,1.0,0.271
72290.29130935669,0.425,0.475,0.659,0.464,1.0,0.497,0.798,neutral,neutral,0.504,0.277,True,hesitant,1931.16,568397.77,0.0,0.1976,1.0,0.271
72324.45168495178,0.477,0.46,0.576,0.56,1.0,0.535,0.899,neutral,neutral,0.0,0.5,True,hesitant,1931.16,568397.77,0.0,0.1976,1.0,0.271
72360.51797866821,0.479,0.466,0.576,0.559,1.0,0.531,0.862,neutral,neutral,0.0,0.5,True,hesitant,1931.16,568397.77,0.0,0.1976,1.0,0.271
72390.94305038452,0.476,0.47,0.576,0.545,1.0,0.483,0.793,neutral,neutral,0.0,0.5,True,hesitant,1931.16,568397.77,0.0,0.1976,1.0,0.271
72420.78256607056,0.474,0.464,0.576,0.543,1.0,0.477,0.815,neutral,neutral,0.0,0.5,True,hesitant,1931.16,568397.77,0.0,0.1976,1.0,0.271
72456.66933059692,0.476,0.469,0.576,0.544,1.0,0.479,0.791,neutral,neutral,0.0,0.5,True,hesitant,1931.16,568397.77,0.0,0.1976,1.0,0.271
72485.15701293945,0.48,0.474,0.576,0.551,1.0,0.505,0.797,neutral,neutral,0.0,0.5,True,hesitant,1931.16,568397.77,0.0,0.1976,1.0,0.271
72545.2561378479,0.47,0.456,0.576,0.54,1.0,0.467,0.849,neutral,neutral,0.0,0.5,True,hesitant,1931.16,568397.77,0.0,0.1976,1.0,0.271
72577.44789123535,0.469,0.462,0.576,0.53,1.0,0.435,0.788,neutral,neutral,0.0,0.5,True,hesitant,1931.16,568397.77,0.0,0.1976,1.0,0.271
72610.75758934021,0.471,0.461,0.576,0.538,1.0,0.46,0.817,neutral,neutral,0.0,0.5,True,hesitant,1931.16,568397.77,0.0,0.1976,1.0,0.271
72638.85569572449,0.466,0.455,0.576,0.527,1.0,0.422,0.812,neutral,neutral,0.0,0.5,True,hesitant,1931.16,568397.77,0.0,0.1976,1.0,0.271
72673.73061180115,0.476,0.475,0.576,0.538,1.0,0.46,0.743,neutral,neutral,0.0,0.5,True,hesitant,1931.16,568397.77,0.0,0.1976,1.0,0.271
72700.21224021912,0.459,0.444,0.576,0.519,1.0,0.397,0.847,neutral,neutral,0.0,0.5,True,hesitant,1931.16,568397.77,0.0,0.1976,1.0,0.271
72732.06281661987,0.407,0.449,0.658,0.434,1.0,0.389,0.832,neutral,neutral,0.497,0.27,True,hesitant,1931.16,568397.77,0.0,0.1976,1.0,0.271
72846.843957901,0.424,0.474,0.658,0.461,1.0,0.48,0.782,neutral,neutral,0.497,0.27,True,hesitant,1931.16,568397.77,0.0,0.1976,1.0,0.271
72875.28038024902,0.433,0.493,0.658,0.468,1.0,0.504,0.701,neutral,neutral,0.497,0.27,True,hesitant,1931.16,568397.77,0.0,0.1976,1.0,0.271
72901.84688568115,0.48,0.484,0.576,0.541,1.0,0.47,0.708,neutral,neutral,0.0,0.5,True,hesitant,1931.16,568397.77,0.0,0.1976,1.0,0.271
72935.44268608093,0.48,0.477,0.576,0.548,1.0,0.492,0.764,neutral,neutral,0.0,0.5,True,hesitant,1931.16,568397.77,0.0,0.1976,1.0,0.271
72964.00880813599,0.474,0.473,0.576,0.535,1.0,0.45,0.748,neutral,neutral,0.0,0.5,True,hesitant,1931.16,568397.77,0.0,0.1976,1.0,0.271
72997.21789360046,0.426,0.483,0.657,0.458,1.0,0.518,0.779,neutral,neutral,0.506,0.295,True,hesitant,1931.16,568397.77,0.0,0.1976,1.0,0.271
73117.22111701965,0.411,0.45,0.657,0.444,1.0,0.471,0.916,neutral,neutral,0.506,0.295,True,hesitant,1931.16,568397.77,0.0,0.1976,1.0,0.271
73143.99266242981,0.423,0.47,0.657,0.462,1.0,0.532,0.867,neutral,neutral,0.506,0.295,True,hesitant,1931.16,568397.77,0.0,0.1976,1.0,0.271
73178.79152297974,0.482,0.468,0.576,0.567,1.0,0.555,0.877,neutral,neutral,0.0,0.5,True,hesitant,1931.16,568397.77,0.0,0.1976,1.0,0.271
73213.13381195068,0.482,0.463,0.576,0.572,1.0,0.572,0.918,neutral,neutral,0.0,0.5,True,hesitant,1931.16,568397.77,0.0,0.1976,1.0,0.271
73244.07601356506,0.487,0.469,0.576,0.581,1.0,0.602,0.92,neutral,neutral,0.0,0.5,True,hesitant,1931.16,568397.77,0.0,0.1976,1.0,0.271
73277.90808677673,0.486,0.471,0.576,0.576,1.0,0.588,0.896,neutral,neutral,0.0,0.5,True,hesitant,1931.16,568397.77,0.0,0.1976,1.0,0.271
73329.17261123657,0.496,0.497,0.576,0.58,1.0,0.599,0.768,neutral,neutral,0.0,0.5,True,hesitant,1931.16,568397.77,0.0,0.1976,1.0,0.271
73364.1185760498,0.497,0.5,0.576,0.58,1.0,0.601,0.75,neutral,neutral,0.0,0.5,True,hesitant,1931.16,568397.77,0.0,0.1976,1.0,0.271
73399.5201587677,0.487,0.482,0.576,0.565,1.0,0.55,0.795,neutral,neutral,0.0,0.5,True,hesitant,1931.16,568397.77,0.0,0.1976,1.0,0.271
73440.87958335876,0.473,0.457,0.576,0.548,1.0,0.495,0.871,neutral,neutral,0.0,0.5,True,hesitant,1931.16,568397.77,0.0,0.1976,1.0,0.271
73477.34069824219,0.528,0.476,0.433,0.543,1.0,0.478,1.0,neutral,neutral,0.0,0.5,True,hesitant,2231.2,72575.82,0.0,0.206,1.0,0.414
73504.81820106506,0.456,0.473,0.557,0.451,1.0,0.451,1.0,neutral,neutral,0.506,0.268,True,hesitant,2231.2,72575.82,0.0,0.206,1.0,0.414
73617.4247264862,0.446,0.461,0.557,0.432,1.0,0.388,1.0,neutral,neutral,0.506,0.268,True,hesitant,2231.2,72575.82,0.0,0.206,1.0,0.414
73648.28705787659,0.446,0.461,0.557,0.433,1.0,0.391,1.0,neutral,neutral,0.506,0.268,True,hesitant,2231.2,72575.82,0.0,0.206,1.0,0.414
73677.76894569397,0.442,0.453,0.547,0.418,1.0,0.343,1.0,neutral,neutral,0.481,0.272,True,hesitant,2231.2,72575.82,0.0,0.206,1.0,0.414
73804.80074882507,0.434,0.442,0.547,0.402,1.0,0.291,1.0,neutral,neutral,0.481,0.272,True,hesitant,2231.2,72575.82,0.0,0.206,1.0,0.414
73834.38110351562,0.431,0.439,0.547,0.397,1.0,0.272,1.0,neutral,neutral,0.481,0.272,True,hesitant,2231.2,72575.82,0.0,0.206,1.0,0.414
73864.69006538391,0.494,0.433,0.433,0.481,1.0,0.27,1.0,neutral,neutral,0.0,0.5,True,hesitant,2231.2,72575.82,0.0,0.206,1.0,0.414
73899.43957328796,0.495,0.434,0.433,0.482,1.0,0.272,1.0,neutral,neutral,0.0,0.5,True,hesitant,2231.2,72575.82,0.0,0.206,1.0,0.414
73929.59880828857,0.494,0.433,0.433,0.48,1.0,0.265,1.0,neutral,neutral,0.0,0.5,True,hesitant,2231.2,72575.82,0.0,0.206,1.0,0.414
73956.14671707153,0.432,0.435,0.555,0.414,1.0,0.268,1.0,neutral,fear,0.493,0.215,True,hesitant,2231.2,72575.82,0.0,0.206,1.0,0.414
74096.42601013184,0.431,0.433,0.555,0.412,1.0,0.261,1.0,neutral,fear,0.493,0.215,True,hesitant,2231.2,72575.82,0.0,0.206,1.0,0.414
74123.89135360718,0.421,0.421,0.555,0.393,1.0,0.198,1.0,neutral,fear,0.493,0.215,True,hesitant,2231.2,72575.82,0.0,0.206,1.0,0.414
74153.84888648987,0.5,0.441,0.433,0.492,1.0,0.307,1.0,neutral,neutral,0.0,0.5,True,hesitant,2231.2,72575.82,0.0,0.206,1.0,0.414
74193.6559677124,0.505,0.447,0.433,0.501,1.0,0.337,1.0,neutral,neutral,0.0,0.5,True,hesitant,2231.2,72575.82,0.0,0.206,1.0,0.414
74226.32312774658,0.52,0.465,0.433,0.528,1.0,0.428,1.0,neutral,neutral,0.0,0.5,True,hesitant,2231.2,72575.82,0.0,0.206,1.0,0.414
74255.88774681091,0.468,0.482,0.543,0.466,1.0,0.496,1.0,neutral,neutral,0.469,0.261,True,hesitant,2231.2,72575.82,0.0,0.206,1.0,0.414
74401.64589881897,0.463,0.475,0.543,0.456,1.0,0.464,1.0,neutral,neutral,0.469,0.261,True,hesitant,2231.2,72575.82,0.0,0.206,1.0,0.414
74432.29079246521,0.467,0.48,0.543,0.463,1.0,0.487,1.0,neutral,neutral,0.469,0.261,True,hesitant,2231.2,72575.82,0.0,0.206,1.0,0.414
74462.06617355347,0.469,0.487,0.552,0.473,1.0,0.519,1.0,neutral,neutral,0.495,0.27,True,hesitant,2231.2,72575.82,0.0,0.206,1.0,0.414
74596.28129005432,0.469,0.487,0.552,0.473,1.0,0.519,1.0,neutral,neutral,0.495,0.27,True,hesitant,2231.2,72575.82,0.0,0.206,1.0,0.414
74623.54016304016,0.485,0.507,0.552,0.504,1.0,0.623,1.0,neutral,neutral,0.495,0.27,True,hesitant,2231.2,72575.82,0.0,0.206,1.0,0.414
74651.59296989441,0.484,0.503,0.55,0.501,1.0,0.608,1.0,neutral,neutral,0.487,0.263,True,hesitant,2231.2,72575.82,0.0,0.206,1.0,0.414
74776.86142921448,0.482,0.5,0.55,0.497,1.0,0.595,1.0,neutral,neutral,0.487,0.263,True,hesitant,2231.2,72575.82,0.0,0.206,1.0,0.414
74806.57196044922,0.483,0.502,0.55,0.5,1.0,0.605,1.0,neutral,neutral,0.487,0.263,True,hesitant,2231.2,72575.82,0.0,0.206,1.0,0.414
74836.1885547638,0.536,0.486,0.433,0.558,1.0,0.526,1.0,neutral,neutral,0.0,0.5,True,hesitant,2231.2,72575.82,0.0,0.206,1.0,0.414
74876.07216835022,0.527,0.474,0.433,0.541,1.0,0.471,1.0,neutral,neutral,0.0,0.5,True,hesitant,2231.2,72575.82,0.0,0.206,1.0,0.414
74908.04290771484,0.526,0.474,0.433,0.54,1.0,0.467,1.0,neutral,neutral,0.0,0.5,True,hesitant,2231.2,72575.82,0.0,0.206,1.0,0.414
74940.2084350586,0.523,0.469,0.433,0.534,1.0,0.445,1.0,neutral,neutral,0.0,0.5,True,hesitant,2231.2,72575.82,0.0,0.206,1.0,0.414
74976.09066963196,0.528,0.48,0.433,0.538,1.0,0.459,0.958,neutral,neutral,0.0,0.5,True,hesitant,2231.2,72575.82,0.0,0.206,1.0,0.414
75006.80303573608,0.532,0.495,0.433,0.533,1.0,0.442,0.867,neutral,neutral,0.0,0.5,True,hesitant,2231.2,72575.82,0.0,0.206,1.0,0.414
75048.03156852722,0.544,0.531,0.433,0.532,1.0,0.44,0.689,neutral,neutral,0.0,0.5,True,hesitant,2231.2,72575.82,0.0,0.206,1.0,0.414
75101.36604309082,0.545,0.536,0.433,0.53,1.0,0.433,0.66,neutral,neutral,0.0,0.5,True,hesitant,2231.2,72575.82,0.0,0.206,1.0,0.414
75138.90266418457,0.544,0.529,0.433,0.534,1.0,0.447,0.712,neutral,neutral,0.0,0.5,True,hesitant,2231.2,72575.82,0.0,0.206,1.0,0.414
75174.65281486511,0.542,0.521,0.433,0.538,1.0,0.459,0.757,neutral,neutral,0.0,0.5,True,hesitant,2231.2,72575.82,0.0,0.206,1.0,0.414
75221.62747383118,0.499,0.509,0.549,0.543,1.0,0.477,0.653,neutral,neutral,0.0,0.5,True,hesitant,2285.71,0.0,0.0,0.204,1.0,0.26
75253.12423706055,0.505,0.517,0.549,0.554,1.0,0.514,0.653,neutral,neutral,0.0,0.5,True,hesitant,2285.71,0.0,0.0,0.204,1.0,0.26
75281.04829788208,0.517,0.532,0.549,0.575,1.0,0.582,0.645,neutral,neutral,0.0,0.5,True,hesitant,2285.71,0.0,0.0,0.204,1.0,0.26
75317.87300109863,0.514,0.53,0.549,0.57,1.0,0.568,0.646,neutral,neutral,0.0,0.5,True,hesitant,2285.71,0.0,0.0,0.204,1.0,0.26
75346.78292274475,0.518,0.541,0.549,0.568,1.0,0.561,0.586,neutral,neutral,0.0,0.5,True,hesitant,2285.71,0.0,0.0,0.204,1.0,0.26
75378.63683700562,0.45,0.536,0.654,0.471,1.0,0.525,0.568,neutral,neutral,0.508,0.275,True,hesitant,2285.71,0.0,0.0,0.204,1.0,0.26
75524.84917640686,0.451,0.537,0.654,0.472,1.0,0.527,0.564,neutral,neutral,0.508,0.275,True,hesitant,2285.71,0.0,0.0,0.204,1.0,0.26
75553.5352230072,0.448,0.536,0.654,0.464,1.0,0.499,0.542,neutral,neutral,0.508,0.275,True,hesitant,2285.71,0.0,0.0,0.204,1.0,0.26
75585.22152900696,0.452,0.538,0.644,0.464,1.0,0.523,0.556,neutral,neutral,0.488,0.287,True,hesitant,2285.71,0.0,0.0,0.204,1.0,0.26
75720.53575515747,0.446,0.533,0.644,0.448,1.0,0.471,0.536,neutral,neutral,0.488,0.287,True,hesitant,2285.71,0.0,0.0,0.204,1.0,0.26
75753.0779838562,0.442,0.524,0.644,0.446,1.0,0.462,0.569,neutral,neutral,0.488,0.287,True,hesitant,2285.71,0.0,0.0,0.204,1.0,0.26
75783.93983840942,0.426,0.505,0.649,0.423,1.0,0.385,0.59,neutral,neutral,0.498,0.28,True,hesitant,2285.71,0.0,0.0,0.204,1.0,0.26
75927.60682106018,0.433,0.521,0.649,0.425,1.0,0.391,0.512,neutral,neutral,0.498,0.28,True,hesitant,2285.71,0.0,0.0,0.204,1.0,0.26
75956.36940002441,0.444,0.537,0.649,0.443,1.0,0.452,0.489,neutral,neutral,0.498,0.28,True,hesitant,2285.71,0.0,0.0,0.204,1.0,0.26
75985.10599136353,0.448,0.541,0.652,0.457,1.0,0.476,0.494,neutral,neutral,0.502,0.272,True,hesitant,2285.71,0.0,0.0,0.204,1.0,0.26
76107.15389251709,0.434,0.517,0.652,0.437,1.0,0.41,0.549,neutral,neutral,0.502,0.272,True,hesitant,2285.71,0.0,0.0,0.204,1.0,0.26
76134.81712341309,0.435,0.524,0.652,0.434,1.0,0.4,0.505,neutral,neutral,0.502,0.272,True,hesitant,2285.71,0.0,0.0,0.204,1.0,0.26
76161.7751121521,0.498,0.518,0.549,0.531,1.0,0.438,0.571,neutral,neutral,0.0,0.5,True,hesitant,2285.71,0.0,0.0,0.204,1.0,0.26
76199.3670463562,0.504,0.524,0.549,0.542,1.0,0.472,0.575,neutral,neutral,0.0,0.5,True,hesitant,2285.71,0.0,0.0,0.204,1.0,0.26
76230.79133033752,0.516,0.538,0.549,0.566,1.0,0.554,0.59,neutral,neutral,0.0,0.5,True,hesitant,2285.71,0.0,0.0,0.204,1.0,0.26
76262.624502182,0.517,0.541,0.549,0.566,1.0,0.552,0.577,neutral,neutral,0.0,0.5,True,hesitant,2285.71,0.0,0.0,0.204,1.0,0.26
76302.29258537292,0.497,0.514,0.549,0.532,1.0,0.441,0.594,neutral,neutral,0.0,0.5,True,hesitant,2285.71,0.0,0.0,0.204,1.0,0.26
76332.83495903015,0.494,0.507,0.549,0.529,1.0,0.431,0.619,neutral,neutral,0.0,0.5,True,hesitant,2285.71,0.0,0.0,0.204,1.0,0.26
76361.89556121826,0.503,0.513,0.549,0.551,1.0,0.505,0.661,neutral,neutral,0.0,0.5,True,hesitant,2285.71,0.0,0.0,0.204,1.0,0.26
76400.40373802185,0.52,0.527,0.549,0.591,1.0,0.637,0.726,neutral,neutral,0.0,0.5,True,hesitant,2285.71,0.0,0.0,0.204,1.0,0.26
76427.74057388306,0.531,0.539,0.549,0.616,1.0,0.719,0.75,neutral,neutral,0.0,0.5,True,hesitant,2285.71,0.0,0.0,0.204,1.0,0.26
76457.28588104248,0.51,0.497,0.549,0.594,1.0,0.647,0.885,neutral,neutral,0.0,0.5,True,hesitant,2285.71,0.0,0.0,0.204,1.0,0.26
76495.03827095032,0.478,0.45,0.549,0.541,1.0,0.469,0.936,neutral,neutral,0.0,0.5,True,hesitant,2285.71,0.0,0.0,0.204,1.0,0.26
76526.17931365967,0.477,0.446,0.549,0.543,1.0,0.477,0.962,neutral,neutral,0.0,0.5,True,hesitant,2285.71,0.0,0.0,0.204,1.0,0.26
76559.6730709076,0.492,0.473,0.549,0.562,1.0,0.539,0.891,neutral,neutral,0.0,0.5,True,hesitant,2285.71,0.0,0.0,0.204,1.0,0.26
76601.42540931702,0.48,0.452,0.549,0.546,1.0,0.488,0.944,neutral,neutral,0.0,0.5,True,hesitant,2285.71,0.0,0.0,0.204,1.0,0.26
76634.21487808228,0.487,0.471,0.549,0.549,1.0,0.497,0.862,neutral,neutral,0.0,0.5,True,hesitant,2285.71,0.0,0.0,0.204,1.0,0.26
76673.75469207764,0.491,0.475,0.549,0.556,1.0,0.519,0.864,neutral,neutral,0.0,0.5,True,hesitant,2285.71,0.0,0.0,0.204,1.0,0.26
76712.22853660583,0.473,0.452,0.549,0.524,1.0,0.414,0.87,neutral,neutral,0.0,0.5,True,hesitant,2285.71,0.0,0.0,0.204,1.0,0.26
76736.76443099976,0.464,0.426,0.549,0.524,1.0,0.412,0.999,neutral,neutral,0.0,0.5,True,hesitant,2285.71,0.0,0.0,0.204,1.0,0.26
76767.82059669495,0.473,0.437,0.549,0.541,1.0,0.471,1.0,neutral,neutral,0.0,0.5,True,hesitant,2285.71,0.0,0.0,0.204,1.0,0.26
76829.83112335205,0.471,0.434,0.549,0.536,1.0,0.454,1.0,neutral,neutral,0.0,0.5,True,hesitant,2285.71,0.0,0.0,0.204,1.0,0.26
76870.6750869751,0.471,0.435,0.549,0.538,1.0,0.461,1.0,neutral,neutral,0.0,0.5,True,hesitant,2285.71,0.0,0.0,0.204,1.0,0.26
76907.9647064209,0.47,0.433,0.549,0.535,1.0,0.449,1.0,neutral,neutral,0.0,0.5,True,hesitant,2285.71,0.0,0.0,0.204,1.0,0.26
76956.57062530518,0.451,0.409,0.549,0.499,1.0,0.33,1.0,neutral,neutral,0.0,0.5,True,hesitant,2285.71,0.0,0.0,0.204,1.0,0.26
76992.44499206543,0.492,0.436,0.447,0.485,1.0,0.282,1.0,neutral,neutral,0.0,0.5,True,hesitant,2257.55,41667.52,0.0,0.2063,1.0,0.419
77024.58143234253,0.494,0.44,0.447,0.489,1.0,0.298,1.0,neutral,neutral,0.0,0.5,True,hesitant,2257.55,41667.52,0.0,0.2063,1.0,0.419
77061.27262115479,0.493,0.438,0.447,0.486,1.0,0.288,1.0,neutral,neutral,0.0,0.5,True,hesitant,2257.55,41667.52,0.0,0.2063,1.0,0.419
77092.19098091125,0.491,0.436,0.447,0.484,1.0,0.281,1.0,neutral,neutral,0.0,0.5,True,hesitant,2257.55,41667.52,0.0,0.2063,1.0,0.419
77139.95885848999,0.424,0.434,0.567,0.401,1.0,0.247,1.0,neutral,disgust,0.539,0.26,True,hesitant,2257.55,41667.52,0.0,0.2063,1.0,0.419
77282.9327583313,0.426,0.436,0.567,0.405,1.0,0.26,1.0,neutral,disgust,0.539,0.26,True,hesitant,2257.55,41667.52,0.0,0.2063,1.0,0.419
77309.65900421143,0.419,0.428,0.567,0.391,1.0,0.216,1.0,neutral,disgust,0.539,0.26,True,hesitant,2257.55,41667.52,0.0,0.2063,1.0,0.419
77340.4848575592,0.489,0.433,0.447,0.479,1.0,0.263,1.0,neutral,neutral,0.0,0.5,True,hesitant,2257.55,41667.52,0.0,0.2063,1.0,0.419
77378.33523750305,0.491,0.436,0.447,0.484,1.0,0.28,1.0,neutral,neutral,0.0,0.5,True,hesitant,2257.55,41667.52,0.0,0.2063,1.0,0.419
77409.5766544342,0.505,0.453,0.447,0.51,1.0,0.367,1.0,backward,neutral,0.0,0.5,True,hesitant,2257.55,41667.52,0.0,0.2063,1.0,0.419
84667.07491874695,0.405,0.425,0.632,0.424,1.0,0.304,0.935,neutral,fear,0.52,0.23,True,hesitant,1425.37,1086255.44,0.0,0.1613,1.0,0.331
84809.70525741577,0.403,0.419,0.632,0.424,1.0,0.305,0.969,neutral,fear,0.52,0.23,True,hesitant,1425.37,1086255.44,0.0,0.1613,1.0,0.331
84840.30652046204,0.413,0.443,0.632,0.429,1.0,0.323,0.85,neutral,fear,0.52,0.23,True,hesitant,1425.37,1086255.44,0.0,0.1613,1.0,0.331
84871.38962745667,0.423,0.461,0.632,0.444,1.0,0.371,0.796,neutral,fear,0.523,0.234,True,hesitant,1425.37,1086255.44,0.0,0.1613,1.0,0.331
85003.51691246033,0.419,0.455,0.632,0.437,1.0,0.346,0.807,neutral,fear,0.523,0.234,True,hesitant,1425.37,1086255.44,0.0,0.1613,1.0,0.331
85031.75401687622,0.418,0.455,0.632,0.432,1.0,0.331,0.792,neutral,fear,0.523,0.234,True,hesitant,1425.37,1086255.44,0.0,0.1613,1.0,0.331
85058.18033218384,0.423,0.465,0.629,0.434,1.0,0.346,0.75,neutral,fear,0.512,0.238,True,hesitant,1425.37,1086255.44,0.0,0.1613,1.0,0.331
85178.03645133972,0.413,0.444,0.629,0.426,1.0,0.319,0.839,neutral,fear,0.512,0.238,True,hesitant,1425.37,1086255.44,0.0,0.1613,1.0,0.331
85206.51698112488,0.416,0.443,0.629,0.438,1.0,0.36,0.891,neutral,fear,0.512,0.238,True,hesitant,1425.37,1086255.44,0.0,0.1613,1.0,0.331
85236.49477958679,0.406,0.429,0.628,0.418,1.0,0.31,0.925,backward,neutral,0.515,0.261,True,hesitant,1425.37,1086255.44,0.0,0.1613,1.0,0.331
85356.69994354248,0.408,0.437,0.628,0.416,1.0,0.304,0.873,backward,neutral,0.515,0.261,True,hesitant,1425.37,1086255.44,0.0,0.1613,1.0,0.331
85385.4193687439,0.408,0.435,0.628,0.419,1.0,0.314,0.892,backward,neutral,0.515,0.261,True,hesitant,1425.37,1086255.44,0.0,0.1613,1.0,0.331
85415.33732414246,0.418,0.445,0.63,0.444,1.0,0.38,0.893,backward,fear,0.515,0.233,True,hesitant,1425.37,1086255.44,0.0,0.1613,1.0,0.331
85545.87173461914,0.417,0.446,0.63,0.438,1.0,0.358,0.869,backward,fear,0.515,0.233,True,hesitant,1425.37,1086255.44,0.0,0.1613,1.0,0.331
85575.6483078003,0.433,0.472,0.63,0.462,1.0,0.439,0.799,neutral,fear,0.515,0.233,True,hesitant,1425.37,1086255.44,0.0,0.1613,1.0,0.331
85606.87470436096,0.501,0.494,0.545,0.563,1.0,0.543,0.774,neutral,neutral,0.0,0.5,True,hesitant,1425.37,1086255.44,0.0,0.1613,1.0,0.331
85644.95515823364,0.506,0.496,0.545,0.577,1.0,0.589,0.807,neutral,neutral,0.0,0.5,True,hesitant,1425.37,1086255.44,0.0,0.1613,1.0,0.331
85678.50065231323,0.509,0.505,0.545,0.576,1.0,0.586,0.757,neutral,neutral,0.0,0.5,True,hesitant,1425.37,1086255.44,0.0,0.1613,1.0,0.331
85709.86557006836,0.498,0.493,0.545,0.555,1.0,0.516,0.758,neutral,neutral,0.0,0.5,True,hesitant,1425.37,1086255.44,0.0,0.1613,1.0,0.331
85751.95670127869,0.493,0.476,0.545,0.556,1.0,0.52,0.852,neutral,neutral,0.0,0.5,True,hesitant,1425.37,1086255.44,0.0,0.1613,1.0,0.331
85806.960105896,0.478,0.458,0.545,0.527,1.0,0.423,0.853,neutral,neutral,0.0,0.5,True,hesitant,1425.37,1086255.44,0.0,0.1613,1.0,0.331
85841.52841567993,0.508,0.501,0.545,0.578,1.0,0.594,0.786,neutral,neutral,0.0,0.5,False,hesitant,1425.37,1086255.44,0.0,0.1613,1.0,0.331
85887.05468177795,0.505,0.493,0.545,0.577,1.0,0.591,0.828,neutral,neutral,0.0,0.5,False,hesitant,1425.37,1086255.44,0.0,0.1613,1.0,0.331
85920.82571983337,0.522,0.521,0.545,0.601,1.0,0.669,0.753,neutral,neutral,0.0,0.5,False,hesitant,1425.37,1086255.44,0.0,0.1613,1.0,0.331
85956.51412010193,0.479,0.527,0.598,0.513,1.0,0.683,0.876,neutral,neutral,0.481,0.294,True,hesitant,1486.68,1007670.84,0.0001,0.1687,1.0,0.319
86078.74369621277,0.482,0.531,0.598,0.517,1.0,0.697,0.872,neutral,neutral,0.481,0.294,True,hesitant,1486.68,1007670.84,0.0001,0.1687,1.0,0.319
86105.62324523926,0.466,0.504,0.598,0.496,1.0,0.624,0.932,neutral,neutral,0.481,0.294,True,hesitant,1486.68,1007670.84,0.0001,0.1687,1.0,0.319
86145.55525779724,0.44,0.47,0.615,0.469,1.0,0.478,0.946,neutral,fear,0.504,0.239,True,hesitant,1486.68,1007670.84,0.0001,0.1687,1.0,0.319
86278.65076065063,0.443,0.477,0.615,0.471,1.0,0.487,0.918,neutral,fear,0.504,0.239,True,hesitant,1486.68,1007670.84,0.0001,0.1687,1.0,0.319
86309.21959877014,0.434,0.458,0.615,0.462,1.0,0.456,0.981,neutral,fear,0.504,0.239,True,hesitant,1486.68,1007670.84,0.0001,0.1687,1.0,0.319
86338.92726898193,0.424,0.442,0.614,0.447,1.0,0.397,1.0,neutral,fear,0.498,0.23,True,hesitant,1486.68,1007670.84,0.0001,0.1687,1.0,0.319
86491.48964881897,0.422,0.44,0.614,0.444,1.0,0.388,1.0,neutral,fear,0.498,0.23,True,hesitant,1486.68,1007670.84,0.0001,0.1687,1.0,0.319
86520.16186714172,0.423,0.441,0.614,0.444,1.0,0.388,1.0,neutral,fear,0.498,0.23,True,hesitant,1486.68,1007670.84,0.0001,0.1687,1.0,0.319
86550.13370513916,0.429,0.449,0.614,0.457,1.0,0.397,0.965,neutral,fear,0.488,0.199,True,hesitant,1486.68,1007670.84,0.0001,0.1687,1.0,0.319
86672.72329330444,0.438,0.455,0.614,0.478,1.0,0.468,1.0,neutral,fear,0.488,0.199,True,hesitant,1486.68,1007670.84,0.0001,0.1687,1.0,0.319
86706.97069168091,0.442,0.462,0.614,0.485,1.0,0.492,0.995,neutral,fear,0.488,0.199,True,hesitant,1486.68,1007670.84,0.0001,0.1687,1.0,0.319
86739.2385005951,0.447,0.467,0.613,0.493,1.0,0.525,1.0,neutral,fear,0.49,0.216,True,hesitant,1486.68,1007670.84,0.0001,0.1687,1.0,0.319
86852.6656627655,0.44,0.459,0.613,0.48,1.0,0.483,1.0,neutral,fear,0.49,0.216,True,hesitant,1486.68,1007670.84,0.0001,0.1687,1.0,0.319
86883.16249847412,0.446,0.473,0.613,0.483,1.0,0.492,0.942,neutral,fear,0.49,0.216,True,hesitant,1486.68,1007670.84,0.0001,0.1687,1.0,0.319
86947.6535320282,0.449,0.484,0.618,0.487,1.0,0.5,0.897,neutral,fear,0.508,0.224,True,hesitant,1486.68,1007670.84,0.0001,0.1687,1.0,0.319
87082.94749259949,0.451,0.488,0.618,0.487,1.0,0.5,0.875,neutral,fear,0.508,0.224,True,hesitant,1486.68,1007670.84,0.0001,0.1687,1.0,0.319
87110.22663116455,0.428,0.458,0.618,0.446,1.0,0.361,0.887,neutral,fear,0.508,0.224,True,hesitant,1486.68,1007670.84,0.0001,0.1687,1.0,0.319
87141.42274856567,0.423,0.44,0.614,0.447,1.0,0.386,1.0,neutral,fear,0.498,0.229,True,hesitant,1486.68,1007670.84,0.0001,0.1687,1.0,0.319
87278.22136878967,0.42,0.436,0.614,0.44,1.0,0.363,1.0,neutral,fear,0.498,0.229,True,hesitant,1486.68,1007670.84,0.0001,0.1687,1.0,0.319
87307.18326568604,0.41,0.423,0.614,0.423,1.0,0.304,1.0,neutral,fear,0.498,0.229,True,hesitant,1486.68,1007670.84,0.0001,0.1687,1.0,0.319
87348.33717346191,0.4,0.41,0.616,0.406,1.0,0.239,1.0,neutral,fear,0.501,0.223,True,hesitant,1486.68,1007670.84,0.0001,0.1687,1.0,0.319
87471.87304496765,0.39,0.398,0.616,0.388,1.0,0.179,1.0,neutral,fear,0.501,0.223,True,hesitant,1486.68,1007670.84,0.0001,0.1687,1.0,0.319
87503.75461578369,0.395,0.404,0.616,0.397,1.0,0.21,1.0,neutral,fear,0.501,0.223,True,hesitant,1486.68,1007670.84,0.0001,0.1687,1.0,0.319
87549.42607879639,0.394,0.401,0.618,0.399,1.0,0.196,1.0,neutral,fear,0.505,0.212,True,hesitant,1486.68,1007670.84,0.0001,0.1687,1.0,0.319
87730.1459312439,0.41,0.414,0.588,0.403,1.0,0.212,1.0,neutral,fear,0.505,0.212,True,hesitant,898.72,985262.29,0.0001,0.1348,1.0,0.376
87763.53764533997,0.41,0.414,0.588,0.404,1.0,0.215,1.0,neutral,fear,0.505,0.212,True,hesitant,898.72,985262.29,0.0001,0.1348,1.0,0.376
87789.39056396484,0.409,0.416,0.583,0.393,1.0,0.212,1.0,neutral,fear,0.497,0.246,True,hesitant,898.72,985262.29,0.0001,0.1348,1.0,0.376
87926.80740356445,0.419,0.427,0.583,0.412,1.0,0.273,1.0,neutral,fear,0.497,0.246,True,hesitant,898.72,985262.29,0.0001,0.1348,1.0,0.376
87961.7908000946,0.426,0.436,0.583,0.425,1.0,0.319,1.0,neutral,fear,0.497,0.246,True,hesitant,898.72,985262.29,0.0001,0.1348,1.0,0.376
87989.9206161499,0.425,0.437,0.575,0.412,1.0,0.315,1.0,neutral,neutral,0.484,0.278,True,hesitant,898.72,985262.29,0.0001,0.1348,1.0,0.376
88114.7243976593,0.444,0.459,0.575,0.447,1.0,0.432,1.0,neutral,neutral,0.484,0.278,True,hesitant,898.72,985262.29,0.0001,0.1348,1.0,0.376
88142.84896850586,0.476,0.513,0.575,0.492,1.0,0.582,0.861,neutral,neutral,0.484,0.278,True,hesitant,898.72,985262.29,0.0001,0.1348,1.0,0.376
88172.50990867615,0.483,0.54,0.583,0.493,1.0,0.564,0.697,neutral,fear,0.497,0.244,True,hesitant,898.72,985262.29,0.0001,0.1348,1.0,0.376
88293.8597202301,0.489,0.551,0.583,0.5,1.0,0.589,0.662,neutral,fear,0.497,0.244,True,hesitant,898.72,985262.29,0.0001,0.1348,1.0,0.376
88323.67444038391,0.505,0.585,0.583,0.515,1.0,0.639,0.531,neutral,fear,0.497,0.244,True,hesitant,898.72,985262.29,0.0001,0.1348,1.0,0.376
88353.82556915283,0.503,0.587,0.577,0.5,1.0,0.617,0.504,neutral,neutral,0.485,0.268,True,hesitant,898.72,985262.29,0.0001,0.1348,1.0,0.376
88476.95207595825,0.508,0.597,0.577,0.503,1.0,0.627,0.458,neutral,neutral,0.485,0.268,True,hesitant,898.72,985262.29,0.0001,0.1348,1.0,0.376
88503.55529785156,0.514,0.605,0.577,0.513,1.0,0.659,0.449,neutral,neutral,0.485,0.268,True,hesitant,898.72,985262.29,0.0001,0.1348,1.0,0.376
88538.36989402771,0.526,0.617,0.576,0.538,1.0,0.74,0.465,neutral,neutral,0.482,0.268,True,hesitant,898.72,985262.29,0.0001,0.1348,1.0,0.376
88640.25735855103,0.521,0.607,0.576,0.534,1.0,0.726,0.503,neutral,neutral,0.482,0.268,True,hesitant,898.72,985262.29,0.0001,0.1348,1.0,0.376
88667.84739494324,0.51,0.58,0.576,0.528,1.0,0.705,0.624,neutral,neutral,0.482,0.268,True,hesitant,898.72,985262.29,0.0001,0.1348,1.0,0.376
88698.87089729309,0.57,0.583,0.476,0.608,1.0,0.691,0.612,neutral,neutral,0.0,0.5,True,hesitant,898.72,985262.29,0.0001,0.1348,1.0,0.376
88734.96651649475,0.569,0.577,0.476,0.611,1.0,0.704,0.656,neutral,neutral,0.0,0.5,True,hesitant,898.72,985262.29,0.0001,0.1348,1.0,0.376
88766.82209968567,0.567,0.574,0.476,0.61,1.0,0.699,0.664,neutral,neutral,0.0,0.5,True,hesitant,898.72,985262.29,0.0001,0.1348,1.0,0.376
88797.49894142151,0.562,0.567,0.476,0.602,1.0,0.673,0.673,neutral,neutral,0.0,0.5,True,hesitant,898.72,985262.29,0.0001,0.1348,1.0,0.376
88833.2085609436,0.557,0.555,0.476,0.598,1.0,0.66,0.723,neutral,neutral,0.0,0.5,True,hesitant,898.72,985262.29,0.0001,0.1348,1.0,0.376
88859.78960990906,0.55,0.544,0.476,0.587,1.0,0.623,0.738,neutral,neutral,0.0,0.5,True,hesitant,898.72,985262.29,0.0001,0.1348,1.0,0.376
88888.96250724792,0.551,0.539,0.476,0.597,1.0,0.656,0.8,neutral,neutral,0.0,0.5,True,hesitant,898.72,985262.29,0.0001,0.1348,1.0,0.376
88928.64418029785,0.556,0.548,0.476,0.604,1.0,0.68,0.778,neutral,neutral,0.0,0.5,True,hesitant,898.72,985262.29,0.0001,0.1348,1.0,0.376
88961.72380447388,0.548,0.534,0.476,0.591,1.0,0.634,0.803,neutral,neutral,0.0,0.5,True,hesitant,898.72,985262.29,0.0001,0.1348,1.0,0.376
88996.71936035156,0.469,0.507,0.595,0.498,1.0,0.58,0.889,neutral,fear,0.537,0.253,True,hesitant,898.72,985262.29,0.0001,0.1348,1.0,0.376
89110.88943481445,0.486,0.526,0.595,0.535,1.0,0.704,0.91,neutral,fear,0.537,0.253,True,hesitant,898.72,985262.29,0.0001,0.1348,1.0,0.376
89137.26830482483,0.486,0.526,0.595,0.533,1.0,0.695,0.902,neutral,fear,0.537,0.253,True,hesitant,898.72,985262.29,0.0001,0.1348,1.0,0.376
89165.7874584198,0.473,0.509,0.582,0.496,1.0,0.583,0.879,neutral,neutral,0.498,0.258,True,hesitant,898.72,985262.29,0.0001,0.1348,1.0,0.376
89271.92616462708,0.496,0.545,0.582,0.531,1.0,0.702,0.81,neutral,neutral,0.498,0.258,True,hesitant,898.72,985262.29,0.0001,0.1348,1.0,0.376
89311.62118911743,0.467,0.506,0.582,0.479,1.0,0.529,0.841,neutral,neutral,0.498,0.258,True,hesitant,898.72,985262.29,0.0001,0.1348,1.0,0.376
89352.33759880066,0.538,0.519,0.476,0.575,1.0,0.583,0.827,neutral,neutral,0.0,0.5,True,hesitant,898.72,985262.29,0.0001,0.1348,1.0,0.376
89391.86096191406,0.54,0.513,0.476,0.59,1.0,0.631,0.906,neutral,neutral,0.0,0.5,True,hesitant,898.72,985262.29,0.0001,0.1348,1.0,0.376
89420.98784446716,0.538,0.514,0.476,0.584,1.0,0.611,0.882,neutral,neutral,0.0,0.5,True,hesitant,898.72,985262.29,0.0001,0.1348,1.0,0.376
89452.64434814453,0.459,0.511,0.613,0.481,1.0,0.606,0.831,neutral,neutral,0.484,0.316,True,hesitant,1486.27,1076012.94,0.0,0.1767,1.0,0.306
89561.8851184845,0.459,0.503,0.613,0.492,1.0,0.644,0.909,neutral,neutral,0.484,0.316,True,hesitant,1486.27,1076012.94,0.0,0.1767,1.0,0.306
89590.30222892761,0.451,0.496,0.613,0.473,1.0,0.581,0.883,neutral,neutral,0.484,0.316,True,hesitant,1486.27,1076012.94,0.0,0.1767,1.0,0.306
89621.16265296936,0.456,0.502,0.613,0.483,1.0,0.588,0.853,neutral,neutral,0.476,0.298,True,hesitant,1486.27,1076012.94,0.0,0.1767,1.0,0.306
89731.51063919067,0.433,0.475,0.613,0.439,1.0,0.44,0.85,neutral,neutral,0.476,0.298,True,hesitant,1486.27,1076012.94,0.0,0.1767,1.0,0.306
89763.55361938477,0.443,0.491,0.613,0.452,1.0,0.484,0.81,neutral,neutral,0.476,0.298,True,hesitant,1486.27,1076012.94,0.0,0.1767,1.0,0.306
89794.34251785278,0.415,0.455,0.621,0.412,1.0,0.316,0.822,neutral,neutral,0.489,0.272,True,hesitant,1486.27,1076012.94,0.0,0.1767,1.0,0.306
89909.28030014038,0.421,0.462,0.621,0.421,1.0,0.343,0.814,neutral,neutral,0.489,0.272,True,hesitant,1486.27,1076012.94,0.0,0.1767,1.0,0.306
89938.22407722473,0.418,0.456,0.621,0.42,1.0,0.34,0.839,neutral,neutral,0.489,0.272,True,hesitant,1486.27,1076012.94,0.0,0.1767,1.0,0.306
89967.98801422119,0.422,0.468,0.627,0.426,1.0,0.352,0.785,neutral,neutral,0.5,0.259,True,hesitant,1486.27,1076012.94,0.0,0.1767,1.0,0.306
90095.15619277954,0.44,0.496,0.627,0.454,1.0,0.444,0.729,neutral,neutral,0.5,0.259,True,hesitant,1486.27,1076012.94,0.0,0.1767,1.0,0.306
90123.5556602478,0.444,0.505,0.627,0.456,1.0,0.453,0.692,neutral,neutral,0.5,0.259,True,hesitant,1486.27,1076012.94,0.0,0.1767,1.0,0.306
90152.3666381836,0.459,0.533,0.632,0.48,1.0,0.504,0.597,neutral,fear,0.503,0.225,True,hesitant,1486.27,1076012.94,0.0,0.1767,1.0,0.306
90261.76142692566,0.46,0.531,0.632,0.484,1.0,0.518,0.621,neutral,fear,0.503,0.225,True,hesitant,1486.27,1076012.94,0.0,0.1767,1.0,0.306
90301.45215988159,0.464,0.533,0.632,0.495,1.0,0.555,0.647,neutral,fear,0.503,0.225,True,hesitant,1486.27,1076012.94,0.0,0.1767,1.0,0.306
90333.00256729126,0.472,0.549,0.63,0.5,1.0,0.566,0.573,neutral,fear,0.498,0.226,True,hesitant,1486.27,1076012.94,0.0,0.1767,1.0,0.306
90466.64881706238,0.479,0.562,0.63,0.51,1.0,0.601,0.543,neutral,fear,0.498,0.226,True,hesitant,1486.27,1076012.94,0.0,0.1767,1.0,0.306
90500.32949447632,0.48,0.564,0.63,0.509,1.0,0.596,0.527,neutral,fear,0.498,0.226,True,hesitant,1486.27,1076012.94,0.0,0.1767,1.0,0.306
90532.60827064514,0.476,0.565,0.625,0.491,1.0,0.593,0.521,neutral,neutral,0.5,0.276,True,hesitant,1486.27,1076012.94,0.0,0.1767,1.0,0.306
90670.39942741394,0.476,0.565,0.625,0.49,1.0,0.588,0.514,neutral,neutral,0.5,0.276,True,hesitant,1486.27,1076012.94,0.0,0.1767,1.0,0.306
90700.16098022461,0.468,0.556,0.625,0.475,1.0,0.539,0.515,neutral,neutral,0.5,0.276,True,hesitant,1486.27,1076012.94,0.0,0.1767,1.0,0.306
90744.00281906128,0.445,0.514,0.62,0.439,1.0,0.376,0.566,neutral,fear,0.471,0.236,True,hesitant,1486.27,1076012.94,0.0,0.1767,1.0,0.306
90876.67608261108,0.451,0.519,0.62,0.454,1.0,0.424,0.593,neutral,fear,0.471,0.236,True,hesitant,1486.27,1076012.94,0.0,0.1767,1.0,0.306
90906.7690372467,0.442,0.497,0.62,0.449,1.0,0.408,0.685,neutral,fear,0.471,0.236,True,hesitant,1486.27,1076012.94,0.0,0.1767,1.0,0.306
90938.960313797,0.436,0.489,0.628,0.45,1.0,0.368,0.689,neutral,fear,0.485,0.21,True,hesitant,1486.27,1076012.94,0.0,0.1767,1.0,0.306
91149.64079856873,0.43,0.478,0.628,0.443,1.0,0.343,0.718,neutral,fear,0.485,0.21,True,hesitant,1486.27,1076012.94,0.0,0.1767,1.0,0.306
91185.1897239685,0.419,0.457,0.628,0.429,1.0,0.298,0.778,neutral,fear,0.485,0.21,True,hesitant,1486.27,1076012.94,0.0,0.1767,1.0,0.306
91215.72041511536,0.417,0.451,0.629,0.431,1.0,0.246,0.802,neutral,fear,0.525,0.158,True,hesitant,1521.92,985482.75,0.0001,0.1677,1.0,0.321
91347.23734855652,0.413,0.446,0.629,0.423,1.0,0.222,0.801,neutral,fear,0.525,0.158,True,hesitant,1521.92,985482.75,0.0001,0.1677,1.0,0.321
91375.84972381592,0.407,0.435,0.629,0.417,1.0,0.199,0.831,neutral,fear,0.525,0.158,True,hesitant,1521.92,985482.75,0.0001,0.1677,1.0,0.321
91404.86025810242,0.416,0.449,0.616,0.416,1.0,0.23,0.798,backward,fear,0.499,0.201,True,hesitant,1521.92,985482.75,0.0001,0.1677,1.0,0.321
