timestamp_ms,performance_score,confidence_score,stress_score,engagement_score,posture_score,openness_score,fidget_score,lean,dominant_emotion,face_stress,face_confidence,eye_contact,tone_label,pitch_mean,pitch_variance,energy,speaking_rate,pause_ratio,tone_overall
548.699140548706,0.575,0.741,0.521,0.495,1.0,0.776,0.0,neutral,neutral,0.299,0.357,True,unknown,0.0,0.0,0.0,0.0,0.0,0.0
736.2568378448486,0.48,0.499,0.521,0.46,1.0,0.659,1.0,neutral,neutral,0.299,0.357,True,unknown,0.0,0.0,0.0,0.0,0.0,0.0
765.7983303070068,0.484,0.505,0.518,0.462,1.0,0.679,1.0,neutral,neutral,0.302,0.368,True,unknown,0.0,0.0,0.0,0.0,0.0,0.0
903.4626483917236,0.474,0.491,0.518,0.444,1.0,0.617,1.0,neutral,neutral,0.302,0.368,True,unknown,0.0,0.0,0.0,0.0,0.0,0.0
931.1816692352295,0.47,0.486,0.518,0.437,1.0,0.594,1.0,neutral,neutral,0.302,0.368,True,unknown,0.0,0.0,0.0,0.0,0.0,0.0
962.2189998626709,0.472,0.488,0.523,0.446,1.0,0.609,1.0,neutral,neutral,0.301,0.355,True,unknown,0.0,0.0,0.0,0.0,0.0,0.0
1087.58544921875,0.466,0.481,0.523,0.436,1.0,0.575,1.0,neutral,neutral,0.301,0.355,True,unknown,0.0,0.0,0.0,0.0,0.0,0.0
1120.1808452606201,0.45,0.46,0.523,0.408,1.0,0.48,1.0,neutral,neutral,0.301,0.355,True,unknown,0.0,0.0,0.0,0.0,0.0,0.0
1152.7912616729736,0.447,0.46,0.52,0.392,1.0,0.458,1.0,neutral,neutral,0.317,0.388,True,unknown,0.0,0.0,0.0,0.0,0.0,0.0
1285.726547241211,0.444,0.457,0.52,0.387,1.0,0.443,1.0,neutral,neutral,0.317,0.388,True,unknown,0.0,0.0,0.0,0.0,0.0,0.0
1316.5993690490723,0.443,0.456,0.52,0.385,1.0,0.437,1.0,neutral,neutral,0.317,0.388,True,unknown,0.0,0.0,0.0,0.0,0.0,0.0
1351.9518375396729,0.449,0.461,0.52,0.398,1.0,0.469,1.0,neutral,neutral,0.31,0.375,True,unknown,0.0,0.0,0.0,0.0,0.0,0.0
1491.4002418518066,0.453,0.472,0.52,0.399,1.0,0.473,0.949,neutral,neutral,0.31,0.375,True,unknown,0.0,0.0,0.0,0.0,0.0,0.0
1520.2314853668213,0.441,0.459,0.52,0.373,1.0,0.385,0.92,neutral,neutral,0.31,0.375,True,unknown,0.0,0.0,0.0,0.0,0.0,0.0
1557.093858718872,0.455,0.479,0.515,0.391,1.0,0.456,0.903,neutral,neutral,0.305,0.38,True,unknown,0.0,0.0,0.0,0.0,0.0,0.0
1699.2900371551514,0.459,0.496,0.515,0.387,1.0,0.44,0.811,neutral,neutral,0.305,0.38,True,unknown,0.0,0.0,0.0,0.0,0.0,0.0
1728.776454925537,0.453,0.486,0.515,0.378,1.0,0.411,0.827,neutral,neutral,0.305,0.38,True,unknown,0.0,0.0,0.0,0.0,0.0,0.0
1773.247241973877,0.448,0.477,0.515,0.37,1.0,0.403,0.87,neutral,neutral,0.315,0.395,True,unknown,0.0,0.0,0.0,0.0,0.0,0.0
1901.430606842041,0.453,0.494,0.515,0.369,1.0,0.4,0.787,neutral,neutral,0.315,0.395,True,unknown,0.0,0.0,0.0,0.0,0.0,0.0
1931.7681789398193,0.449,0.481,0.515,0.371,1.0,0.404,0.85,neutral,neutral,0.315,0.395,True,unknown,0.0,0.0,0.0,0.0,0.0,0.0
1965.785264968872,0.434,0.453,0.532,0.373,1.0,0.412,0.992,neutral,neutral,0.336,0.391,True,unknown,0.0,0.0,0.0,0.0,0.0,0.0
2626.9185543060303,0.442,0.472,0.532,0.377,1.0,0.424,0.913,neutral,neutral,0.336,0.391,True,unknown,0.0,0.0,0.0,0.0,0.0,0.0
2660.393714904785,0.446,0.467,0.532,0.396,1.0,0.487,1.0,neutral,neutral,0.336,0.391,True,unknown,0.0,0.0,0.0,0.0,0.0,0.0
2693.1231021881104,0.417,0.44,0.675,0.496,1.0,0.452,1.0,neutral,surprise,0.356,0.106,True,unknown,0.0,0.0,0.0,0.0,0.0,0.0
2835.4759216308594,0.415,0.437,0.675,0.493,1.0,0.442,1.0,neutral,surprise,0.356,0.106,True,unknown,0.0,0.0,0.0,0.0,0.0,0.0
2864.819049835205,0.417,0.44,0.675,0.496,1.0,0.45,1.0,neutral,surprise,0.356,0.106,True,unknown,0.0,0.0,0.0,0.0,0.0,0.0
2896.078109741211,0.425,0.434,0.635,0.486,1.0,0.426,1.0,neutral,surprise,0.284,0.113,False,unknown,0.0,0.0,0.0,0.0,0.0,0.0
3031.691551208496,0.421,0.428,0.635,0.479,1.0,0.403,1.0,neutral,surprise,0.284,0.113,False,unknown,0.0,0.0,0.0,0.0,0.0,0.0
3065.535068511963,0.422,0.429,0.635,0.48,1.0,0.406,1.0,neutral,surprise,0.284,0.113,False,unknown,0.0,0.0,0.0,0.0,0.0,0.0
3097.102403640747,0.422,0.429,0.651,0.498,1.0,0.406,1.0,neutral,surprise,0.269,0.069,True,unknown,0.0,0.0,0.0,0.0,0.0,0.0
3268.5904502868652,0.423,0.431,0.651,0.5,1.0,0.412,1.0,neutral,surprise,0.269,0.069,True,unknown,0.0,0.0,0.0,0.0,0.0,0.0
3302.5271892547607,0.427,0.437,0.651,0.508,1.0,0.441,1.0,neutral,surprise,0.269,0.069,True,unknown,0.0,0.0,0.0,0.0,0.0,0.0
3335.3230953216553,0.461,0.455,0.564,0.497,1.0,0.452,1.0,neutral,surprise,0.322,0.127,False,hesitant,1902.68,609950.39,0.0025,0.1791,0.901,0.334
3486.4375591278076,0.475,0.473,0.564,0.524,1.0,0.543,1.0,neutral,surprise,0.322,0.127,False,hesitant,1902.68,609950.39,0.0025,0.1791,0.901,0.334
3518.554449081421,0.473,0.47,0.564,0.52,1.0,0.53,1.0,neutral,surprise,0.322,0.127,False,hesitant,1902.68,609950.39,0.0025,0.1791,0.901,0.334
3551.457643508911,0.46,0.47,0.552,0.464,1.0,0.506,1.0,backward,surprise,0.389,0.294,True,hesitant,1902.68,609950.39,0.0025,0.1791,0.901,0.334
3669.555187225342,0.441,0.446,0.552,0.426,1.0,0.38,1.0,backward,surprise,0.389,0.294,True,hesitant,1902.68,609950.39,0.0025,0.1791,0.901,0.334
3702.286958694458,0.443,0.449,0.552,0.431,1.0,0.397,1.0,backward,surprise,0.389,0.294,True,hesitant,1902.68,609950.39,0.0025,0.1791,0.901,0.334
3733.6533069610596,0.445,0.459,0.556,0.431,1.0,0.443,1.0,backward,neutral,0.403,0.303,True,hesitant,1902.68,609950.39,0.0025,0.1791,0.901,0.334
3857.9323291778564,0.449,0.464,0.556,0.439,1.0,0.47,1.0,backward,neutral,0.403,0.303,True,hesitant,1902.68,609950.39,0.0025,0.1791,0.901,0.334
3887.693166732788,0.464,0.481,0.556,0.466,1.0,0.558,1.0,backward,neutral,0.403,0.303,True,hesitant,1902.68,609950.39,0.0025,0.1791,0.901,0.334
3920.029878616333,0.468,0.489,0.527,0.436,1.0,0.559,1.0,backward,neutral,0.372,0.38,True,hesitant,1902.68,609950.39,0.0025,0.1791,0.901,0.334
4061.4020824432373,0.462,0.482,0.527,0.426,1.0,0.527,1.0,backward,neutral,0.372,0.38,True,hesitant,1902.68,609950.39,0.0025,0.1791,0.901,0.334
4092.444896697998,0.448,0.465,0.527,0.398,1.0,0.433,1.0,backward,neutral,0.372,0.38,True,hesitant,1902.68,609950.39,0.0025,0.1791,0.901,0.334
4123.335123062134,0.45,0.455,0.5,0.386,1.0,0.388,1.0,backward,neutral,0.312,0.372,True,hesitant,1902.68,609950.39,0.0025,0.1791,0.901,0.334
4269.180774688721,0.451,0.456,0.5,0.387,1.0,0.393,1.0,backward,neutral,0.312,0.372,True,hesitant,1902.68,609950.39,0.0025,0.1791,0.901,0.334
4299.868106842041,0.453,0.459,0.5,0.392,1.0,0.408,1.0,backward,neutral,0.312,0.372,True,hesitant,1902.68,609950.39,0.0025,0.1791,0.901,0.334
4328.6097049713135,0.463,0.474,0.5,0.406,1.0,0.474,1.0,backward,neutral,0.322,0.39,True,hesitant,1902.68,609950.39,0.0025,0.1791,0.901,0.334
4473.338603973389,0.462,0.474,0.5,0.405,1.0,0.472,1.0,backward,neutral,0.322,0.39,True,hesitant,1902.68,609950.39,0.0025,0.1791,0.901,0.334
4504.693031311035,0.452,0.461,0.5,0.385,1.0,0.407,1.0,backward,neutral,0.322,0.39,True,hesitant,1902.68,609950.39,0.0025,0.1791,0.901,0.334
4535.38179397583,0.459,0.468,0.503,0.403,1.0,0.446,1.0,backward,neutral,0.324,0.382,True,hesitant,1902.68,609950.39,0.0025,0.1791,0.901,0.334
4681.951522827148,0.442,0.448,0.503,0.371,1.0,0.339,1.0,backward,neutral,0.324,0.382,True,hesitant,1902.68,609950.39,0.0025,0.1791,0.901,0.334
4712.057113647461,0.438,0.443,0.503,0.363,1.0,0.312,1.0,backward,neutral,0.324,0.382,True,hesitant,1902.68,609950.39,0.0025,0.1791,0.901,0.334
4745.301723480225,0.431,0.438,0.52,0.367,1.0,0.29,1.0,backward,neutral,0.356,0.378,True,hesitant,1902.68,609950.39,0.0025,0.1791,0.901,0.334
4863.114595413208,0.436,0.444,0.52,0.376,1.0,0.323,1.0,backward,neutral,0.356,0.378,True,hesitant,1902.68,609950.39,0.0025,0.1791,0.901,0.334
4894.638776779175,0.44,0.448,0.52,0.383,1.0,0.345,1.0,backward,neutral,0.356,0.378,True,hesitant,1902.68,609950.39,0.0025,0.1791,0.901,0.334
4924.27134513855,0.442,0.451,0.514,0.381,1.0,0.363,1.0,backward,neutral,0.342,0.374,True,hesitant,1902.68,609950.39,0.0025,0.1791,0.901,0.334
5113.513708114624,0.444,0.453,0.514,0.384,1.0,0.375,1.0,backward,neutral,0.342,0.374,True,hesitant,1902.68,609950.39,0.0025,0.1791,0.901,0.334
5144.038438796997,0.441,0.45,0.514,0.378,1.0,0.355,1.0,backward,neutral,0.342,0.374,True,hesitant,1902.68,609950.39,0.0025,0.1791,0.901,0.334
5180.083751678467,0.439,0.455,0.522,0.376,1.0,0.368,1.0,backward,neutral,0.365,0.413,True,hesitant,1811.81,720217.23,0.0026,0.1777,0.901,0.334
5313.094615936279,0.439,0.455,0.522,0.375,1.0,0.366,1.0,backward,neutral,0.365,0.413,True,hesitant,1811.81,720217.23,0.0026,0.1777,0.901,0.334
5342.6103591918945,0.435,0.45,0.522,0.367,1.0,0.338,1.0,backward,neutral,0.365,0.413,True,hesitant,1811.81,720217.23,0.0026,0.1777,0.901,0.334
5371.753454208374,0.431,0.438,0.53,0.379,1.0,0.32,1.0,backward,neutral,0.354,0.354,True,hesitant,1811.81,720217.23,0.0026,0.1777,0.901,0.334
5499.900102615356,0.443,0.452,0.53,0.401,1.0,0.395,1.0,backward,neutral,0.354,0.354,True,hesitant,1811.81,720217.23,0.0026,0.1777,0.901,0.334
5535.041332244873,0.44,0.448,0.53,0.394,1.0,0.371,1.0,backward,neutral,0.354,0.354,True,hesitant,1811.81,720217.23,0.0026,0.1777,0.901,0.334
5564.574480056763,0.443,0.446,0.533,0.413,1.0,0.384,1.0,backward,neutral,0.336,0.311,True,hesitant,1811.81,720217.23,0.0026,0.1777,0.901,0.334
5687.4120235443115,0.446,0.449,0.533,0.417,1.0,0.4,1.0,backward,neutral,0.336,0.311,True,hesitant,1811.81,720217.23,0.0026,0.1777,0.901,0.334
5717.964649200439,0.448,0.452,0.533,0.421,1.0,0.412,1.0,backward,neutral,0.336,0.311,True,hesitant,1811.81,720217.23,0.0026,0.1777,0.901,0.334
5747.426986694336,0.452,0.455,0.513,0.406,1.0,0.416,1.0,backward,neutral,0.307,0.34,True,hesitant,1811.81,720217.23,0.0026,0.1777,0.901,0.334
5873.458385467529,0.455,0.459,0.513,0.414,1.0,0.441,1.0,backward,neutral,0.307,0.34,True,hesitant,1811.81,720217.23,0.0026,0.1777,0.901,0.334
5904.284238815308,0.463,0.469,0.513,0.428,1.0,0.489,1.0,backward,neutral,0.307,0.34,True,hesitant,1811.81,720217.23,0.0026,0.1777,0.901,0.334
5935.661315917969,0.453,0.46,0.514,0.406,1.0,0.441,1.0,backward,neutral,0.314,0.351,True,hesitant,1811.81,720217.23,0.0026,0.1777,0.901,0.334
6062.026262283325,0.444,0.45,0.514,0.388,1.0,0.382,1.0,backward,neutral,0.314,0.351,True,hesitant,1811.81,720217.23,0.0026,0.1777,0.901,0.334
6092.353582382202,0.448,0.467,0.514,0.382,1.0,0.359,0.883,backward,neutral,0.314,0.351,True,hesitant,1811.81,720217.23,0.0026,0.1777,0.901,0.334
6123.471021652222,0.451,0.486,0.516,0.371,1.0,0.325,0.752,backward,neutral,0.321,0.354,True,hesitant,1811.81,720217.23,0.0026,0.1777,0.901,0.334
6254.416942596436,0.454,0.494,0.516,0.373,1.0,0.33,0.71,backward,neutral,0.321,0.354,True,hesitant,1811.81,720217.23,0.0026,0.1777,0.901,0.334
6284.175395965576,0.451,0.481,0.516,0.377,1.0,0.345,0.795,backward,neutral,0.321,0.354,True,hesitant,1811.81,720217.23,0.0026,0.1777,0.901,0.334
6315.964937210083,0.461,0.51,0.534,0.397,1.0,0.38,0.672,backward,neutral,0.353,0.337,True,hesitant,1811.81,720217.23,0.0026,0.1777,0.901,0.334
6439.759016036987,0.476,0.527,0.534,0.427,1.0,0.482,0.682,backward,neutral,0.353,0.337,True,hesitant,1811.81,720217.23,0.0026,0.1777,0.901,0.334
6471.028804779053,0.482,0.54,0.534,0.433,1.0,0.5,0.629,backward,neutral,0.353,0.337,True,hesitant,1811.81,720217.23,0.0026,0.1777,0.901,0.334
6502.284288406372,0.489,0.555,0.508,0.408,1.0,0.471,0.534,backward,neutral,0.31,0.365,True,hesitant,1811.81,720217.23,0.0026,0.1777,0.901,0.334
6794.57688331604,0.475,0.517,0.508,0.407,1.0,0.468,0.731,backward,neutral,0.31,0.365,True,hesitant,1811.81,720217.23,0.0026,0.1777,0.901,0.334
6863.564968109131,0.474,0.513,0.508,0.408,1.0,0.47,0.758,backward,neutral,0.31,0.365,True,hesitant,1811.81,720217.23,0.0026,0.1777,0.901,0.334
6921.22745513916,0.45,0.499,0.566,0.411,1.0,0.469,0.744,backward,neutral,0.345,0.351,True,hesitant,2285.71,0.0,0.0,0.2002,1.0,0.266
7321.795701980591,0.45,0.487,0.566,0.424,1.0,0.513,0.852,backward,neutral,0.345,0.351,True,hesitant,2285.71,0.0,0.0,0.2002,1.0,0.266
7369.68731880188,0.448,0.483,0.566,0.424,1.0,0.513,0.877,backward,neutral,0.345,0.351,True,hesitant,2285.71,0.0,0.0,0.2002,1.0,0.266
7416.313171386719,0.449,0.485,0.56,0.418,1.0,0.49,0.837,backward,neutral,0.326,0.343,True,hesitant,2285.71,0.0,0.0,0.2002,1.0,0.266
7671.400547027588,0.451,0.486,0.56,0.424,1.0,0.508,0.853,backward,neutral,0.326,0.343,True,hesitant,2285.71,0.0,0.0,0.2002,1.0,0.266
7717.711448669434,0.453,0.488,0.56,0.426,1.0,0.516,0.845,backward,neutral,0.326,0.343,True,hesitant,2285.71,0.0,0.0,0.2002,1.0,0.266
7767.285108566284,0.45,0.489,0.577,0.437,1.0,0.523,0.843,backward,neutral,0.361,0.336,True,hesitant,2285.71,0.0,0.0,0.2002,1.0,0.266
7989.507436752319,0.446,0.479,0.577,0.433,1.0,0.511,0.885,backward,neutral,0.361,0.336,True,hesitant,2285.71,0.0,0.0,0.2002,1.0,0.266
8030.553340911865,0.445,0.482,0.577,0.427,1.0,0.49,0.85,backward,neutral,0.361,0.336,True,hesitant,2285.71,0.0,0.0,0.2002,1.0,0.266
8075.242280960083,0.447,0.485,0.571,0.424,1.0,0.485,0.824,backward,neutral,0.344,0.331,True,hesitant,2285.71,0.0,0.0,0.2002,1.0,0.266
8287.324905395508,0.453,0.49,0.571,0.437,1.0,0.528,0.843,backward,neutral,0.344,0.331,True,hesitant,2285.71,0.0,0.0,0.2002,1.0,0.266
8334.56802368164,0.461,0.501,0.571,0.45,1.0,0.571,0.828,backward,neutral,0.344,0.331,True,hesitant,2285.71,0.0,0.0,0.2002,1.0,0.266
8380.618572235107,0.477,0.544,0.571,0.454,1.0,0.596,0.625,backward,neutral,0.348,0.338,True,hesitant,2285.71,0.0,0.0,0.2002,1.0,0.266
8523.146390914917,0.478,0.546,0.571,0.456,1.0,0.601,0.619,backward,neutral,0.348,0.338,True,hesitant,2285.71,0.0,0.0,0.2002,1.0,0.266
8558.219194412231,0.481,0.55,0.571,0.462,1.0,0.621,0.62,backward,neutral,0.348,0.338,True,hesitant,2285.71,0.0,0.0,0.2002,1.0,0.266
13787.423610687256,0.498,0.531,0.544,0.51,1.0,0.575,0.813,backward,surprise,0.411,0.166,True,hesitant,2014.6,483936.68,0.0,0.19,1.0,0.392
13916.179418563843,0.493,0.523,0.544,0.5,1.0,0.544,0.82,backward,surprise,0.411,0.166,True,hesitant,2014.6,483936.68,0.0,0.19,1.0,0.392
13945.336103439331,0.486,0.518,0.544,0.484,1.0,0.49,0.791,backward,surprise,0.411,0.166,True,hesitant,2014.6,483936.68,0.0,0.19,1.0,0.392
13975.347757339478,0.488,0.507,0.526,0.483,1.0,0.461,0.818,backward,surprise,0.349,0.155,False,hesitant,2014.6,483936.68,0.0,0.19,1.0,0.392
14099.403619766235,0.481,0.484,0.526,0.485,1.0,0.466,0.932,backward,surprise,0.349,0.155,False,hesitant,2014.6,483936.68,0.0,0.19,1.0,0.392
14128.87167930603,0.489,0.496,0.526,0.498,1.0,0.51,0.921,backward,surprise,0.349,0.155,False,hesitant,2014.6,483936.68,0.0,0.19,1.0,0.392
14161.454200744629,0.477,0.494,0.543,0.482,1.0,0.551,0.974,backward,disgust,0.429,0.224,True,hesitant,2014.6,483936.68,0.0,0.19,1.0,0.392
14352.133989334106,0.479,0.493,0.543,0.489,1.0,0.574,1.0,backward,disgust,0.429,0.224,True,hesitant,2014.6,483936.68,0.0,0.19,1.0,0.392
14388.64803314209,0.479,0.493,0.543,0.489,1.0,0.574,1.0,backward,disgust,0.429,0.224,True,hesitant,2014.6,483936.68,0.0,0.19,1.0,0.392
14422.596216201782,0.465,0.473,0.564,0.489,1.0,0.512,0.977,backward,surprise,0.371,0.192,False,hesitant,1854.94,693661.27,0.0018,0.1812,0.912,0.323
14543.447732925415,0.458,0.462,0.564,0.479,1.0,0.478,1.0,backward,surprise,0.371,0.192,False,hesitant,1854.94,693661.27,0.0018,0.1812,0.912,0.323
14573.666095733643,0.456,0.459,0.564,0.475,1.0,0.467,1.0,backward,surprise,0.371,0.192,False,hesitant,1854.94,693661.27,0.0018,0.1812,0.912,0.323
14608.851194381714,0.446,0.457,0.568,0.45,1.0,0.451,1.0,backward,neutral,0.401,0.231,True,hesitant,1854.94,693661.27,0.0018,0.1812,0.912,0.323
14732.130527496338,0.441,0.453,0.568,0.439,1.0,0.414,0.986,backward,neutral,0.401,0.231,True,hesitant,1854.94,693661.27,0.0018,0.1812,0.912,0.323
14764.60075378418,0.435,0.448,0.568,0.425,1.0,0.368,0.962,backward,neutral,0.401,0.231,True,hesitant,1854.94,693661.27,0.0018,0.1812,0.912,0.323
14795.91155052185,0.436,0.45,0.561,0.417,1.0,0.349,0.936,backward,neutral,0.389,0.239,False,hesitant,1854.94,693661.27,0.0018,0.1812,0.912,0.323
14926.429986953735,0.45,0.463,0.561,0.448,1.0,0.45,0.97,backward,neutral,0.389,0.239,False,hesitant,1854.94,693661.27,0.0018,0.1812,0.912,0.323
14961.551666259766,0.452,0.469,0.561,0.446,1.0,0.445,0.937,backward,neutral,0.389,0.239,False,hesitant,1854.94,693661.27,0.0018,0.1812,0.912,0.323
14995.318174362183,0.458,0.492,0.584,0.466,1.0,0.488,0.87,backward,disgust,0.437,0.222,True,hesitant,1854.94,693661.27,0.0018,0.1812,0.912,0.323
15121.95110321045,0.471,0.5,0.584,0.502,1.0,0.609,0.948,backward,disgust,0.437,0.222,True,hesitant,1854.94,693661.27,0.0018,0.1812,0.912,0.323
15151.638984680176,0.469,0.497,0.584,0.498,1.0,0.593,0.946,backward,disgust,0.437,0.222,True,hesitant,1854.94,693661.27,0.0018,0.1812,0.912,0.323
15183.8538646698,0.467,0.506,0.613,0.516,1.0,0.592,0.902,backward,disgust,0.498,0.176,True,hesitant,1854.94,693661.27,0.0018,0.1812,0.912,0.323
15298.049449920654,0.464,0.504,0.613,0.508,1.0,0.566,0.884,backward,disgust,0.498,0.176,True,hesitant,1854.94,693661.27,0.0018,0.1812,0.912,0.323
15327.288627624512,0.463,0.501,0.613,0.509,1.0,0.57,0.903,backward,disgust,0.498,0.176,True,hesitant,1854.94,693661.27,0.0018,0.1812,0.912,0.323
15358.489274978638,0.473,0.513,0.599,0.509,1.0,0.598,0.873,backward,disgust,0.467,0.199,False,hesitant,1854.94,693661.27,0.0018,0.1812,0.912,0.323
15480.440378189087,0.477,0.525,0.599,0.508,1.0,0.595,0.813,backward,disgust,0.467,0.199,False,hesitant,1854.94,693661.27,0.0018,0.1812,0.912,0.323
15512.29190826416,0.461,0.499,0.599,0.488,1.0,0.529,0.874,backward,disgust,0.467,0.199,False,hesitant,1854.94,693661.27,0.0018,0.1812,0.912,0.323
15543.315887451172,0.472,0.49,0.553,0.48,1.0,0.53,0.916,backward,sad,0.359,0.222,False,hesitant,1854.94,693661.27,0.0018,0.1812,0.912,0.323
15666.828870773315,0.464,0.476,0.553,0.469,1.0,0.494,0.95,backward,sad,0.359,0.222,False,hesitant,1854.94,693661.27,0.0018,0.1812,0.912,0.323
15696.815967559814,0.453,0.457,0.553,0.456,1.0,0.451,1.0,backward,sad,0.359,0.222,False,hesitant,1854.94,693661.27,0.0018,0.1812,0.912,0.323
15734.222888946533,0.424,0.45,0.671,0.504,1.0,0.425,1.0,backward,disgust,0.658,0.081,False,hesitant,1854.94,693661.27,0.0018,0.1812,0.912,0.323
15859.601259231567,0.417,0.441,0.671,0.492,1.0,0.386,1.0,backward,disgust,0.658,0.081,False,hesitant,1854.94,693661.27,0.0018,0.1812,0.912,0.323
15890.916347503662,0.398,0.416,0.671,0.458,1.0,0.271,1.0,backward,disgust,0.658,0.081,False,hesitant,1854.94,693661.27,0.0018,0.1812,0.912,0.323
15921.037912368774,0.433,0.418,0.558,0.441,1.0,0.273,1.0,backward,surprise,0.331,0.156,False,hesitant,1854.94,693661.27,0.0018,0.1812,0.912,0.323
16107.993841171265,0.44,0.427,0.558,0.454,1.0,0.317,1.0,backward,surprise,0.331,0.156,False,hesitant,1854.94,693661.27,0.0018,0.1812,0.912,0.323
16143.544673919678,0.449,0.438,0.558,0.469,1.0,0.366,1.0,backward,surprise,0.331,0.156,False,hesitant,1854.94,693661.27,0.0018,0.1812,0.912,0.323
16180.355787277222,0.532,0.492,0.398,0.496,1.0,0.392,1.0,backward,surprise,0.364,0.18,False,stressed,948.23,919545.18,0.0155,0.1163,0.374,0.581
16311.565160751343,0.539,0.501,0.398,0.509,1.0,0.433,1.0,backward,surprise,0.364,0.18,False,stressed,948.23,919545.18,0.0155,0.1163,0.374,0.581
16340.579509735107,0.54,0.503,0.398,0.51,1.0,0.439,0.992,backward,surprise,0.364,0.18,False,stressed,948.23,919545.18,0.0155,0.1163,0.374,0.581
16369.617223739624,0.555,0.504,0.378,0.535,1.0,0.445,1.0,backward,surprise,0.299,0.124,False,stressed,948.23,919545.18,0.0155,0.1163,0.374,0.581
16498.91710281372,0.554,0.503,0.378,0.535,1.0,0.444,1.0,backward,surprise,0.299,0.124,False,stressed,948.23,919545.18,0.0155,0.1163,0.374,0.581
16529.65760231018,0.553,0.502,0.378,0.533,1.0,0.438,1.0,backward,surprise,0.299,0.124,False,stressed,948.23,919545.18,0.0155,0.1163,0.374,0.581
16558.385848999023,0.544,0.502,0.397,0.525,1.0,0.44,1.0,backward,surprise,0.359,0.163,False,stressed,948.23,919545.18,0.0155,0.1163,0.374,0.581
16681.843042373657,0.543,0.501,0.397,0.523,1.0,0.433,1.0,backward,surprise,0.359,0.163,False,stressed,948.23,919545.18,0.0155,0.1163,0.374,0.581
16711.172342300415,0.534,0.489,0.397,0.507,1.0,0.38,1.0,backward,surprise,0.359,0.163,False,stressed,948.23,919545.18,0.0155,0.1163,0.374,0.581
16744.93670463562,0.53,0.505,0.378,0.451,1.0,0.427,1.0,backward,neutral,0.335,0.332,False,stressed,948.23,919545.18,0.0155,0.1163,0.374,0.581
16870.710134506226,0.539,0.516,0.378,0.468,1.0,0.484,1.0,backward,neutral,0.335,0.332,False,stressed,948.23,919545.18,0.0155,0.1163,0.374,0.581
16901.170253753662,0.553,0.534,0.378,0.495,1.0,0.571,1.0,backward,neutral,0.335,0.332,False,stressed,948.23,919545.18,0.0155,0.1163,0.374,0.581
16932.21926689148,0.548,0.533,0.408,0.515,1.0,0.566,1.0,backward,neutral,0.397,0.339,True,stressed,948.23,919545.18,0.0155,0.1163,0.374,0.581
17054.189682006836,0.548,0.533,0.408,0.515,1.0,0.568,1.0,backward,neutral,0.397,0.339,True,stressed,948.23,919545.18,0.0155,0.1163,0.374,0.581
17086.51065826416,0.55,0.535,0.408,0.517,1.0,0.573,1.0,backward,neutral,0.397,0.339,True,stressed,948.23,919545.18,0.0155,0.1163,0.374,0.581
17123.67081642151,0.543,0.533,0.41,0.501,1.0,0.563,1.0,backward,neutral,0.401,0.347,True,stressed,948.23,919545.18,0.0155,0.1163,0.374,0.581
17245.095014572144,0.542,0.531,0.41,0.498,1.0,0.553,1.0,backward,neutral,0.401,0.347,True,stressed,948.23,919545.18,0.0155,0.1163,0.374,0.581
17275.986194610596,0.539,0.527,0.41,0.493,1.0,0.535,1.0,backward,neutral,0.401,0.347,True,stressed,948.23,919545.18,0.0155,0.1163,0.374,0.581
17306.969165802002,0.53,0.52,0.409,0.469,1.0,0.485,1.0,backward,neutral,0.4,0.375,True,stressed,948.23,919545.18,0.0155,0.1163,0.374,0.581
17424.29256439209,0.541,0.535,0.409,0.491,1.0,0.56,1.0,backward,neutral,0.4,0.375,True,stressed,948.23,919545.18,0.0155,0.1163,0.374,0.581
17456.782817840576,0.542,0.536,0.409,0.492,1.0,0.562,1.0,backward,neutral,0.4,0.375,True,stressed,948.23,919545.18,0.0155,0.1163,0.374,0.581
17487.94436454773,0.542,0.533,0.407,0.492,1.0,0.556,1.0,backward,neutral,0.396,0.358,True,stressed,948.23,919545.18,0.0155,0.1163,0.374,0.581
17610.924243927002,0.536,0.526,0.407,0.481,1.0,0.519,1.0,backward,neutral,0.396,0.358,True,stressed,948.23,919545.18,0.0155,0.1163,0.374,0.581
17638.684272766113,0.536,0.526,0.407,0.482,1.0,0.522,1.0,backward,neutral,0.396,0.358,True,stressed,948.23,919545.18,0.0155,0.1163,0.374,0.581
17671.406030654907,0.531,0.523,0.416,0.477,1.0,0.506,1.0,backward,neutral,0.414,0.36,True,stressed,948.23,919545.18,0.0155,0.1163,0.374,0.581
17864.27092552185,0.531,0.523,0.416,0.477,1.0,0.505,1.0,backward,neutral,0.414,0.36,True,stressed,948.23,919545.18,0.0155,0.1163,0.374,0.581
17899.428844451904,0.53,0.522,0.416,0.476,1.0,0.501,1.0,backward,neutral,0.414,0.36,True,stressed,948.23,919545.18,0.0155,0.1163,0.374,0.581
17939.00728225708,0.503,0.51,0.465,0.458,1.0,0.501,1.0,backward,neutral,0.401,0.367,True,stressed,622.97,613418.49,0.012,0.143,0.516,0.507
18075.603008270264,0.505,0.512,0.465,0.462,1.0,0.513,1.0,backward,neutral,0.401,0.367,True,stressed,622.97,613418.49,0.012,0.143,0.516,0.507
18103.671073913574,0.509,0.523,0.465,0.462,1.0,0.513,0.925,backward,neutral,0.401,0.367,True,stressed,622.97,613418.49,0.012,0.143,0.516,0.507
18134.19485092163,0.514,0.531,0.466,0.472,1.0,0.522,0.881,backward,neutral,0.402,0.355,True,stressed,622.97,613418.49,0.012,0.143,0.516,0.507
18265.515089035034,0.518,0.533,0.466,0.481,1.0,0.551,0.897,backward,neutral,0.402,0.355,True,stressed,622.97,613418.49,0.012,0.143,0.516,0.507
18298.192501068115,0.52,0.544,0.466,0.475,1.0,0.529,0.81,backward,neutral,0.402,0.355,True,stressed,622.97,613418.49,0.012,0.143,0.516,0.507
18328.86505126953,0.532,0.585,0.466,0.467,1.0,0.527,0.554,backward,neutral,0.407,0.369,True,stressed,622.97,613418.49,0.012,0.143,0.516,0.507
18459.82336997986,0.533,0.592,0.466,0.464,1.0,0.519,0.503,backward,neutral,0.407,0.369,True,stressed,622.97,613418.49,0.012,0.143,0.516,0.507
18488.532066345215,0.53,0.586,0.466,0.461,1.0,0.508,0.529,backward,neutral,0.407,0.369,True,stressed,622.97,613418.49,0.012,0.143,0.516,0.507
18517.122268676758,0.531,0.594,0.467,0.456,1.0,0.468,0.433,backward,neutral,0.408,0.355,True,stressed,622.97,613418.49,0.012,0.143,0.516,0.507
18649.723052978516,0.528,0.591,0.467,0.45,1.0,0.45,0.433,backward,neutral,0.408,0.355,True,stressed,622.97,613418.49,0.012,0.143,0.516,0.507
18680.47332763672,0.527,0.59,0.467,0.447,1.0,0.438,0.43,backward,neutral,0.408,0.355,True,stressed,622.97,613418.49,0.012,0.143,0.516,0.507
18712.076663970947,0.525,0.59,0.468,0.44,1.0,0.437,0.434,backward,neutral,0.412,0.372,True,stressed,622.97,613418.49,0.012,0.143,0.516,0.507
18839.016437530518,0.525,0.588,0.468,0.442,1.0,0.445,0.456,backward,neutral,0.412,0.372,True,stressed,622.97,613418.49,0.012,0.143,0.516,0.507
18868.396520614624,0.525,0.588,0.468,0.444,1.0,0.453,0.465,backward,neutral,0.412,0.372,True,stressed,622.97,613418.49,0.012,0.143,0.516,0.507
18897.141218185425,0.531,0.6,0.469,0.451,1.0,0.454,0.38,backward,neutral,0.413,0.355,True,stressed,622.97,613418.49,0.012,0.143,0.516,0.507
19021.434783935547,0.53,0.599,0.469,0.448,1.0,0.443,0.375,backward,neutral,0.413,0.355,True,stressed,622.97,613418.49,0.012,0.143,0.516,0.507
19052.712440490723,0.53,0.6,0.469,0.448,1.0,0.445,0.374,backward,neutral,0.413,0.355,True,stressed,622.97,613418.49,0.012,0.143,0.516,0.507
19084.649801254272,0.537,0.611,0.46,0.446,1.0,0.445,0.306,backward,neutral,0.383,0.349,True,stressed,622.97,613418.49,0.012,0.143,0.516,0.507
19208.054542541504,0.532,0.605,0.46,0.436,1.0,0.409,0.305,backward,neutral,0.383,0.349,True,stressed,622.97,613418.49,0.012,0.143,0.516,0.507
19237.669706344604,0.532,0.607,0.46,0.435,1.0,0.408,0.295,backward,neutral,0.383,0.349,True,stressed,622.97,613418.49,0.012,0.143,0.516,0.507
19268.00584793091,0.53,0.6,0.458,0.436,1.0,0.406,0.335,backward,neutral,0.374,0.347,True,stressed,622.97,613418.49,0.012,0.143,0.516,0.507
19391.557931900024,0.534,0.609,0.458,0.436,1.0,0.406,0.278,backward,neutral,0.374,0.347,True,stressed,622.97,613418.49,0.012,0.143,0.516,0.507
19421.87523841858,0.532,0.604,0.458,0.435,1.0,0.404,0.303,backward,neutral,0.374,0.347,True,stressed,622.97,613418.49,0.012,0.143,0.516,0.507
19454.025983810425,0.532,0.605,0.458,0.435,1.0,0.397,0.292,backward,neutral,0.371,0.339,True,stressed,622.97,613418.49,0.012,0.143,0.516,0.507
19658.441066741943,0.529,0.597,0.458,0.434,1.0,0.393,0.337,backward,neutral,0.371,0.339,True,stressed,622.97,613418.49,0.012,0.143,0.516,0.507
19694.509029388428,0.527,0.591,0.458,0.435,1.0,0.398,0.379,backward,neutral,0.371,0.339,True,stressed,622.97,613418.49,0.012,0.143,0.516,0.507
19732.199668884277,0.495,0.594,0.521,0.398,1.0,0.418,0.355,backward,neutral,0.391,0.364,True,hesitant,1679.78,923429.68,0.0002,0.1831,1.0,0.334
19864.545583724976,0.499,0.596,0.521,0.409,1.0,0.455,0.38,backward,neutral,0.391,0.364,True,hesitant,1679.78,923429.68,0.0002,0.1831,1.0,0.334
19892.980337142944,0.5,0.593,0.521,0.417,1.0,0.48,0.419,backward,neutral,0.391,0.364,True,hesitant,1679.78,923429.68,0.0002,0.1831,1.0,0.334
19921.512126922607,0.504,0.593,0.52,0.427,1.0,0.49,0.425,backward,neutral,0.383,0.346,True,hesitant,1679.78,923429.68,0.0002,0.1831,1.0,0.334
20245.824813842773,0.508,0.599,0.52,0.435,1.0,0.516,0.426,backward,neutral,0.383,0.346,True,hesitant,1679.78,923429.68,0.0002,0.1831,1.0,0.334
20297.233819961548,0.512,0.603,0.52,0.444,1.0,0.547,0.434,backward,neutral,0.383,0.346,True,hesitant,1679.78,923429.68,0.0002,0.1831,1.0,0.334
20353.935956954956,0.511,0.599,0.515,0.44,1.0,0.551,0.46,backward,neutral,0.373,0.346,True,hesitant,1679.78,923429.68,0.0002,0.1831,1.0,0.334
20656.679391860962,0.513,0.599,0.515,0.446,1.0,0.57,0.475,backward,neutral,0.373,0.346,True,hesitant,1679.78,923429.68,0.0002,0.1831,1.0,0.334
20706.270456314087,0.52,0.612,0.515,0.452,1.0,0.59,0.433,backward,neutral,0.373,0.346,True,hesitant,1679.78,923429.68,0.0002,0.1831,1.0,0.334
20753.846883773804,0.522,0.614,0.519,0.462,1.0,0.6,0.431,backward,neutral,0.373,0.329,True,hesitant,1679.78,923429.68,0.0002,0.1831,1.0,0.334
21028.83243560791,0.522,0.618,0.519,0.459,1.0,0.589,0.399,backward,neutral,0.373,0.329,True,hesitant,1679.78,923429.68,0.0002,0.1831,1.0,0.334
21075.132846832275,0.522,0.617,0.519,0.459,1.0,0.588,0.403,backward,neutral,0.373,0.329,True,hesitant,1679.78,923429.68,0.0002,0.1831,1.0,0.334
21119.94504928589,0.523,0.619,0.522,0.463,1.0,0.597,0.405,backward,neutral,0.375,0.321,False,hesitant,1679.78,923429.68,0.0002,0.1831,1.0,0.334
21428.319931030273,0.527,0.629,0.522,0.465,1.0,0.602,0.359,backward,neutral,0.375,0.321,False,hesitant,1679.78,923429.68,0.0002,0.1831,1.0,0.334
21482.0716381073,0.527,0.627,0.522,0.466,1.0,0.607,0.372,backward,neutral,0.375,0.321,False,hesitant,1679.78,923429.68,0.0002,0.1831,1.0,0.334
21537.28461265564,0.489,0.58,0.578,0.462,1.0,0.577,0.459,backward,neutral,0.376,0.305,False,hesitant,2285.71,0.0,0.0,0.2009,1.0,0.265
21768.141508102417,0.482,0.566,0.578,0.454,1.0,0.552,0.508,backward,neutral,0.376,0.305,False,hesitant,2285.71,0.0,0.0,0.2009,1.0,0.265
21804.370880126953,0.475,0.546,0.578,0.454,1.0,0.552,0.609,backward,neutral,0.376,0.305,False,hesitant,2285.71,0.0,0.0,0.2009,1.0,0.265
21851.638078689575,0.466,0.522,0.577,0.45,1.0,0.54,0.72,neutral,neutral,0.374,0.305,False,hesitant,2285.71,0.0,0.0,0.2009,1.0,0.265
22054.147005081177,0.446,0.479,0.577,0.433,1.0,0.484,0.88,neutral,neutral,0.374,0.305,False,hesitant,2285.71,0.0,0.0,0.2009,1.0,0.265
22094.72918510437,0.447,0.482,0.577,0.433,1.0,0.482,0.863,neutral,neutral,0.374,0.305,False,hesitant,2285.71,0.0,0.0,0.2009,1.0,0.265
22136.995792388916,0.45,0.488,0.581,0.441,1.0,0.498,0.847,backward,neutral,0.38,0.302,True,hesitant,2285.71,0.0,0.0,0.2009,1.0,0.265
22325.465202331543,0.451,0.49,0.581,0.444,1.0,0.506,0.845,backward,neutral,0.38,0.302,True,hesitant,2285.71,0.0,0.0,0.2009,1.0,0.265
22357.985258102417,0.451,0.488,0.581,0.446,1.0,0.514,0.862,backward,neutral,0.38,0.302,True,hesitant,2285.71,0.0,0.0,0.2009,1.0,0.265
22386.549472808838,0.455,0.495,0.575,0.444,1.0,0.528,0.849,backward,neutral,0.379,0.322,True,hesitant,2285.71,0.0,0.0,0.2009,1.0,0.265
22512.565851211548,0.457,0.497,0.575,0.448,1.0,0.54,0.85,backward,neutral,0.379,0.322,True,hesitant,2285.71,0.0,0.0,0.2009,1.0,0.265
22543.423652648926,0.467,0.518,0.575,0.458,1.0,0.574,0.777,backward,neutral,0.379,0.322,True,hesitant,2285.71,0.0,0.0,0.2009,1.0,0.265
22573.217153549194,0.466,0.514,0.577,0.46,1.0,0.577,0.797,backward,neutral,0.376,0.309,True,hesitant,2285.71,0.0,0.0,0.2009,1.0,0.265
28241.615772247314,0.467,0.526,0.546,0.412,1.0,0.523,0.732,backward,neutral,0.375,0.396,True,hesitant,1897.4,632735.14,0.0,0.1892,1.0,0.285
28376.196146011353,0.464,0.511,0.546,0.421,1.0,0.554,0.843,backward,neutral,0.375,0.396,True,hesitant,1897.4,632735.14,0.0,0.1892,1.0,0.285
28406.363487243652,0.463,0.509,0.546,0.419,1.0,0.547,0.845,backward,neutral,0.375,0.396,True,hesitant,1897.4,632735.14,0.0,0.1892,1.0,0.285
28440.019369125366,0.468,0.514,0.523,0.403,1.0,0.541,0.831,backward,neutral,0.343,0.422,True,hesitant,1897.4,632735.14,0.0,0.1892,1.0,0.285
28576.648473739624,0.465,0.509,0.523,0.401,1.0,0.534,0.852,backward,neutral,0.343,0.422,True,hesitant,1897.4,632735.14,0.0,0.1892,1.0,0.285
28624.92036819458,0.471,0.514,0.523,0.414,1.0,0.579,0.872,backward,neutral,0.343,0.422,True,hesitant,1897.4,632735.14,0.0,0.1892,1.0,0.285
28662.21261024475,0.453,0.502,0.581,0.436,1.0,0.568,0.731,backward,neutral,0.314,0.346,True,hesitant,2007.85,483817.94,0.0,0.1951,1.0,0.275
28829.732656478882,0.445,0.485,0.581,0.43,1.0,0.547,0.81,backward,neutral,0.314,0.346,True,hesitant,2007.85,483817.94,0.0,0.1951,1.0,0.275
28858.017921447754,0.445,0.484,0.581,0.431,1.0,0.552,0.821,backward,neutral,0.314,0.346,True,hesitant,2007.85,483817.94,0.0,0.1951,1.0,0.275
28888.74387741089,0.446,0.492,0.595,0.439,1.0,0.525,0.735,backward,neutral,0.322,0.305,True,hesitant,2007.85,483817.94,0.0,0.1951,1.0,0.275
29009.363412857056,0.446,0.495,0.595,0.437,1.0,0.518,0.707,backward,neutral,0.322,0.305,True,hesitant,2007.85,483817.94,0.0,0.1951,1.0,0.275
29039.878129959106,0.441,0.487,0.595,0.429,1.0,0.492,0.729,backward,neutral,0.322,0.305,True,hesitant,2007.85,483817.94,0.0,0.1951,1.0,0.275
29068.455457687378,0.439,0.485,0.585,0.412,1.0,0.471,0.732,backward,neutral,0.314,0.334,True,hesitant,2007.85,483817.94,0.0,0.1951,1.0,0.275
29191.389083862305,0.435,0.471,0.585,0.416,1.0,0.486,0.822,backward,neutral,0.314,0.334,True,hesitant,2007.85,483817.94,0.0,0.1951,1.0,0.275
29223.36745262146,0.438,0.465,0.585,0.433,1.0,0.543,0.916,backward,neutral,0.314,0.334,True,hesitant,2007.85,483817.94,0.0,0.1951,1.0,0.275
29255.570650100708,0.446,0.486,0.582,0.431,1.0,0.548,0.806,backward,neutral,0.316,0.345,True,hesitant,2007.85,483817.94,0.0,0.1951,1.0,0.275
29374.756574630737,0.443,0.476,0.582,0.435,1.0,0.562,0.88,backward,neutral,0.316,0.345,True,hesitant,2007.85,483817.94,0.0,0.1951,1.0,0.275
29405.1296710968,0.445,0.475,0.582,0.442,1.0,0.585,0.907,backward,neutral,0.316,0.345,True,hesitant,2007.85,483817.94,0.0,0.1951,1.0,0.275
29433.467864990234,0.451,0.488,0.579,0.442,1.0,0.608,0.863,backward,neutral,0.321,0.362,True,hesitant,2007.85,483817.94,0.0,0.1951,1.0,0.275
29558.387994766235,0.448,0.481,0.579,0.44,1.0,0.603,0.899,backward,neutral,0.321,0.362,True,hesitant,2007.85,483817.94,0.0,0.1951,1.0,0.275
29587.09716796875,0.446,0.468,0.579,0.448,1.0,0.628,1.0,backward,neutral,0.321,0.362,True,hesitant,2007.85,483817.94,0.0,0.1951,1.0,0.275
29619.55690383911,0.447,0.47,0.579,0.449,1.0,0.622,0.978,backward,neutral,0.315,0.355,True,hesitant,2007.85,483817.94,0.0,0.1951,1.0,0.275
29748.401641845703,0.451,0.477,0.579,0.455,1.0,0.641,0.958,backward,neutral,0.315,0.355,True,hesitant,2007.85,483817.94,0.0,0.1951,1.0,0.275
29778.687715530396,0.456,0.481,0.579,0.466,1.0,0.678,0.973,backward,neutral,0.315,0.355,True,hesitant,2007.85,483817.94,0.0,0.1951,1.0,0.275
29809.87000465393,0.457,0.486,0.577,0.464,1.0,0.675,0.942,backward,neutral,0.31,0.357,False,hesitant,2007.85,483817.94,0.0,0.1951,1.0,0.275
29936.055660247803,0.429,0.447,0.577,0.415,1.0,0.51,1.0,backward,neutral,0.31,0.357,False,hesitant,2007.85,483817.94,0.0,0.1951,1.0,0.275
29966.365814208984,0.419,0.436,0.577,0.396,1.0,0.448,1.0,backward,neutral,0.31,0.357,False,hesitant,2007.85,483817.94,0.0,0.1951,1.0,0.275
29996.453762054443,0.409,0.417,0.647,0.466,1.0,0.409,1.0,backward,surprise,0.385,0.147,True,hesitant,2007.85,483817.94,0.0,0.1951,1.0,0.275
30119.54116821289,0.423,0.433,0.647,0.492,1.0,0.494,1.0,backward,surprise,0.385,0.147,True,hesitant,2007.85,483817.94,0.0,0.1951,1.0,0.275
30149.77502822876,0.435,0.447,0.647,0.516,1.0,0.574,1.0,backward,surprise,0.385,0.147,True,hesitant,2007.85,483817.94,0.0,0.1951,1.0,0.275
30179.750680923462,0.431,0.454,0.702,0.56,1.0,0.606,1.0,neutral,fear,0.605,0.066,True,hesitant,2007.85,483817.94,0.0,0.1951,1.0,0.275
30306.551456451416,0.431,0.454,0.702,0.561,1.0,0.61,1.0,neutral,fear,0.605,0.066,True,hesitant,2007.85,483817.94,0.0,0.1951,1.0,0.275
30337.292909622192,0.423,0.444,0.702,0.545,1.0,0.558,1.0,neutral,fear,0.605,0.066,True,hesitant,2007.85,483817.94,0.0,0.1951,1.0,0.275
30377.229690551758,0.423,0.439,0.676,0.519,1.0,0.527,1.0,neutral,fear,0.493,0.116,True,hesitant,2007.85,483817.94,0.0,0.1951,1.0,0.275
30556.243419647217,0.467,0.475,0.592,0.527,1.0,0.509,1.0,neutral,fear,0.493,0.116,True,hesitant,1705.63,841856.77,0.0044,0.1732,0.824,0.364
30586.676120758057,0.466,0.474,0.592,0.526,1.0,0.505,1.0,neutral,fear,0.493,0.116,True,hesitant,1705.63,841856.77,0.0044,0.1732,0.824,0.364
30614.079236984253,0.48,0.474,0.573,0.55,1.0,0.505,1.0,neutral,surprise,0.404,0.053,False,hesitant,1705.63,841856.77,0.0044,0.1732,0.824,0.364
30741.9912815094,0.488,0.485,0.573,0.563,1.0,0.549,1.0,neutral,surprise,0.404,0.053,False,hesitant,1705.63,841856.77,0.0044,0.1732,0.824,0.364
30773.998498916626,0.478,0.472,0.573,0.545,1.0,0.489,1.0,neutral,surprise,0.404,0.053,False,hesitant,1705.63,841856.77,0.0044,0.1732,0.824,0.364
30806.37264251709,0.48,0.483,0.57,0.536,1.0,0.55,1.0,neutral,surprise,0.428,0.129,False,hesitant,1705.63,841856.77,0.0044,0.1732,0.824,0.364
30929.7456741333,0.473,0.474,0.57,0.521,1.0,0.502,1.0,neutral,surprise,0.428,0.129,False,hesitant,1705.63,841856.77,0.0044,0.1732,0.824,0.364
30956.79497718811,0.47,0.47,0.57,0.516,1.0,0.486,1.0,neutral,surprise,0.428,0.129,False,hesitant,1705.63,841856.77,0.0044,0.1732,0.824,0.364
30989.69054222107,0.478,0.481,0.492,0.438,1.0,0.502,1.0,neutral,neutral,0.323,0.332,False,hesitant,1705.63,841856.77,0.0044,0.1732,0.824,0.364
31107.01847076416,0.481,0.485,0.492,0.444,1.0,0.525,1.0,neutral,neutral,0.323,0.332,False,hesitant,1705.63,841856.77,0.0044,0.1732,0.824,0.364
31138.011693954468,0.482,0.487,0.492,0.447,1.0,0.534,1.0,neutral,neutral,0.323,0.332,False,hesitant,1705.63,841856.77,0.0044,0.1732,0.824,0.364
31168.225288391113,0.494,0.474,0.518,0.532,1.0,0.508,1.0,neutral,surprise,0.242,0.101,False,hesitant,1705.63,841856.77,0.0044,0.1732,0.824,0.364
31294.159412384033,0.491,0.47,0.518,0.525,1.0,0.487,1.0,neutral,surprise,0.242,0.101,False,hesitant,1705.63,841856.77,0.0044,0.1732,0.824,0.364
31325.615406036377,0.489,0.468,0.518,0.523,1.0,0.478,1.0,neutral,surprise,0.242,0.101,False,hesitant,1705.63,841856.77,0.0044,0.1732,0.824,0.364
31353.00612449646,0.488,0.468,0.527,0.53,1.0,0.474,1.0,neutral,surprise,0.251,0.076,False,hesitant,1705.63,841856.77,0.0044,0.1732,0.824,0.364
31474.612951278687,0.485,0.464,0.527,0.525,1.0,0.458,1.0,neutral,surprise,0.251,0.076,False,hesitant,1705.63,841856.77,0.0044,0.1732,0.824,0.364
31503.485918045044,0.485,0.464,0.527,0.525,1.0,0.457,1.0,neutral,surprise,0.251,0.076,False,hesitant,1705.63,841856.77,0.0044,0.1732,0.824,0.364
31532.19175338745,0.465,0.46,0.574,0.517,1.0,0.438,1.0,neutral,surprise,0.417,0.077,False,hesitant,1705.63,841856.77,0.0044,0.1732,0.824,0.364
31659.50107574463,0.464,0.458,0.574,0.514,1.0,0.43,1.0,neutral,surprise,0.417,0.077,False,hesitant,1705.63,841856.77,0.0044,0.1732,0.824,0.364
31689.711809158325,0.468,0.463,0.574,0.522,1.0,0.455,1.0,neutral,surprise,0.417,0.077,False,hesitant,1705.63,841856.77,0.0044,0.1732,0.824,0.364
31719.562530517578,0.464,0.463,0.587,0.525,1.0,0.455,1.0,neutral,surprise,0.461,0.067,False,hesitant,1705.63,841856.77,0.0044,0.1732,0.824,0.364
31841.841459274292,0.463,0.462,0.587,0.523,1.0,0.447,1.0,neutral,surprise,0.461,0.067,False,hesitant,1705.63,841856.77,0.0044,0.1732,0.824,0.364
31871.399641036987,0.463,0.461,0.587,0.522,1.0,0.443,1.0,neutral,surprise,0.461,0.067,False,hesitant,1705.63,841856.77,0.0044,0.1732,0.824,0.364
31901.20244026184,0.462,0.459,0.582,0.517,1.0,0.432,1.0,neutral,surprise,0.446,0.072,False,hesitant,1705.63,841856.77,0.0044,0.1732,0.824,0.364
32037.001848220825,0.467,0.465,0.582,0.525,1.0,0.459,1.0,neutral,surprise,0.446,0.072,False,hesitant,1705.63,841856.77,0.0044,0.1732,0.824,0.364
32065.433025360107,0.467,0.465,0.582,0.525,1.0,0.461,1.0,neutral,surprise,0.446,0.072,False,hesitant,1705.63,841856.77,0.0044,0.1732,0.824,0.364
32096.632480621338,0.47,0.46,0.519,0.469,1.0,0.434,1.0,neutral,surprise,0.314,0.196,False,hesitant,1705.63,841856.77,0.0044,0.1732,0.824,0.364
32297.76930809021,0.479,0.471,0.519,0.486,1.0,0.491,1.0,neutral,surprise,0.314,0.196,False,hesitant,1705.63,841856.77,0.0044,0.1732,0.824,0.364
32329.702615737915,0.551,0.519,0.396,0.525,1.0,0.494,1.0,neutral,surprise,0.314,0.196,False,stressed,511.81,454855.84,0.017,0.0998,0.308,0.573
32362.2624874115,0.551,0.517,0.403,0.537,1.0,0.484,1.0,neutral,surprise,0.334,0.158,False,stressed,511.81,454855.84,0.017,0.0998,0.308,0.573
32473.145961761475,0.554,0.52,0.403,0.542,1.0,0.501,1.0,neutral,surprise,0.334,0.158,False,stressed,511.81,454855.84,0.017,0.0998,0.308,0.573
32502.251863479614,0.565,0.54,0.403,0.556,1.0,0.547,0.941,backward,surprise,0.334,0.158,False,stressed,511.81,454855.84,0.017,0.0998,0.308,0.573
32531.1918258667,0.574,0.55,0.412,0.584,1.0,0.549,0.9,backward,surprise,0.356,0.089,False,stressed,511.81,454855.84,0.017,0.0998,0.308,0.573
32663.99884223938,0.572,0.537,0.412,0.594,1.0,0.583,1.0,backward,surprise,0.356,0.089,False,stressed,511.81,454855.84,0.017,0.0998,0.308,0.573
32691.933393478394,0.573,0.539,0.412,0.596,1.0,0.589,1.0,backward,surprise,0.356,0.089,False,stressed,511.81,454855.84,0.017,0.0998,0.308,0.573
32721.534490585327,0.581,0.54,0.405,0.612,1.0,0.592,1.0,backward,surprise,0.313,0.048,False,stressed,511.81,454855.84,0.017,0.0998,0.308,0.573
32846.683740615845,0.577,0.535,0.405,0.604,1.0,0.565,1.0,backward,surprise,0.313,0.048,False,stressed,511.81,454855.84,0.017,0.0998,0.308,0.573
32879.9192905426,0.576,0.537,0.405,0.6,1.0,0.552,0.977,backward,surprise,0.313,0.048,False,stressed,511.81,454855.84,0.017,0.0998,0.308,0.573
32908.180236816406,0.566,0.543,0.412,0.568,1.0,0.549,0.933,backward,surprise,0.363,0.131,False,stressed,511.81,454855.84,0.017,0.0998,0.308,0.573
33031.87870979309,0.565,0.536,0.412,0.571,1.0,0.56,0.976,backward,surprise,0.363,0.131,False,stressed,511.81,454855.84,0.017,0.0998,0.308,0.573
33064.117670059204,0.566,0.535,0.412,0.576,1.0,0.574,0.996,backward,surprise,0.363,0.131,False,stressed,511.81,454855.84,0.017,0.0998,0.308,0.573
33094.66505050659,0.56,0.536,0.422,0.567,1.0,0.566,0.982,backward,surprise,0.406,0.141,True,stressed,511.81,454855.84,0.017,0.0998,0.308,0.573
33218.00518035889,0.559,0.533,0.422,0.567,1.0,0.568,1.0,backward,surprise,0.406,0.141,True,stressed,511.81,454855.84,0.017,0.0998,0.308,0.573
33246.72436714172,0.557,0.53,0.422,0.563,1.0,0.553,1.0,backward,surprise,0.406,0.141,True,stressed,511.81,454855.84,0.017,0.0998,0.308,0.573
33277.51302719116,0.556,0.528,0.402,0.539,1.0,0.542,1.0,backward,sad,0.335,0.19,False,stressed,511.81,454855.84,0.017,0.0998,0.308,0.573
33400.951623916626,0.557,0.53,0.402,0.54,1.0,0.545,0.991,backward,sad,0.335,0.19,False,stressed,511.81,454855.84,0.017,0.0998,0.308,0.573
33434.059619903564,0.561,0.544,0.402,0.539,1.0,0.541,0.914,backward,sad,0.335,0.19,False,stressed,511.81,454855.84,0.017,0.0998,0.308,0.573
33467.31209754944,0.564,0.559,0.399,0.527,1.0,0.52,0.81,backward,sad,0.328,0.205,True,stressed,511.81,454855.84,0.017,0.0998,0.308,0.573
33594.97046470642,0.561,0.548,0.399,0.529,1.0,0.527,0.882,backward,sad,0.328,0.205,True,stressed,511.81,454855.84,0.017,0.0998,0.308,0.573
33626.625061035156,0.558,0.541,0.399,0.527,1.0,0.52,0.911,backward,sad,0.328,0.205,True,stressed,511.81,454855.84,0.017,0.0998,0.308,0.573
33656.53991699219,0.552,0.536,0.396,0.511,1.0,0.511,0.924,backward,sad,0.323,0.24,True,stressed,511.81,454855.84,0.017,0.0998,0.308,0.573
33780.02643585205,0.548,0.528,0.396,0.506,1.0,0.496,0.955,backward,sad,0.323,0.24,True,stressed,511.81,454855.84,0.017,0.0998,0.308,0.573
33808.06636810303,0.55,0.531,0.396,0.508,1.0,0.502,0.946,backward,sad,0.323,0.24,True,stressed,511.81,454855.84,0.017,0.0998,0.308,0.573
33838.168144226074,0.549,0.543,0.399,0.496,1.0,0.513,0.896,neutral,neutral,0.342,0.277,True,stressed,511.81,454855.84,0.017,0.0998,0.308,0.573
34040.406942367554,0.543,0.532,0.399,0.489,1.0,0.491,0.933,backward,neutral,0.342,0.277,True,stressed,511.81,454855.84,0.017,0.0998,0.308,0.573
34080.57618141174,0.539,0.525,0.399,0.482,1.0,0.466,0.946,backward,neutral,0.342,0.277,True,stressed,511.81,454855.84,0.017,0.0998,0.308,0.573
34121.65689468384,0.534,0.537,0.425,0.482,1.0,0.434,0.825,neutral,surprise,0.353,0.223,True,stressed,674.55,677584.6,0.013,0.1161,0.462,0.553
34246.39058113098,0.532,0.533,0.425,0.482,1.0,0.433,0.844,neutral,surprise,0.353,0.223,True,stressed,674.55,677584.6,0.013,0.1161,0.462,0.553
34277.41765975952,0.535,0.535,0.425,0.49,1.0,0.459,0.861,neutral,surprise,0.353,0.223,True,stressed,674.55,677584.6,0.013,0.1161,0.462,0.553
34307.91616439819,0.534,0.537,0.428,0.486,1.0,0.453,0.844,neutral,surprise,0.367,0.227,False,stressed,674.55,677584.6,0.013,0.1161,0.462,0.553
34428.75552177429,0.532,0.531,0.428,0.485,1.0,0.449,0.877,neutral,surprise,0.367,0.227,False,stressed,674.55,677584.6,0.013,0.1161,0.462,0.553
34457.91006088257,0.533,0.536,0.428,0.483,1.0,0.443,0.84,backward,surprise,0.367,0.227,False,stressed,674.55,677584.6,0.013,0.1161,0.462,0.553
34490.32545089722,0.537,0.541,0.43,0.494,1.0,0.448,0.816,neutral,surprise,0.369,0.203,False,stressed,674.55,677584.6,0.013,0.1161,0.462,0.553
34612.07938194275,0.539,0.547,0.43,0.493,1.0,0.444,0.773,neutral,surprise,0.369,0.203,False,stressed,674.55,677584.6,0.013,0.1161,0.462,0.553
34652.88972854614,0.539,0.549,0.43,0.49,1.0,0.433,0.754,neutral,surprise,0.369,0.203,False,stressed,674.55,677584.6,0.013,0.1161,0.462,0.553
34686.896562576294,0.537,0.552,0.428,0.48,1.0,0.424,0.729,neutral,surprise,0.364,0.221,False,stressed,674.55,677584.6,0.013,0.1161,0.462,0.553
34807.99651145935,0.537,0.551,0.428,0.48,1.0,0.425,0.732,backward,surprise,0.364,0.221,False,stressed,674.55,677584.6,0.013,0.1161,0.462,0.553
34836.759090423584,0.543,0.568,0.428,0.48,1.0,0.425,0.634,backward,surprise,0.364,0.221,False,stressed,674.55,677584.6,0.013,0.1161,0.462,0.553
34868.53766441345,0.544,0.573,0.425,0.475,1.0,0.415,0.591,backward,surprise,0.352,0.226,False,stressed,674.55,677584.6,0.013,0.1161,0.462,0.553
34992.138147354126,0.542,0.566,0.425,0.477,1.0,0.422,0.64,backward,surprise,0.352,0.226,False,stressed,674.55,677584.6,0.013,0.1161,0.462,0.553
35021.88181877136,0.543,0.57,0.425,0.475,1.0,0.416,0.614,backward,surprise,0.352,0.226,False,stressed,674.55,677584.6,0.013,0.1161,0.462,0.553
35052.04510688782,0.535,0.566,0.415,0.441,1.0,0.402,0.625,backward,neutral,0.332,0.303,True,stressed,674.55,677584.6,0.013,0.1161,0.462,0.553
35173.4664440155,0.531,0.564,0.415,0.43,1.0,0.367,0.601,backward,neutral,0.332,0.303,True,stressed,674.55,677584.6,0.013,0.1161,0.462,0.553
35202.3606300354,0.532,0.566,0.415,0.43,1.0,0.365,0.59,backward,neutral,0.332,0.303,True,stressed,674.55,677584.6,0.013,0.1161,0.462,0.553
35234.02738571167,0.526,0.544,0.429,0.454,1.0,0.332,0.682,backward,surprise,0.37,0.217,False,stressed,674.55,677584.6,0.013,0.1161,0.462,0.553
35352.78940200806,0.525,0.543,0.429,0.451,1.0,0.323,0.676,backward,surprise,0.37,0.217,False,stressed,674.55,677584.6,0.013,0.1161,0.462,0.553
35381.2198638916,0.524,0.548,0.429,0.441,1.0,0.29,0.617,backward,surprise,0.37,0.217,False,stressed,674.55,677584.6,0.013,0.1161,0.462,0.553
35411.32426261902,0.523,0.549,0.431,0.439,1.0,0.311,0.632,backward,surprise,0.383,0.239,False,stressed,674.55,677584.6,0.013,0.1161,0.462,0.553
35541.43238067627,0.524,0.55,0.431,0.44,1.0,0.317,0.63,backward,surprise,0.383,0.239,False,stressed,674.55,677584.6,0.013,0.1161,0.462,0.553
35572.25680351257,0.529,0.555,0.431,0.451,1.0,0.352,0.639,backward,surprise,0.383,0.239,False,stressed,674.55,677584.6,0.013,0.1161,0.462,0.553
35602.27274894714,0.53,0.559,0.418,0.436,1.0,0.386,0.654,backward,neutral,0.341,0.301,False,stressed,674.55,677584.6,0.013,0.1161,0.462,0.553
35784.26718711853,0.528,0.555,0.418,0.432,1.0,0.371,0.661,backward,neutral,0.341,0.301,False,stressed,674.55,677584.6,0.013,0.1161,0.462,0.553
35819.159507751465,0.525,0.548,0.418,0.431,1.0,0.369,0.701,backward,neutral,0.341,0.301,False,stressed,674.55,677584.6,0.013,0.1161,0.462,0.553
35855.342864990234,0.446,0.505,0.586,0.414,1.0,0.362,0.599,neutral,neutral,0.384,0.253,False,hesitant,1896.03,626329.22,0.0016,0.1917,0.912,0.317
35978.20782661438,0.446,0.504,0.586,0.416,1.0,0.366,0.609,neutral,neutral,0.384,0.253,False,hesitant,1896.03,626329.22,0.0016,0.1917,0.912,0.317
36006.83617591858,0.449,0.511,0.586,0.416,1.0,0.366,0.572,neutral,neutral,0.384,0.253,False,hesitant,1896.03,626329.22,0.0016,0.1917,0.912,0.317
36037.34588623047,0.454,0.517,0.572,0.41,1.0,0.388,0.563,neutral,neutral,0.363,0.283,False,hesitant,1896.03,626329.22,0.0016,0.1917,0.912,0.317
36152.96792984009,0.457,0.522,0.572,0.415,1.0,0.405,0.556,neutral,neutral,0.363,0.283,False,hesitant,1896.03,626329.22,0.0016,0.1917,0.912,0.317
36180.40108680725,0.467,0.548,0.572,0.419,1.0,0.419,0.428,neutral,neutral,0.363,0.283,False,hesitant,1896.03,626329.22,0.0016,0.1917,0.912,0.317
36214.57076072693,0.452,0.518,0.578,0.411,1.0,0.367,0.534,neutral,neutral,0.368,0.264,True,hesitant,1896.03,626329.22,0.0016,0.1917,0.912,0.317
36328.68719100952,0.451,0.507,0.578,0.418,1.0,0.39,0.62,neutral,neutral,0.368,0.264,True,hesitant,1896.03,626329.22,0.0016,0.1917,0.912,0.317
36359.7195148468,0.452,0.507,0.578,0.422,1.0,0.402,0.628,neutral,neutral,0.368,0.264,True,hesitant,1896.03,626329.22,0.0016,0.1917,0.912,0.317
36389.71185684204,0.444,0.494,0.55,0.38,1.0,0.352,0.674,neutral,neutral,0.333,0.331,True,hesitant,1896.03,626329.22,0.0016,0.1917,0.912,0.317
36516.31498336792,0.444,0.494,0.55,0.378,1.0,0.346,0.664,neutral,neutral,0.333,0.331,True,hesitant,1896.03,626329.22,0.0016,0.1917,0.912,0.317
36546.18453979492,0.444,0.49,0.55,0.384,1.0,0.364,0.705,neutral,neutral,0.333,0.331,True,hesitant,1896.03,626329.22,0.0016,0.1917,0.912,0.317
36573.806047439575,0.442,0.488,0.583,0.418,1.0,0.359,0.686,neutral,neutral,0.369,0.242,True,hesitant,1896.03,626329.22,0.0016,0.1917,0.912,0.317
36697.46708869934,0.445,0.498,0.583,0.417,1.0,0.358,0.626,neutral,neutral,0.369,0.242,True,hesitant,1896.03,626329.22,0.0016,0.1917,0.912,0.317
36730.03935813904,0.444,0.493,0.583,0.418,1.0,0.359,0.657,backward,neutral,0.369,0.242,True,hesitant,1896.03,626329.22,0.0016,0.1917,0.912,0.317
36760.878801345825,0.439,0.481,0.571,0.403,1.0,0.348,0.718,backward,neutral,0.351,0.271,True,hesitant,1896.03,626329.22,0.0016,0.1917,0.912,0.317
36879.52017784119,0.438,0.477,0.571,0.403,1.0,0.348,0.735,backward,neutral,0.351,0.271,True,hesitant,1896.03,626329.22,0.0016,0.1917,0.912,0.317
36908.00213813782,0.437,0.475,0.571,0.402,1.0,0.343,0.743,backward,neutral,0.351,0.271,True,hesitant,1896.03,626329.22,0.0016,0.1917,0.912,0.317
36944.40937042236,0.435,0.47,0.581,0.412,1.0,0.335,0.756,backward,neutral,0.361,0.237,True,hesitant,1896.03,626329.22,0.0016,0.1917,0.912,0.317
37057.944774627686,0.429,0.452,0.581,0.415,1.0,0.345,0.859,backward,neutral,0.361,0.237,True,hesitant,1896.03,626329.22,0.0016,0.1917,0.912,0.317
37085.89267730713,0.431,0.456,0.581,0.417,1.0,0.351,0.844,backward,neutral,0.361,0.237,True,hesitant,1896.03,626329.22,0.0016,0.1917,0.912,0.317
37114.14980888367,0.437,0.477,0.582,0.414,1.0,0.341,0.721,backward,neutral,0.364,0.238,False,hesitant,1896.03,626329.22,0.0016,0.1917,0.912,0.317
37232.93399810791,0.44,0.484,0.582,0.415,1.0,0.346,0.689,backward,neutral,0.364,0.238,False,hesitant,1896.03,626329.22,0.0016,0.1917,0.912,0.317
37264.6279335022,0.446,0.496,0.582,0.421,1.0,0.364,0.644,backward,neutral,0.364,0.238,False,hesitant,1896.03,626329.22,0.0016,0.1917,0.912,0.317
37297.97959327698,0.443,0.493,0.573,0.404,1.0,0.349,0.653,backward,neutral,0.354,0.267,True,hesitant,1896.03,626329.22,0.0016,0.1917,0.912,0.317
37419.47293281555,0.439,0.479,0.573,0.406,1.0,0.355,0.732,backward,neutral,0.354,0.267,True,hesitant,1896.03,626329.22,0.0016,0.1917,0.912,0.317
37458.49704742432,0.434,0.471,0.573,0.4,1.0,0.334,0.755,backward,neutral,0.354,0.267,True,hesitant,1896.03,626329.22,0.0016,0.1917,0.912,0.317
37506.08468055725,0.412,0.433,0.587,0.386,1.0,0.314,0.91,backward,neutral,0.354,0.275,True,hesitant,2285.71,0.0,0.0,0.2004,1.0,0.266
37863.9497756958,0.41,0.427,0.587,0.386,1.0,0.313,0.944,backward,neutral,0.354,0.275,True,hesitant,2285.71,0.0,0.0,0.2004,1.0,0.266
37913.96522521973,0.413,0.437,0.587,0.386,1.0,0.315,0.892,backward,neutral,0.354,0.275,True,hesitant,2285.71,0.0,0.0,0.2004,1.0,0.266
37961.46512031555,0.414,0.437,0.575,0.376,1.0,0.308,0.895,backward,neutral,0.338,0.295,True,hesitant,2285.71,0.0,0.0,0.2004,1.0,0.266
38228.11412811279,0.406,0.415,0.575,0.375,1.0,0.302,1.0,backward,neutral,0.338,0.295,True,hesitant,2285.71,0.0,0.0,0.2004,1.0,0.266
38274.78575706482,0.406,0.415,0.575,0.375,1.0,0.302,1.0,backward,neutral,0.338,0.295,True,hesitant,2285.71,0.0,0.0,0.2004,1.0,0.266
38322.941303253174,0.408,0.419,0.567,0.367,1.0,0.306,1.0,backward,neutral,0.336,0.32,True,hesitant,2285.71,0.0,0.0,0.2004,1.0,0.266
38587.40210533142,0.407,0.418,0.567,0.365,1.0,0.302,1.0,backward,neutral,0.336,0.32,True,hesitant,2285.71,0.0,0.0,0.2004,1.0,0.266
38643.68557929993,0.407,0.418,0.567,0.365,1.0,0.302,1.0,backward,neutral,0.336,0.32,True,hesitant,2285.71,0.0,0.0,0.2004,1.0,0.266
38688.95626068115,0.408,0.415,0.565,0.367,1.0,0.296,1.0,backward,neutral,0.322,0.309,False,hesitant,2285.71,0.0,0.0,0.2004,1.0,0.266
38947.532415390015,0.41,0.417,0.565,0.371,1.0,0.307,1.0,backward,neutral,0.322,0.309,False,hesitant,2285.71,0.0,0.0,0.2004,1.0,0.266
38985.554218292236,0.416,0.425,0.565,0.383,1.0,0.348,1.0,backward,neutral,0.322,0.309,False,hesitant,2285.71,0.0,0.0,0.2004,1.0,0.266
39026.14760398865,0.418,0.439,0.592,0.406,1.0,0.354,0.918,backward,neutral,0.352,0.255,False,hesitant,2285.71,0.0,0.0,0.2004,1.0,0.266
39253.40938568115,0.419,0.442,0.592,0.404,1.0,0.347,0.893,backward,neutral,0.352,0.255,False,hesitant,2285.71,0.0,0.0,0.2004,1.0,0.266
39301.21397972107,0.434,0.479,0.592,0.411,1.0,0.371,0.731,backward,neutral,0.352,0.255,False,hesitant,2285.71,0.0,0.0,0.2004,1.0,0.266
39340.4974937439,0.424,0.46,0.619,0.431,1.0,0.371,0.816,backward,surprise,0.395,0.205,False,hesitant,2285.71,0.0,0.0,0.2004,1.0,0.266
39662.10722923279,0.426,0.46,0.617,0.436,1.0,0.387,0.84,backward,surprise,0.395,0.205,False,hesitant,2285.71,0.0,0.0,0.2006,1.0,0.266
39712.599754333496,0.426,0.458,0.617,0.44,1.0,0.401,0.859,backward,surprise,0.395,0.205,False,hesitant,2285.71,0.0,0.0,0.2006,1.0,0.266
39760.70022583008,0.442,0.491,0.602,0.435,1.0,0.412,0.713,backward,surprise,0.368,0.228,False,hesitant,2285.71,0.0,0.0,0.2006,1.0,0.266
39975.55732727051,0.431,0.475,0.602,0.418,1.0,0.356,0.736,backward,surprise,0.368,0.228,False,hesitant,2285.71,0.0,0.0,0.2006,1.0,0.266
40021.39353752136,0.437,0.492,0.602,0.417,1.0,0.353,0.648,backward,surprise,0.368,0.228,False,hesitant,2285.71,0.0,0.0,0.2006,1.0,0.266
40070.15895843506,0.437,0.496,0.617,0.432,1.0,0.364,0.637,backward,surprise,0.39,0.198,False,hesitant,2285.71,0.0,0.0,0.2006,1.0,0.266
40214.17045593262,0.437,0.498,0.617,0.43,1.0,0.358,0.617,backward,surprise,0.39,0.198,False,hesitant,2285.71,0.0,0.0,0.2006,1.0,0.266
40242.15245246887,0.44,0.505,0.617,0.431,1.0,0.36,0.586,backward,surprise,0.39,0.198,False,hesitant,2285.71,0.0,0.0,0.2006,1.0,0.266
45646.49224281311,0.472,0.531,0.521,0.396,1.0,0.38,0.577,backward,neutral,0.336,0.3,True,hesitant,2175.44,203057.12,0.0,0.2061,1.0,0.354
45678.66349220276,0.465,0.523,0.535,0.396,1.0,0.356,0.594,backward,neutral,0.365,0.289,True,hesitant,2175.44,203057.12,0.0,0.2061,1.0,0.354
45798.919916152954,0.461,0.519,0.535,0.39,1.0,0.336,0.594,backward,neutral,0.365,0.289,True,hesitant,2175.44,203057.12,0.0,0.2061,1.0,0.354
45826.57790184021,0.461,0.513,0.535,0.396,1.0,0.356,0.644,backward,neutral,0.365,0.289,True,hesitant,2175.44,203057.12,0.0,0.2061,1.0,0.354
45855.93795776367,0.472,0.524,0.521,0.404,1.0,0.382,0.611,backward,neutral,0.327,0.285,True,hesitant,2175.44,203057.12,0.0,0.2061,1.0,0.354
45979.23445701599,0.479,0.531,0.521,0.417,1.0,0.427,0.621,backward,neutral,0.327,0.285,True,hesitant,2175.44,203057.12,0.0,0.2061,1.0,0.354
46007.460594177246,0.479,0.528,0.521,0.421,1.0,0.439,0.645,backward,neutral,0.327,0.285,True,hesitant,2175.44,203057.12,0.0,0.2061,1.0,0.354
46036.53025627136,0.481,0.528,0.514,0.419,1.0,0.44,0.65,backward,neutral,0.315,0.294,True,hesitant,2175.44,203057.12,0.0,0.2061,1.0,0.354
46155.9853553772,0.482,0.52,0.514,0.433,1.0,0.487,0.736,backward,neutral,0.315,0.294,True,hesitant,2175.44,203057.12,0.0,0.2061,1.0,0.354
46187.22653388977,0.481,0.516,0.514,0.433,1.0,0.488,0.762,backward,neutral,0.315,0.294,True,hesitant,2175.44,203057.12,0.0,0.2061,1.0,0.354
46219.438791275024,0.473,0.499,0.511,0.424,1.0,0.467,0.83,backward,neutral,0.313,0.304,False,hesitant,2175.44,203057.12,0.0,0.2061,1.0,0.354
46339.75267410278,0.467,0.482,0.511,0.423,1.0,0.464,0.915,backward,neutral,0.313,0.304,False,hesitant,2175.44,203057.12,0.0,0.2061,1.0,0.354
46367.43497848511,0.468,0.485,0.511,0.423,1.0,0.462,0.895,backward,neutral,0.313,0.304,False,hesitant,2175.44,203057.12,0.0,0.2061,1.0,0.354
46397.20606803894,0.473,0.497,0.503,0.416,1.0,0.49,0.878,backward,neutral,0.314,0.339,True,hesitant,2175.44,203057.12,0.0,0.2061,1.0,0.354
46514.21308517456,0.471,0.49,0.503,0.418,1.0,0.498,0.923,backward,neutral,0.314,0.339,True,hesitant,2175.44,203057.12,0.0,0.2061,1.0,0.354
46543.447971343994,0.474,0.493,0.503,0.424,1.0,0.518,0.93,backward,neutral,0.314,0.339,True,hesitant,2175.44,203057.12,0.0,0.2061,1.0,0.354
46586.50803565979,0.477,0.497,0.502,0.429,1.0,0.535,0.925,backward,neutral,0.315,0.344,False,hesitant,2175.44,203057.12,0.0,0.2061,1.0,0.354
46758.54229927063,0.492,0.508,0.464,0.423,1.0,0.514,0.921,backward,neutral,0.315,0.344,False,hesitant,2236.9,106025.34,0.0,0.203,1.0,0.418
46790.9619808197,0.497,0.513,0.464,0.433,1.0,0.548,0.926,backward,neutral,0.315,0.344,False,hesitant,2236.9,106025.34,0.0,0.203,1.0,0.418
46819.62871551514,0.495,0.503,0.456,0.43,1.0,0.563,1.0,backward,neutral,0.304,0.361,False,hesitant,2236.9,106025.34,0.0,0.203,1.0,0.418
46934.10110473633,0.49,0.497,0.456,0.42,1.0,0.53,1.0,backward,neutral,0.304,0.361,False,hesitant,2236.9,106025.34,0.0,0.203,1.0,0.418
46961.586236953735,0.48,0.485,0.456,0.401,1.0,0.467,1.0,backward,neutral,0.304,0.361,False,hesitant,2236.9,106025.34,0.0,0.203,1.0,0.418
46994.46940422058,0.481,0.487,0.456,0.402,1.0,0.475,1.0,backward,neutral,0.305,0.364,True,hesitant,2236.9,106025.34,0.0,0.203,1.0,0.418
47112.441301345825,0.488,0.496,0.456,0.415,1.0,0.521,1.0,backward,neutral,0.305,0.364,True,hesitant,2236.9,106025.34,0.0,0.203,1.0,0.418
47142.31538772583,0.479,0.484,0.456,0.396,1.0,0.455,1.0,backward,neutral,0.305,0.364,True,hesitant,2236.9,106025.34,0.0,0.203,1.0,0.418
47169.586181640625,0.473,0.482,0.463,0.387,1.0,0.422,0.973,backward,neutral,0.32,0.362,True,hesitant,2236.9,106025.34,0.0,0.203,1.0,0.418
47285.00747680664,0.47,0.479,0.463,0.382,1.0,0.406,0.971,backward,neutral,0.32,0.362,True,hesitant,2236.9,106025.34,0.0,0.203,1.0,0.418
47312.288999557495,0.47,0.485,0.463,0.375,1.0,0.383,0.918,backward,neutral,0.32,0.362,True,hesitant,2236.9,106025.34,0.0,0.203,1.0,0.418
47342.23031997681,0.474,0.489,0.461,0.382,1.0,0.385,0.893,backward,neutral,0.312,0.354,True,hesitant,2236.9,106025.34,0.0,0.203,1.0,0.418
47463.59038352966,0.473,0.485,0.461,0.383,1.0,0.391,0.919,backward,neutral,0.312,0.354,True,hesitant,2236.9,106025.34,0.0,0.203,1.0,0.418
47493.62874031067,0.47,0.479,0.461,0.38,1.0,0.381,0.941,backward,neutral,0.312,0.354,True,hesitant,2236.9,106025.34,0.0,0.203,1.0,0.418
47521.642446517944,0.472,0.49,0.452,0.361,1.0,0.372,0.901,backward,neutral,0.311,0.394,True,hesitant,2236.9,106025.34,0.0,0.203,1.0,0.418
47641.183614730835,0.467,0.482,0.452,0.354,1.0,0.35,0.921,backward,neutral,0.311,0.394,True,hesitant,2236.9,106025.34,0.0,0.203,1.0,0.418
47670.40681838989,0.467,0.488,0.452,0.347,1.0,0.327,0.863,backward,neutral,0.311,0.394,True,hesitant,2236.9,106025.34,0.0,0.203,1.0,0.418
47702.34298706055,0.469,0.499,0.468,0.362,1.0,0.331,0.795,backward,neutral,0.332,0.364,False,hesitant,2236.9,106025.34,0.0,0.203,1.0,0.418
47815.56153297424,0.478,0.514,0.468,0.372,1.0,0.365,0.748,backward,neutral,0.332,0.364,False,hesitant,2236.9,106025.34,0.0,0.203,1.0,0.418
47844.55323219299,0.475,0.506,0.468,0.374,1.0,0.37,0.794,backward,neutral,0.332,0.364,False,hesitant,2236.9,106025.34,0.0,0.203,1.0,0.418
47871.21248245239,0.478,0.498,0.465,0.389,1.0,0.431,0.9,backward,neutral,0.328,0.372,True,hesitant,2236.9,106025.34,0.0,0.203,1.0,0.418
47992.910861968994,0.484,0.512,0.465,0.392,1.0,0.441,0.838,backward,neutral,0.328,0.372,True,hesitant,2236.9,106025.34,0.0,0.203,1.0,0.418
48022.46022224426,0.475,0.491,0.465,0.386,1.0,0.422,0.929,backward,neutral,0.328,0.372,True,hesitant,2236.9,106025.34,0.0,0.203,1.0,0.418
48050.5952835083,0.482,0.481,0.496,0.459,1.0,0.417,0.924,backward,surprise,0.313,0.172,True,hesitant,2236.9,106025.34,0.0,0.203,1.0,0.418
48170.14813423157,0.484,0.482,0.496,0.464,1.0,0.434,0.934,backward,surprise,0.313,0.172,True,hesitant,2236.9,106025.34,0.0,0.203,1.0,0.418
48199.03063774109,0.489,0.49,0.496,0.469,1.0,0.451,0.913,backward,surprise,0.313,0.172,True,hesitant,2236.9,106025.34,0.0,0.203,1.0,0.418
48228.29294204712,0.502,0.501,0.503,0.509,1.0,0.455,0.868,backward,surprise,0.278,0.073,False,hesitant,2236.9,106025.34,0.0,0.203,1.0,0.418
48354.825019836426,0.497,0.489,0.503,0.507,1.0,0.449,0.921,backward,surprise,0.278,0.073,False,hesitant,2236.9,106025.34,0.0,0.203,1.0,0.418
48399.28102493286,0.49,0.477,0.503,0.496,1.0,0.412,0.942,backward,surprise,0.278,0.073,False,hesitant,2236.9,106025.34,0.0,0.203,1.0,0.418
48433.23469161987,0.494,0.486,0.524,0.523,1.0,0.563,1.0,backward,surprise,0.289,0.121,False,hesitant,2235.71,67827.2,0.0003,0.2064,1.0,0.405
48587.520599365234,0.477,0.466,0.524,0.491,1.0,0.455,1.0,backward,surprise,0.289,0.121,False,hesitant,2235.71,67827.2,0.0003,0.2064,1.0,0.405
48618.90649795532,0.477,0.465,0.524,0.491,1.0,0.454,1.0,backward,surprise,0.289,0.121,False,hesitant,2235.71,67827.2,0.0003,0.2064,1.0,0.405
48649.95217323303,0.465,0.465,0.547,0.48,1.0,0.451,1.0,backward,surprise,0.401,0.149,False,hesitant,2235.71,67827.2,0.0003,0.2064,1.0,0.405
48777.5182723999,0.447,0.442,0.547,0.445,1.0,0.333,1.0,backward,surprise,0.401,0.149,False,hesitant,2235.71,67827.2,0.0003,0.2064,1.0,0.405
48808.773040771484,0.431,0.423,0.547,0.415,1.0,0.233,1.0,backward,surprise,0.401,0.149,False,hesitant,2235.71,67827.2,0.0003,0.2064,1.0,0.405
48837.57948875427,0.43,0.424,0.566,0.432,1.0,0.237,1.0,backward,surprise,0.468,0.11,True,hesitant,2235.71,67827.2,0.0003,0.2064,1.0,0.405
48960.86263656616,0.431,0.425,0.566,0.435,1.0,0.244,1.0,backward,surprise,0.468,0.11,True,hesitant,2235.71,67827.2,0.0003,0.2064,1.0,0.405
48991.41836166382,0.431,0.425,0.566,0.435,1.0,0.245,1.0,neutral,surprise,0.468,0.11,True,hesitant,2235.71,67827.2,0.0003,0.2064,1.0,0.405
49025.27952194214,0.439,0.423,0.54,0.432,1.0,0.233,1.0,neutral,surprise,0.349,0.103,True,hesitant,2235.71,67827.2,0.0003,0.2064,1.0,0.405
49148.79584312439,0.447,0.433,0.54,0.447,1.0,0.283,1.0,neutral,surprise,0.349,0.103,True,hesitant,2235.71,67827.2,0.0003,0.2064,1.0,0.405
49176.45192146301,0.45,0.436,0.54,0.454,1.0,0.305,1.0,neutral,surprise,0.349,0.103,True,hesitant,2235.71,67827.2,0.0003,0.2064,1.0,0.405
49214.29800987244,0.455,0.439,0.534,0.46,1.0,0.318,1.0,neutral,surprise,0.319,0.099,False,hesitant,2235.71,67827.2,0.0003,0.2064,1.0,0.405
49331.650733947754,0.453,0.437,0.534,0.457,1.0,0.308,1.0,neutral,surprise,0.319,0.099,False,hesitant,2235.71,67827.2,0.0003,0.2064,1.0,0.405
49363.53778839111,0.466,0.474,0.534,0.458,1.0,0.314,0.817,neutral,surprise,0.319,0.099,False,hesitant,2235.71,67827.2,0.0003,0.2064,1.0,0.405
49393.216371536255,0.481,0.5,0.529,0.471,1.0,0.321,0.694,neutral,surprise,0.277,0.07,False,hesitant,2235.71,67827.2,0.0003,0.2064,1.0,0.405
49512.205362319946,0.455,0.449,0.529,0.443,1.0,0.229,0.858,backward,surprise,0.277,0.07,False,hesitant,2235.71,67827.2,0.0003,0.2064,1.0,0.405
49539.59846496582,0.45,0.433,0.529,0.445,1.0,0.233,0.946,backward,surprise,0.277,0.07,False,hesitant,2235.71,67827.2,0.0003,0.2064,1.0,0.405
49567.362785339355,0.43,0.429,0.552,0.409,1.0,0.195,0.929,backward,surprise,0.418,0.133,False,hesitant,2235.71,67827.2,0.0003,0.2064,1.0,0.405
49682.94858932495,0.431,0.436,0.552,0.406,1.0,0.184,0.883,backward,surprise,0.418,0.133,False,hesitant,2235.71,67827.2,0.0003,0.2064,1.0,0.405
49713.62280845642,0.429,0.431,0.552,0.406,1.0,0.187,0.912,backward,surprise,0.418,0.133,False,hesitant,2235.71,67827.2,0.0003,0.2064,1.0,0.405
49745.65863609314,0.444,0.445,0.559,0.447,1.0,0.299,0.953,neutral,surprise,0.438,0.117,False,hesitant,2235.71,67827.2,0.0003,0.2064,1.0,0.405
49863.5048866272,0.456,0.457,0.559,0.471,1.0,0.379,0.969,neutral,surprise,0.438,0.117,False,hesitant,2235.71,67827.2,0.0003,0.2064,1.0,0.405
49898.92768859863,0.461,0.46,0.559,0.485,1.0,0.426,1.0,neutral,surprise,0.438,0.117,False,hesitant,2235.71,67827.2,0.0003,0.2064,1.0,0.405
49928.7645816803,0.48,0.468,0.515,0.488,1.0,0.465,1.0,neutral,surprise,0.263,0.136,False,hesitant,2235.71,67827.2,0.0003,0.2064,1.0,0.405
50043.15948486328,0.482,0.47,0.515,0.493,1.0,0.481,1.0,neutral,surprise,0.263,0.136,False,hesitant,2235.71,67827.2,0.0003,0.2064,1.0,0.405
50074.655294418335,0.489,0.479,0.515,0.506,1.0,0.525,1.0,neutral,surprise,0.263,0.136,False,hesitant,2235.71,67827.2,0.0003,0.2064,1.0,0.405
50106.18853569031,0.465,0.48,0.571,0.489,1.0,0.528,1.0,neutral,disgust,0.507,0.184,True,hesitant,2235.71,67827.2,0.0003,0.2064,1.0,0.405
50310.88829040527,0.519,0.515,0.485,0.53,1.0,0.546,1.0,neutral,disgust,0.507,0.184,True,stressed,1056.17,941711.66,0.012,0.1359,0.473,0.527
50345.31784057617,0.518,0.513,0.485,0.526,1.0,0.534,1.0,neutral,disgust,0.507,0.184,True,stressed,1056.17,941711.66,0.012,0.1359,0.473,0.527
50372.54190444946,0.554,0.515,0.43,0.58,1.0,0.535,1.0,neutral,surprise,0.304,0.05,False,stressed,1056.17,941711.66,0.012,0.1359,0.473,0.527
50488.502502441406,0.549,0.509,0.43,0.572,1.0,0.508,1.0,backward,surprise,0.304,0.05,False,stressed,1056.17,941711.66,0.012,0.1359,0.473,0.527
50518.23353767395,0.547,0.506,0.43,0.567,1.0,0.492,1.0,backward,surprise,0.304,0.05,False,stressed,1056.17,941711.66,0.012,0.1359,0.473,0.527
50546.62990570068,0.54,0.492,0.42,0.551,1.0,0.423,1.0,backward,surprise,0.258,0.034,False,stressed,1056.17,941711.66,0.012,0.1359,0.473,0.527
50670.963525772095,0.54,0.492,0.42,0.551,1.0,0.424,1.0,backward,surprise,0.258,0.034,False,stressed,1056.17,941711.66,0.012,0.1359,0.473,0.527
50703.85718345642,0.542,0.494,0.42,0.554,1.0,0.435,1.0,backward,surprise,0.258,0.034,False,stressed,1056.17,941711.66,0.012,0.1359,0.473,0.527
50738.79170417786,0.529,0.488,0.444,0.547,1.0,0.407,1.0,backward,surprise,0.357,0.031,True,stressed,1056.17,941711.66,0.012,0.1359,0.473,0.527
50867.23709106445,0.529,0.488,0.444,0.547,1.0,0.408,1.0,backward,surprise,0.357,0.031,True,stressed,1056.17,941711.66,0.012,0.1359,0.473,0.527
50898.77152442932,0.543,0.505,0.444,0.571,1.0,0.487,1.0,backward,surprise,0.357,0.031,True,stressed,1056.17,941711.66,0.012,0.1359,0.473,0.527
50929.38137054443,0.558,0.509,0.409,0.578,1.0,0.503,1.0,backward,surprise,0.212,0.026,False,stressed,1056.17,941711.66,0.012,0.1359,0.473,0.527
51052.6282787323,0.553,0.502,0.409,0.567,1.0,0.468,1.0,backward,surprise,0.212,0.026,False,stressed,1056.17,941711.66,0.012,0.1359,0.473,0.527
51082.14545249939,0.547,0.494,0.409,0.557,1.0,0.432,1.0,backward,surprise,0.212,0.026,False,stressed,1056.17,941711.66,0.012,0.1359,0.473,0.527
51113.478660583496,0.543,0.491,0.411,0.549,1.0,0.421,1.0,neutral,surprise,0.225,0.037,False,stressed,1056.17,941711.66,0.012,0.1359,0.473,0.527
51231.929302215576,0.544,0.493,0.411,0.552,1.0,0.429,1.0,backward,surprise,0.225,0.037,False,stressed,1056.17,941711.66,0.012,0.1359,0.473,0.527
51260.97106933594,0.546,0.497,0.411,0.552,1.0,0.43,0.979,backward,surprise,0.225,0.037,False,stressed,1056.17,941711.66,0.012,0.1359,0.473,0.527
51292.20199584961,0.549,0.509,0.414,0.552,1.0,0.435,0.931,backward,surprise,0.237,0.041,False,stressed,1056.17,941711.66,0.012,0.1359,0.473,0.527
51418.64991188049,0.554,0.521,0.414,0.554,1.0,0.443,0.882,backward,surprise,0.237,0.041,False,stressed,1056.17,941711.66,0.012,0.1359,0.473,0.527
51449.77331161499,0.558,0.525,0.414,0.565,1.0,0.48,0.901,backward,surprise,0.237,0.041,False,stressed,1056.17,941711.66,0.012,0.1359,0.473,0.527
51480.50308227539,0.563,0.539,0.41,0.559,1.0,0.48,0.834,backward,surprise,0.234,0.058,True,stressed,1056.17,941711.66,0.012,0.1359,0.473,0.527
51605.61394691467,0.563,0.541,0.41,0.557,1.0,0.473,0.814,backward,surprise,0.234,0.058,True,stressed,1056.17,941711.66,0.012,0.1359,0.473,0.527
51635.31136512756,0.558,0.532,0.41,0.552,1.0,0.458,0.843,backward,surprise,0.234,0.058,True,stressed,1056.17,941711.66,0.012,0.1359,0.473,0.527
51664.143085479736,0.576,0.549,0.412,0.592,1.0,0.573,0.881,backward,surprise,0.233,0.045,True,stressed,1056.17,941711.66,0.012,0.1359,0.473,0.527
51787.17017173767,0.584,0.584,0.412,0.579,1.0,0.529,0.67,backward,surprise,0.233,0.045,True,stressed,1056.17,941711.66,0.012,0.1359,0.473,0.527
51816.03121757507,0.581,0.577,0.412,0.579,1.0,0.529,0.705,backward,surprise,0.233,0.045,True,stressed,1056.17,941711.66,0.012,0.1359,0.473,0.527
51845.600843429565,0.55,0.566,0.423,0.5,1.0,0.532,0.74,neutral,neutral,0.347,0.259,True,stressed,1056.17,941711.66,0.012,0.1359,0.473,0.527
52043.49136352539,0.536,0.555,0.423,0.465,1.0,0.414,0.674,neutral,neutral,0.347,0.259,True,stressed,1056.17,941711.66,0.012,0.1359,0.473,0.527
52080.30915260315,0.504,0.522,0.459,0.439,1.0,0.337,0.706,neutral,neutral,0.347,0.259,True,stressed,327.15,183600.12,0.011,0.0894,0.538,0.485
52114.25161361694,0.496,0.507,0.476,0.451,1.0,0.351,0.8,neutral,surprise,0.395,0.255,True,stressed,327.15,183600.12,0.011,0.0894,0.538,0.485
52227.72693634033,0.498,0.507,0.476,0.457,1.0,0.374,0.822,neutral,surprise,0.395,0.255,True,stressed,327.15,183600.12,0.011,0.0894,0.538,0.485
52255.80406188965,0.498,0.505,0.476,0.458,1.0,0.376,0.835,neutral,surprise,0.395,0.255,True,stressed,327.15,183600.12,0.011,0.0894,0.538,0.485
52286.40556335449,0.496,0.507,0.456,0.426,1.0,0.378,0.844,neutral,neutral,0.357,0.323,True,stressed,327.15,183600.12,0.011,0.0894,0.538,0.485
52406.34083747864,0.497,0.505,0.456,0.434,1.0,0.405,0.882,neutral,neutral,0.357,0.323,True,stressed,327.15,183600.12,0.011,0.0894,0.538,0.485
52438.80248069763,0.498,0.508,0.456,0.434,1.0,0.405,0.864,neutral,neutral,0.357,0.323,True,stressed,327.15,183600.12,0.011,0.0894,0.538,0.485
52470.59178352356,0.498,0.507,0.442,0.416,1.0,0.399,0.877,neutral,neutral,0.331,0.351,True,stressed,327.15,183600.12,0.011,0.0894,0.538,0.485
52597.630977630615,0.497,0.507,0.442,0.413,1.0,0.391,0.87,neutral,neutral,0.331,0.351,True,stressed,327.15,183600.12,0.011,0.0894,0.538,0.485
52627.96759605408,0.501,0.521,0.442,0.411,1.0,0.384,0.784,neutral,neutral,0.331,0.351,True,stressed,327.15,183600.12,0.011,0.0894,0.538,0.485
52659.80076789856,0.502,0.516,0.449,0.427,1.0,0.371,0.782,neutral,neutral,0.332,0.302,True,stressed,327.15,183600.12,0.011,0.0894,0.538,0.485
52786.7693901062,0.506,0.529,0.449,0.426,1.0,0.367,0.711,neutral,neutral,0.332,0.302,True,stressed,327.15,183600.12,0.011,0.0894,0.538,0.485
52831.00390434265,0.516,0.545,0.449,0.441,1.0,0.42,0.675,neutral,neutral,0.332,0.302,True,stressed,327.15,183600.12,0.011,0.0894,0.538,0.485
52862.459659576416,0.518,0.552,0.452,0.445,1.0,0.424,0.636,neutral,neutral,0.337,0.293,True,stressed,327.15,183600.12,0.011,0.0894,0.538,0.485
52994.44913864136,0.513,0.541,0.452,0.44,1.0,0.408,0.686,neutral,neutral,0.337,0.293,True,stressed,327.15,183600.12,0.011,0.0894,0.538,0.485
53022.79996871948,0.518,0.554,0.452,0.44,1.0,0.407,0.609,neutral,neutral,0.337,0.293,True,stressed,327.15,183600.12,0.011,0.0894,0.538,0.485
53052.5598526001,0.531,0.562,0.504,0.536,1.0,0.413,0.591,neutral,surprise,0.461,0.058,True,stressed,327.15,183600.12,0.011,0.0894,0.538,0.485
53171.523332595825,0.522,0.529,0.504,0.545,1.0,0.445,0.786,neutral,surprise,0.461,0.058,True,stressed,327.15,183600.12,0.011,0.0894,0.538,0.485
53200.86431503296,0.521,0.526,0.504,0.545,1.0,0.445,0.801,neutral,surprise,0.461,0.058,True,stressed,327.15,183600.12,0.011,0.0894,0.538,0.485
53232.842683792114,0.539,0.541,0.466,0.542,1.0,0.44,0.719,neutral,surprise,0.286,0.063,True,stressed,327.15,183600.12,0.011,0.0894,0.538,0.485
53353.17635536194,0.533,0.531,0.466,0.535,1.0,0.415,0.747,neutral,surprise,0.286,0.063,True,stressed,327.15,183600.12,0.011,0.0894,0.538,0.485
53382.05862045288,0.537,0.537,0.466,0.539,1.0,0.431,0.732,neutral,surprise,0.286,0.063,True,stressed,327.15,183600.12,0.011,0.0894,0.538,0.485
53414.15190696716,0.535,0.541,0.473,0.538,1.0,0.416,0.7,neutral,surprise,0.318,0.054,True,stressed,327.15,183600.12,0.011,0.0894,0.538,0.485
53532.06562995911,0.524,0.526,0.473,0.518,1.0,0.348,0.707,neutral,surprise,0.318,0.054,True,stressed,327.15,183600.12,0.011,0.0894,0.538,0.485
53562.44993209839,0.516,0.515,0.473,0.505,1.0,0.304,0.719,neutral,surprise,0.318,0.054,True,stressed,327.15,183600.12,0.011,0.0894,0.538,0.485
53596.524715423584,0.503,0.511,0.451,0.44,1.0,0.3,0.725,neutral,surprise,0.307,0.22,True,stressed,327.15,183600.12,0.011,0.0894,0.538,0.485
53773.322343826294,0.505,0.512,0.451,0.444,1.0,0.315,0.736,neutral,surprise,0.307,0.22,True,stressed,327.15,183600.12,0.011,0.0894,0.538,0.485
53808.49289894104,0.507,0.515,0.451,0.448,1.0,0.326,0.73,neutral,surprise,0.307,0.22,True,stressed,327.15,183600.12,0.011,0.0894,0.538,0.485
53848.586320877075,0.508,0.525,0.481,0.476,1.0,0.377,0.706,neutral,surprise,0.323,0.126,True,hesitant,444.49,397419.96,0.0032,0.1185,0.868,0.437
53967.7619934082,0.498,0.502,0.481,0.469,1.0,0.355,0.793,neutral,surprise,0.323,0.126,True,hesitant,444.49,397419.96,0.0032,0.1185,0.868,0.437
53996.628522872925,0.496,0.496,0.481,0.469,1.0,0.352,0.817,neutral,surprise,0.323,0.126,True,hesitant,444.49,397419.96,0.0032,0.1185,0.868,0.437
54029.47211265564,0.499,0.532,0.456,0.409,1.0,0.365,0.672,neutral,surprise,0.331,0.296,True,hesitant,444.49,397419.96,0.0032,0.1185,0.868,0.437
54150.821685791016,0.491,0.523,0.456,0.393,1.0,0.31,0.661,neutral,surprise,0.331,0.296,True,hesitant,444.49,397419.96,0.0032,0.1185,0.868,0.437
54182.631492614746,0.491,0.52,0.456,0.395,1.0,0.317,0.68,neutral,surprise,0.331,0.296,True,hesitant,444.49,397419.96,0.0032,0.1185,0.868,0.437
54211.2455368042,0.503,0.531,0.461,0.427,1.0,0.319,0.617,neutral,surprise,0.307,0.207,True,hesitant,444.49,397419.96,0.0032,0.1185,0.868,0.437
54333.75811576843,0.492,0.494,0.461,0.435,1.0,0.348,0.824,neutral,surprise,0.307,0.207,True,hesitant,444.49,397419.96,0.0032,0.1185,0.868,0.437
54358.95276069641,0.489,0.485,0.461,0.437,1.0,0.352,0.871,neutral,surprise,0.307,0.207,True,hesitant,444.49,397419.96,0.0032,0.1185,0.868,0.437
54388.34023475647,0.469,0.483,0.547,0.471,1.0,0.366,0.892,neutral,disgust,0.517,0.144,False,hesitant,444.49,397419.96,0.0032,0.1185,0.868,0.437
54512.45999336243,0.451,0.447,0.547,0.453,1.0,0.305,1.0,neutral,disgust,0.517,0.144,False,hesitant,444.49,397419.96,0.0032,0.1185,0.868,0.437
54542.38677024841,0.444,0.437,0.547,0.44,1.0,0.26,1.0,neutral,disgust,0.517,0.144,False,hesitant,444.49,397419.96,0.0032,0.1185,0.868,0.437
54573.39954376221,0.476,0.439,0.458,0.443,1.0,0.27,1.0,neutral,surprise,0.254,0.126,True,hesitant,444.49,397419.96,0.0032,0.1185,0.868,0.437
54705.45482635498,0.477,0.44,0.458,0.444,1.0,0.272,1.0,neutral,surprise,0.254,0.126,True,hesitant,444.49,397419.96,0.0032,0.1185,0.868,0.437
54735.41855812073,0.477,0.44,0.458,0.444,1.0,0.274,1.0,neutral,surprise,0.254,0.126,True,hesitant,444.49,397419.96,0.0032,0.1185,0.868,0.437
54767.27628707886,0.485,0.451,0.466,0.468,1.0,0.325,1.0,neutral,surprise,0.27,0.111,True,hesitant,444.49,397419.96,0.0032,0.1185,0.868,0.437
54897.244453430176,0.488,0.454,0.466,0.473,1.0,0.341,1.0,neutral,surprise,0.27,0.111,True,hesitant,444.49,397419.96,0.0032,0.1185,0.868,0.437
54929.05378341675,0.492,0.46,0.466,0.481,1.0,0.368,1.0,neutral,surprise,0.27,0.111,True,hesitant,444.49,397419.96,0.0032,0.1185,0.868,0.437
54958.62793922424,0.503,0.469,0.461,0.5,1.0,0.411,1.0,neutral,surprise,0.246,0.099,True,hesitant,444.49,397419.96,0.0032,0.1185,0.868,0.437
55076.63798332214,0.505,0.472,0.461,0.503,1.0,0.421,1.0,neutral,surprise,0.246,0.099,True,hesitant,444.49,397419.96,0.0032,0.1185,0.868,0.437
55107.60426521301,0.507,0.475,0.461,0.507,1.0,0.434,1.0,neutral,surprise,0.246,0.099,True,hesitant,444.49,397419.96,0.0032,0.1185,0.868,0.437
55140.43140411377,0.486,0.478,0.543,0.529,1.0,0.448,1.0,neutral,surprise,0.495,0.047,True,hesitant,444.49,397419.96,0.0032,0.1185,0.868,0.437
55260.88881492615,0.498,0.494,0.543,0.55,1.0,0.517,1.0,neutral,surprise,0.495,0.047,True,hesitant,444.49,397419.96,0.0032,0.1185,0.868,0.437
55289.040088653564,0.497,0.493,0.543,0.549,1.0,0.515,1.0,neutral,surprise,0.495,0.047,True,hesitant,444.49,397419.96,0.0032,0.1185,0.868,0.437
55319.49281692505,0.527,0.555,0.482,0.505,1.0,0.508,0.696,neutral,surprise,0.354,0.195,True,hesitant,444.49,397419.96,0.0032,0.1185,0.868,0.437
55453.49621772766,0.525,0.558,0.482,0.495,1.0,0.474,0.649,neutral,surprise,0.354,0.195,True,hesitant,444.49,397419.96,0.0032,0.1185,0.868,0.437
55493.441104888916,0.527,0.563,0.482,0.495,1.0,0.474,0.621,neutral,surprise,0.354,0.195,True,hesitant,444.49,397419.96,0.0032,0.1185,0.868,0.437
55528.286933898926,0.548,0.567,0.463,0.538,1.0,0.433,0.622,neutral,surprise,0.421,0.084,True,stressed,507.18,410533.14,0.0107,0.1013,0.418,0.528
55681.65397644043,0.542,0.56,0.463,0.528,1.0,0.398,0.624,neutral,surprise,0.421,0.084,True,stressed,507.18,410533.14,0.0107,0.1013,0.418,0.528
55712.294816970825,0.543,0.565,0.463,0.523,1.0,0.382,0.581,neutral,surprise,0.421,0.084,True,stressed,507.18,410533.14,0.0107,0.1013,0.418,0.528
55743.48306655884,0.552,0.565,0.427,0.511,1.0,0.362,0.563,neutral,surprise,0.23,0.084,True,stressed,507.18,410533.14,0.0107,0.1013,0.418,0.528
55861.987829208374,0.555,0.564,0.427,0.524,1.0,0.405,0.61,neutral,surprise,0.23,0.084,True,stressed,507.18,410533.14,0.0107,0.1013,0.418,0.528
55889.17112350464,0.555,0.564,0.427,0.525,1.0,0.409,0.616,neutral,surprise,0.23,0.084,True,stressed,507.18,410533.14,0.0107,0.1013,0.418,0.528
55919.20709609985,0.56,0.568,0.429,0.539,1.0,0.406,0.598,neutral,surprise,0.213,0.043,True,stressed,507.18,410533.14,0.0107,0.1013,0.418,0.528
56040.032625198364,0.567,0.572,0.429,0.557,1.0,0.466,0.635,backward,surprise,0.213,0.043,True,stressed,507.18,410533.14,0.0107,0.1013,0.418,0.528
56070.33967971802,0.566,0.571,0.429,0.554,1.0,0.454,0.627,backward,surprise,0.213,0.043,True,stressed,507.18,410533.14,0.0107,0.1013,0.418,0.528
56103.129625320435,0.561,0.584,0.443,0.54,1.0,0.472,0.569,backward,surprise,0.32,0.096,True,stressed,507.18,410533.14,0.0107,0.1013,0.418,0.528
56224.717140197754,0.561,0.581,0.443,0.543,1.0,0.482,0.593,backward,surprise,0.32,0.096,True,stressed,507.18,410533.14,0.0107,0.1013,0.418,0.528
56255.83243370056,0.554,0.568,0.443,0.534,1.0,0.451,0.636,backward,surprise,0.32,0.096,True,stressed,507.18,410533.14,0.0107,0.1013,0.418,0.528
56287.22047805786,0.548,0.562,0.439,0.515,1.0,0.442,0.651,backward,surprise,0.318,0.141,True,stressed,507.18,410533.14,0.0107,0.1013,0.418,0.528
56405.19595146179,0.539,0.549,0.439,0.502,1.0,0.4,0.678,neutral,surprise,0.318,0.141,True,stressed,507.18,410533.14,0.0107,0.1013,0.418,0.528
56436.538219451904,0.535,0.536,0.439,0.505,1.0,0.408,0.757,backward,surprise,0.318,0.141,True,stressed,507.18,410533.14,0.0107,0.1013,0.418,0.528
56467.469930648804,0.546,0.533,0.431,0.534,1.0,0.41,0.785,neutral,surprise,0.236,0.058,True,stressed,507.18,410533.14,0.0107,0.1013,0.418,0.528
56595.44277191162,0.548,0.528,0.431,0.548,1.0,0.456,0.861,backward,surprise,0.236,0.058,True,stressed,507.18,410533.14,0.0107,0.1013,0.418,0.528
56625.71215629578,0.544,0.516,0.431,0.549,1.0,0.459,0.928,backward,surprise,0.236,0.058,True,stressed,507.18,410533.14,0.0107,0.1013,0.418,0.528
56655.38191795349,0.535,0.518,0.446,0.533,1.0,0.454,0.908,neutral,surprise,0.34,0.105,True,stressed,507.18,410533.14,0.0107,0.1013,0.418,0.528
56772.37844467163,0.53,0.511,0.446,0.524,1.0,0.427,0.92,neutral,surprise,0.34,0.105,True,stressed,507.18,410533.14,0.0107,0.1013,0.418,0.528
56802.56938934326,0.526,0.505,0.446,0.518,1.0,0.404,0.926,neutral,surprise,0.34,0.105,True,stressed,507.18,410533.14,0.0107,0.1013,0.418,0.528
56834.32388305664,0.523,0.526,0.435,0.472,1.0,0.432,0.838,neutral,surprise,0.33,0.233,True,stressed,507.18,410533.14,0.0107,0.1013,0.418,0.528
56962.33344078064,0.531,0.531,0.435,0.49,1.0,0.493,0.871,neutral,surprise,0.33,0.233,True,stressed,507.18,410533.14,0.0107,0.1013,0.418,0.528
56991.83368682861,0.532,0.532,0.435,0.495,1.0,0.508,0.878,neutral,surprise,0.33,0.233,True,stressed,507.18,410533.14,0.0107,0.1013,0.418,0.528
57022.51625061035,0.549,0.55,0.441,0.535,1.0,0.551,0.825,backward,surprise,0.334,0.165,True,stressed,507.18,410533.14,0.0107,0.1013,0.418,0.528
57143.89967918396,0.551,0.553,0.441,0.539,1.0,0.563,0.818,backward,surprise,0.334,0.165,True,stressed,507.18,410533.14,0.0107,0.1013,0.418,0.528
57171.990633010864,0.553,0.556,0.441,0.541,1.0,0.57,0.809,backward,surprise,0.334,0.165,True,stressed,507.18,410533.14,0.0107,0.1013,0.418,0.528
57205.374002456665,0.529,0.556,0.465,0.489,1.0,0.556,0.796,backward,neutral,0.45,0.289,True,stressed,507.18,410533.14,0.0107,0.1013,0.418,0.528
57392.2381401062,0.54,0.575,0.45,0.486,1.0,0.537,0.699,neutral,neutral,0.45,0.289,True,stressed,417.63,229985.9,0.0116,0.1148,0.44,0.55
57425.25386810303,0.54,0.58,0.45,0.483,1.0,0.528,0.657,neutral,neutral,0.45,0.289,True,stressed,417.63,229985.9,0.0116,0.1148,0.44,0.55
57457.29660987854,0.565,0.576,0.461,0.583,1.0,0.544,0.721,neutral,surprise,0.523,0.047,True,stressed,417.63,229985.9,0.0116,0.1148,0.44,0.55
57578.2675743103,0.568,0.582,0.461,0.584,1.0,0.548,0.692,neutral,surprise,0.523,0.047,True,stressed,417.63,229985.9,0.0116,0.1148,0.44,0.55
57609.18140411377,0.57,0.583,0.461,0.591,1.0,0.571,0.708,neutral,surprise,0.523,0.047,True,stressed,417.63,229985.9,0.0116,0.1148,0.44,0.55
57640.23470878601,0.579,0.568,0.417,0.588,1.0,0.573,0.795,neutral,surprise,0.236,0.057,False,stressed,417.63,229985.9,0.0116,0.1148,0.44,0.55
57760.95461845398,0.565,0.53,0.417,0.585,1.0,0.562,1.0,neutral,surprise,0.236,0.057,False,stressed,417.63,229985.9,0.0116,0.1148,0.44,0.55
57791.23497009277,0.573,0.539,0.417,0.6,1.0,0.613,1.0,neutral,surprise,0.236,0.057,False,stressed,417.63,229985.9,0.0116,0.1148,0.44,0.55
57822.396755218506,0.552,0.538,0.436,0.556,1.0,0.622,1.0,neutral,surprise,0.382,0.177,True,stressed,417.63,229985.9,0.0116,0.1148,0.44,0.55
57942.20042228699,0.55,0.535,0.436,0.551,1.0,0.606,1.0,neutral,surprise,0.382,0.177,True,stressed,417.63,229985.9,0.0116,0.1148,0.44,0.55
57973.567724227905,0.552,0.538,0.436,0.555,1.0,0.62,1.0,neutral,surprise,0.382,0.177,True,stressed,417.63,229985.9,0.0116,0.1148,0.44,0.55
58007.351875305176,0.555,0.54,0.469,0.602,1.0,0.619,1.0,neutral,fear,0.577,0.057,True,stressed,417.63,229985.9,0.0116,0.1148,0.44,0.55
58127.58994102478,0.555,0.539,0.469,0.602,1.0,0.618,1.0,neutral,fear,0.577,0.057,True,stressed,417.63,229985.9,0.0116,0.1148,0.44,0.55
58161.21029853821,0.554,0.539,0.469,0.6,1.0,0.612,1.0,neutral,fear,0.577,0.057,True,stressed,417.63,229985.9,0.0116,0.1148,0.44,0.55
58188.708543777466,0.555,0.536,0.428,0.557,1.0,0.612,1.0,neutral,surprise,0.348,0.206,False,stressed,417.63,229985.9,0.0116,0.1148,0.44,0.55
58307.39235877991,0.552,0.533,0.428,0.551,1.0,0.594,1.0,neutral,surprise,0.348,0.206,False,stressed,417.63,229985.9,0.0116,0.1148,0.44,0.55
58339.47658538818,0.553,0.534,0.428,0.553,1.0,0.601,1.0,neutral,surprise,0.348,0.206,False,stressed,417.63,229985.9,0.0116,0.1148,0.44,0.55
58370.418071746826,0.552,0.534,0.433,0.554,1.0,0.596,1.0,neutral,surprise,0.364,0.169,False,stressed,417.63,229985.9,0.0116,0.1148,0.44,0.55
58488.61289024353,0.535,0.515,0.433,0.521,1.0,0.486,1.0,neutral,surprise,0.364,0.169,False,stressed,417.63,229985.9,0.0116,0.1148,0.44,0.55
58518.82576942444,0.534,0.514,0.433,0.52,1.0,0.483,1.0,neutral,surprise,0.364,0.169,False,stressed,417.63,229985.9,0.0116,0.1148,0.44,0.55
58547.65486717224,0.528,0.506,0.422,0.495,1.0,0.433,1.0,neutral,surprise,0.322,0.201,False,stressed,417.63,229985.9,0.0116,0.1148,0.44,0.55
58665.79365730286,0.521,0.498,0.422,0.481,1.0,0.385,1.0,neutral,surprise,0.322,0.201,False,stressed,417.63,229985.9,0.0116,0.1148,0.44,0.55
58693.87364387512,0.526,0.504,0.422,0.492,1.0,0.422,1.0,neutral,surprise,0.322,0.201,False,stressed,417.63,229985.9,0.0116,0.1148,0.44,0.55
58723.376512527466,0.536,0.533,0.428,0.496,1.0,0.437,0.844,neutral,surprise,0.351,0.205,False,stressed,417.63,229985.9,0.0116,0.1148,0.44,0.55
58842.19264984131,0.529,0.526,0.428,0.481,1.0,0.387,0.833,neutral,surprise,0.351,0.205,False,stressed,417.63,229985.9,0.0116,0.1148,0.44,0.55
58872.448682785034,0.529,0.526,0.428,0.481,1.0,0.385,0.836,neutral,surprise,0.351,0.205,False,stressed,417.63,229985.9,0.0116,0.1148,0.44,0.55
58904.75249290466,0.513,0.499,0.425,0.458,1.0,0.36,0.97,neutral,surprise,0.342,0.232,False,stressed,417.63,229985.9,0.0116,0.1148,0.44,0.55
59073.081970214844,0.51,0.492,0.425,0.455,1.0,0.351,1.0,neutral,surprise,0.342,0.232,False,stressed,417.63,229985.9,0.0116,0.1148,0.44,0.55
59109.46536064148,0.51,0.492,0.425,0.454,1.0,0.347,1.0,neutral,surprise,0.342,0.232,False,stressed,417.63,229985.9,0.0116,0.1148,0.44,0.55
59144.43826675415,0.491,0.469,0.452,0.45,1.0,0.366,1.0,neutral,surprise,0.349,0.222,False,hesitant,774.71,758504.42,0.0078,0.1335,0.659,0.477
59262.01367378235,0.493,0.471,0.452,0.454,1.0,0.381,1.0,neutral,surprise,0.349,0.222,False,hesitant,774.71,758504.42,0.0078,0.1335,0.659,0.477
59293.03026199341,0.495,0.474,0.452,0.458,1.0,0.394,1.0,neutral,surprise,0.349,0.222,False,hesitant,774.71,758504.42,0.0078,0.1335,0.659,0.477
59325.40273666382,0.513,0.498,0.447,0.484,1.0,0.503,1.0,neutral,neutral,0.342,0.237,False,hesitant,774.71,758504.42,0.0078,0.1335,0.659,0.477
59453.48310470581,0.498,0.478,0.447,0.456,1.0,0.409,1.0,neutral,neutral,0.342,0.237,False,hesitant,774.71,758504.42,0.0078,0.1335,0.659,0.477
59481.33325576782,0.489,0.467,0.447,0.439,1.0,0.355,1.0,neutral,neutral,0.342,0.237,False,hesitant,774.71,758504.42,0.0078,0.1335,0.659,0.477
59514.3883228302,0.484,0.471,0.452,0.426,1.0,0.364,1.0,neutral,neutral,0.366,0.281,False,hesitant,774.71,758504.42,0.0078,0.1335,0.659,0.477
59634.3457698822,0.493,0.482,0.452,0.443,1.0,0.421,1.0,neutral,neutral,0.366,0.281,False,hesitant,774.71,758504.42,0.0078,0.1335,0.659,0.477
59664.06869888306,0.495,0.484,0.452,0.445,1.0,0.429,1.0,neutral,neutral,0.366,0.281,False,hesitant,774.71,758504.42,0.0078,0.1335,0.659,0.477
59696.3529586792,0.496,0.484,0.455,0.453,1.0,0.433,1.0,neutral,neutral,0.368,0.265,True,hesitant,774.71,758504.42,0.0078,0.1335,0.659,0.477
59827.32319831848,0.494,0.482,0.455,0.45,1.0,0.424,1.0,neutral,neutral,0.368,0.265,True,hesitant,774.71,758504.42,0.0078,0.1335,0.659,0.477
59856.621980667114,0.489,0.475,0.455,0.44,1.0,0.391,1.0,neutral,neutral,0.368,0.265,True,hesitant,774.71,758504.42,0.0078,0.1335,0.659,0.477
59891.47615432739,0.479,0.465,0.453,0.416,1.0,0.331,0.995,neutral,neutral,0.367,0.275,False,hesitant,774.71,758504.42,0.0078,0.1335,0.659,0.477
60015.91157913208,0.467,0.453,0.453,0.39,1.0,0.247,0.967,neutral,neutral,0.367,0.275,False,hesitant,774.71,758504.42,0.0078,0.1335,0.659,0.477
60045.98832130432,0.458,0.437,0.453,0.378,1.0,0.205,1.0,backward,neutral,0.367,0.275,False,hesitant,774.71,758504.42,0.0078,0.1335,0.659,0.477
60076.49302482605,0.462,0.44,0.434,0.368,1.0,0.208,1.0,backward,neutral,0.334,0.303,True,hesitant,774.71,758504.42,0.0078,0.1335,0.659,0.477
60197.656869888306,0.464,0.444,0.434,0.367,1.0,0.204,0.982,backward,neutral,0.334,0.303,True,hesitant,774.71,758504.42,0.0078,0.1335,0.659,0.477
60234.34400558472,0.469,0.456,0.434,0.37,1.0,0.214,0.93,backward,neutral,0.334,0.303,True,hesitant,774.71,758504.42,0.0078,0.1335,0.659,0.477
60262.428283691406,0.472,0.465,0.447,0.386,1.0,0.227,0.891,backward,neutral,0.353,0.271,False,hesitant,774.71,758504.42,0.0078,0.1335,0.659,0.477
60378.24249267578,0.478,0.484,0.447,0.385,1.0,0.225,0.795,backward,neutral,0.353,0.271,False,hesitant,774.71,758504.42,0.0078,0.1335,0.659,0.477
60408.41007232666,0.475,0.472,0.447,0.388,1.0,0.235,0.862,backward,neutral,0.353,0.271,False,hesitant,774.71,758504.42,0.0078,0.1335,0.659,0.477
60438.249588012695,0.488,0.504,0.428,0.372,1.0,0.272,0.762,backward,neutral,0.332,0.339,False,hesitant,774.71,758504.42,0.0078,0.1335,0.659,0.477
60553.84349822998,0.494,0.523,0.428,0.368,1.0,0.259,0.655,backward,neutral,0.332,0.339,False,hesitant,774.71,758504.42,0.0078,0.1335,0.659,0.477
60583.50396156311,0.488,0.506,0.428,0.369,1.0,0.261,0.741,backward,neutral,0.332,0.339,False,hesitant,774.71,758504.42,0.0078,0.1335,0.659,0.477
60614.44401741028,0.485,0.498,0.449,0.392,1.0,0.256,0.754,backward,neutral,0.359,0.278,True,hesitant,774.71,758504.42,0.0078,0.1335,0.659,0.477
60754.82439994812,0.493,0.513,0.449,0.403,1.0,0.294,0.721,backward,neutral,0.359,0.278,True,hesitant,774.71,758504.42,0.0078,0.1335,0.659,0.477
60794.43573951721,0.495,0.516,0.449,0.404,1.0,0.295,0.713,backward,neutral,0.359,0.278,True,hesitant,774.71,758504.42,0.0078,0.1335,0.659,0.477
60827.285051345825,0.441,0.487,0.55,0.377,1.0,0.295,0.676,backward,neutral,0.354,0.3,False,hesitant,1890.32,649015.42,0.0019,0.183,0.89,0.324
60982.691526412964,0.443,0.494,0.55,0.374,1.0,0.286,0.628,backward,neutral,0.354,0.3,False,hesitant,1890.32,649015.42,0.0019,0.183,0.89,0.324
61012.04562187195,0.44,0.488,0.55,0.372,1.0,0.278,0.655,backward,neutral,0.354,0.3,False,hesitant,1890.32,649015.42,0.0019,0.183,0.89,0.324
61042.98782348633,0.446,0.492,0.556,0.393,1.0,0.287,0.634,backward,surprise,0.343,0.254,False,hesitant,1890.32,649015.42,0.0019,0.183,0.89,0.324
61158.56146812439,0.448,0.502,0.556,0.391,1.0,0.282,0.576,backward,surprise,0.343,0.254,False,hesitant,1890.32,649015.42,0.0019,0.183,0.89,0.324
61188.41028213501,0.451,0.503,0.556,0.397,1.0,0.3,0.591,backward,surprise,0.343,0.254,False,hesitant,1890.32,649015.42,0.0019,0.183,0.89,0.324
61219.486951828,0.444,0.491,0.543,0.373,1.0,0.285,0.644,backward,neutral,0.337,0.301,True,hesitant,1890.32,649015.42,0.0019,0.183,0.89,0.324
61340.95859527588,0.447,0.502,0.543,0.372,1.0,0.282,0.589,backward,neutral,0.337,0.301,True,hesitant,1890.32,649015.42,0.0019,0.183,0.89,0.324
61371.593713760376,0.447,0.501,0.543,0.373,1.0,0.283,0.595,backward,neutral,0.337,0.301,True,hesitant,1890.32,649015.42,0.0019,0.183,0.89,0.324
61398.661613464355,0.446,0.496,0.557,0.391,1.0,0.284,0.61,backward,neutral,0.345,0.256,False,hesitant,1890.32,649015.42,0.0019,0.183,0.89,0.324
61521.56901359558,0.447,0.488,0.557,0.405,1.0,0.332,0.694,backward,neutral,0.345,0.256,False,hesitant,1890.32,649015.42,0.0019,0.183,0.89,0.324
61550.275564193726,0.451,0.501,0.557,0.403,1.0,0.325,0.622,backward,neutral,0.345,0.256,False,hesitant,1890.32,649015.42,0.0019,0.183,0.89,0.324
61580.08813858032,0.45,0.501,0.553,0.394,1.0,0.318,0.618,backward,neutral,0.346,0.274,False,hesitant,1890.32,649015.42,0.0019,0.183,0.89,0.324
61697.31545448303,0.451,0.503,0.553,0.394,1.0,0.318,0.609,backward,neutral,0.346,0.274,False,hesitant,1890.32,649015.42,0.0019,0.183,0.89,0.324
61728.98006439209,0.442,0.482,0.553,0.388,1.0,0.301,0.704,backward,neutral,0.346,0.274,False,hesitant,1890.32,649015.42,0.0019,0.183,0.89,0.324
61758.03852081299,0.446,0.492,0.543,0.378,1.0,0.287,0.64,backward,neutral,0.33,0.291,True,hesitant,1890.32,649015.42,0.0019,0.183,0.89,0.324
61876.59168243408,0.451,0.5,0.543,0.388,1.0,0.32,0.633,neutral,neutral,0.33,0.291,True,hesitant,1890.32,649015.42,0.0019,0.183,0.89,0.324
61908.2555770874,0.449,0.488,0.543,0.394,1.0,0.341,0.716,neutral,neutral,0.33,0.291,True,hesitant,1890.32,649015.42,0.0019,0.183,0.89,0.324
61940.30690193176,0.448,0.485,0.546,0.399,1.0,0.343,0.729,neutral,neutral,0.332,0.279,False,hesitant,1890.32,649015.42,0.0019,0.183,0.89,0.324
62061.10215187073,0.45,0.482,0.546,0.408,1.0,0.372,0.772,neutral,neutral,0.332,0.279,False,hesitant,1890.32,649015.42,0.0019,0.183,0.89,0.324
62092.23794937134,0.452,0.49,0.546,0.406,1.0,0.365,0.724,neutral,neutral,0.332,0.279,False,hesitant,1890.32,649015.42,0.0019,0.183,0.89,0.324
62123.493671417236,0.452,0.493,0.543,0.397,1.0,0.366,0.718,neutral,neutral,0.337,0.303,True,hesitant,1890.32,649015.42,0.0019,0.183,0.89,0.324
62246.62160873413,0.452,0.491,0.543,0.399,1.0,0.374,0.733,neutral,neutral,0.337,0.303,True,hesitant,1890.32,649015.42,0.0019,0.183,0.89,0.324
62277.18448638916,0.452,0.495,0.543,0.397,1.0,0.366,0.71,neutral,neutral,0.337,0.303,True,hesitant,1890.32,649015.42,0.0019,0.183,0.89,0.324
62307.26099014282,0.465,0.528,0.55,0.408,1.0,0.377,0.544,neutral,neutral,0.346,0.285,False,hesitant,1890.32,649015.42,0.0019,0.183,0.89,0.324
62432.11054801941,0.464,0.527,0.55,0.407,1.0,0.373,0.544,neutral,neutral,0.346,0.285,False,hesitant,1890.32,649015.42,0.0019,0.183,0.89,0.324
62462.27836608887,0.455,0.506,0.55,0.401,1.0,0.354,0.631,neutral,neutral,0.346,0.285,False,hesitant,1890.32,649015.42,0.0019,0.183,0.89,0.324
62494.61841583252,0.456,0.507,0.548,0.402,1.0,0.354,0.627,neutral,neutral,0.337,0.281,False,hesitant,1890.32,649015.42,0.0019,0.183,0.89,0.324
62687.60085105896,0.461,0.517,0.548,0.405,1.0,0.364,0.588,neutral,neutral,0.337,0.281,False,hesitant,1890.32,649015.42,0.0019,0.183,0.89,0.324
62725.29983520508,0.439,0.5,0.585,0.397,1.0,0.356,0.597,neutral,neutral,0.337,0.281,False,hesitant,2285.71,0.0,0.0,0.2002,1.0,0.266
62754.56976890564,0.438,0.502,0.603,0.412,1.0,0.361,0.58,neutral,neutral,0.361,0.248,False,hesitant,2285.71,0.0,0.0,0.2002,1.0,0.266
62878.14283370972,0.441,0.511,0.603,0.41,1.0,0.355,0.53,neutral,neutral,0.361,0.248,False,hesitant,2285.71,0.0,0.0,0.2002,1.0,0.266
62907.429456710815,0.432,0.487,0.603,0.409,1.0,0.352,0.651,neutral,neutral,0.361,0.248,False,hesitant,2285.71,0.0,0.0,0.2002,1.0,0.266
62940.25802612305,0.443,0.5,0.582,0.404,1.0,0.364,0.6,neutral,neutral,0.319,0.269,True,hesitant,2285.71,0.0,0.0,0.2002,1.0,0.266
63057.6446056366,0.443,0.5,0.582,0.405,1.0,0.369,0.605,neutral,neutral,0.319,0.269,True,hesitant,2285.71,0.0,0.0,0.2002,1.0,0.266
63085.248708724976,0.442,0.5,0.582,0.403,1.0,0.362,0.595,neutral,neutral,0.319,0.269,True,hesitant,2285.71,0.0,0.0,0.2002,1.0,0.266
63116.095781326294,0.434,0.479,0.586,0.404,1.0,0.349,0.69,neutral,surprise,0.32,0.258,False,hesitant,2285.71,0.0,0.0,0.2002,1.0,0.266
63239.01009559631,0.433,0.477,0.586,0.403,1.0,0.348,0.702,neutral,surprise,0.32,0.258,False,hesitant,2285.71,0.0,0.0,0.2002,1.0,0.266
63269.45352554321,0.429,0.465,0.586,0.406,1.0,0.356,0.77,neutral,surprise,0.32,0.258,False,hesitant,2285.71,0.0,0.0,0.2002,1.0,0.266
63300.631523132324,0.427,0.461,0.599,0.417,1.0,0.363,0.791,backward,surprise,0.34,0.235,False,hesitant,2285.71,0.0,0.0,0.2002,1.0,0.266
63415.87233543396,0.429,0.46,0.599,0.425,1.0,0.389,0.823,backward,surprise,0.34,0.235,False,hesitant,2285.71,0.0,0.0,0.2002,1.0,0.266
63448.216915130615,0.43,0.45,0.599,0.442,1.0,0.446,0.933,backward,surprise,0.34,0.235,False,hesitant,2285.71,0.0,0.0,0.2002,1.0,0.266
63479.34818267822,0.429,0.446,0.614,0.46,1.0,0.449,0.945,backward,surprise,0.352,0.192,False,hesitant,2285.71,0.0,0.0,0.2002,1.0,0.266
63608.7749004364,0.427,0.437,0.614,0.463,1.0,0.458,1.0,backward,surprise,0.352,0.192,False,hesitant,2285.71,0.0,0.0,0.2002,1.0,0.266
63638.1402015686,0.426,0.436,0.614,0.461,1.0,0.45,1.0,backward,surprise,0.352,0.192,False,hesitant,2285.71,0.0,0.0,0.2002,1.0,0.266
63669.456243515015,0.423,0.434,0.617,0.458,1.0,0.441,1.0,backward,surprise,0.363,0.193,False,hesitant,2285.71,0.0,0.0,0.2002,1.0,0.266
63791.78428649902,0.424,0.435,0.617,0.459,1.0,0.444,1.0,backward,surprise,0.363,0.193,False,hesitant,2285.71,0.0,0.0,0.2002,1.0,0.266
63823.6038684845,0.426,0.437,0.617,0.463,1.0,0.458,1.0,neutral,surprise,0.363,0.193,False,hesitant,2285.71,0.0,0.0,0.2002,1.0,0.266
63856.36782646179,0.424,0.435,0.605,0.446,1.0,0.441,1.0,neutral,surprise,0.347,0.222,False,hesitant,2285.71,0.0,0.0,0.2002,1.0,0.266
63975.541830062866,0.425,0.436,0.605,0.447,1.0,0.443,1.0,neutral,surprise,0.347,0.222,False,hesitant,2285.71,0.0,0.0,0.2002,1.0,0.266
64004.62555885315,0.424,0.434,0.605,0.445,1.0,0.437,1.0,neutral,surprise,0.347,0.222,False,hesitant,2285.71,0.0,0.0,0.2002,1.0,0.266
64032.21797943115,0.425,0.435,0.591,0.433,1.0,0.432,1.0,neutral,surprise,0.331,0.251,False,hesitant,2285.71,0.0,0.0,0.2002,1.0,0.266
64296.07701301575,0.425,0.434,0.591,0.433,1.0,0.432,1.0,neutral,surprise,0.331,0.251,False,hesitant,2285.71,0.0,0.0,0.2002,1.0,0.266
64389.78886604309,0.424,0.434,0.591,0.431,1.0,0.428,1.0,neutral,surprise,0.331,0.251,False,hesitant,2285.71,0.0,0.0,0.2002,1.0,0.266
64454.69093322754,0.43,0.439,0.569,0.418,1.0,0.424,1.0,neutral,neutral,0.32,0.28,False,hesitant,2285.71,0.0,0.0,0.2004,1.0,0.266
64840.62957763672,0.431,0.44,0.569,0.42,1.0,0.431,1.0,neutral,neutral,0.32,0.28,False,hesitant,2285.71,0.0,0.0,0.2004,1.0,0.266
64890.608072280884,0.431,0.44,0.569,0.42,1.0,0.431,1.0,neutral,neutral,0.32,0.28,False,hesitant,2285.71,0.0,0.0,0.2004,1.0,0.266
64932.47699737549,0.43,0.436,0.603,0.46,1.0,0.434,1.0,neutral,surprise,0.342,0.19,False,hesitant,2285.71,0.0,0.0,0.2004,1.0,0.266
65183.085680007935,0.431,0.439,0.603,0.463,1.0,0.446,1.0,neutral,surprise,0.342,0.19,False,hesitant,2285.71,0.0,0.0,0.2004,1.0,0.266
65233.35909843445,0.434,0.442,0.603,0.468,1.0,0.463,1.0,neutral,surprise,0.342,0.19,False,hesitant,2285.71,0.0,0.0,0.2004,1.0,0.266
65280.43723106384,0.439,0.442,0.616,0.498,1.0,0.468,1.0,neutral,surprise,0.323,0.114,False,hesitant,2285.71,0.0,0.0,0.2004,1.0,0.266
65501.22332572937,0.434,0.436,0.616,0.489,1.0,0.438,1.0,neutral,surprise,0.323,0.114,False,hesitant,2285.71,0.0,0.0,0.2004,1.0,0.266
65543.3030128479,0.441,0.457,0.616,0.489,1.0,0.44,0.904,neutral,surprise,0.323,0.114,False,hesitant,2285.71,0.0,0.0,0.2004,1.0,0.266
65583.96530151367,0.445,0.461,0.608,0.487,1.0,0.445,0.889,neutral,surprise,0.302,0.122,False,hesitant,2285.71,0.0,0.0,0.2004,1.0,0.266
65771.2869644165,0.445,0.464,0.608,0.485,1.0,0.438,0.865,neutral,surprise,0.302,0.122,False,hesitant,2285.71,0.0,0.0,0.2004,1.0,0.266
65808.27927589417,0.449,0.475,0.608,0.484,1.0,0.436,0.81,neutral,surprise,0.302,0.122,False,hesitant,2285.71,0.0,0.0,0.2004,1.0,0.266
65848.16670417786,0.445,0.471,0.618,0.489,1.0,0.437,0.83,neutral,surprise,0.326,0.111,False,hesitant,2285.71,0.0,0.0,0.2004,1.0,0.266
66039.24918174744,0.449,0.485,0.618,0.484,1.0,0.422,0.75,neutral,surprise,0.326,0.111,False,hesitant,2285.71,0.0,0.0,0.2004,1.0,0.266
66081.92133903503,0.448,0.478,0.618,0.489,1.0,0.436,0.796,neutral,surprise,0.326,0.111,False,hesitant,2285.71,0.0,0.0,0.2004,1.0,0.266
66128.43871116638,0.455,0.501,0.608,0.475,1.0,0.441,0.692,neutral,surprise,0.325,0.148,False,hesitant,2285.71,0.0,0.0,0.2004,1.0,0.266
66312.87717819214,0.448,0.484,0.608,0.47,1.0,0.424,0.755,neutral,surprise,0.325,0.148,False,hesitant,2285.71,0.0,0.0,0.2004,1.0,0.266
66373.91543388367,0.456,0.504,0.608,0.474,1.0,0.437,0.669,neutral,surprise,0.325,0.148,False,hesitant,2285.71,0.0,0.0,0.2004,1.0,0.266
66430.57513237,0.453,0.499,0.611,0.473,1.0,0.432,0.681,neutral,surprise,0.33,0.149,False,hesitant,2285.71,0.0,0.0,0.2006,1.0,0.266
66698.18115234375,0.463,0.528,0.611,0.473,1.0,0.432,0.544,neutral,surprise,0.33,0.149,False,hesitant,2285.71,0.0,0.0,0.2006,1.0,0.266
66737.58459091187,0.463,0.527,0.611,0.475,1.0,0.438,0.55,neutral,surprise,0.33,0.149,False,hesitant,2285.71,0.0,0.0,0.2006,1.0,0.266
66784.04974937439,0.458,0.527,0.626,0.477,1.0,0.411,0.529,neutral,surprise,0.358,0.121,False,hesitant,2285.71,0.0,0.0,0.2006,1.0,0.266
66996.26326560974,0.455,0.515,0.626,0.478,1.0,0.415,0.591,neutral,surprise,0.358,0.121,False,hesitant,2285.71,0.0,0.0,0.2006,1.0,0.266
67041.01228713989,0.454,0.514,0.626,0.476,1.0,0.408,0.587,neutral,surprise,0.358,0.121,False,hesitant,2285.71,0.0,0.0,0.2006,1.0,0.266
67086.35091781616,0.453,0.514,0.631,0.48,1.0,0.407,0.587,neutral,surprise,0.365,0.11,False,hesitant,2285.71,0.0,0.0,0.2006,1.0,0.266
67286.27324104309,0.464,0.526,0.631,0.503,1.0,0.483,0.607,neutral,surprise,0.365,0.11,False,hesitant,2285.71,0.0,0.0,0.2006,1.0,0.266
67334.31196212769,0.466,0.531,0.631,0.503,1.0,0.485,0.586,neutral,surprise,0.365,0.11,False,hesitant,2285.71,0.0,0.0,0.2006,1.0,0.266
67377.57110595703,0.466,0.532,0.624,0.493,1.0,0.477,0.571,neutral,surprise,0.359,0.131,False,hesitant,2285.71,0.0,0.0,0.2006,1.0,0.266
67585.6568813324,0.466,0.539,0.624,0.487,1.0,0.458,0.517,neutral,surprise,0.359,0.131,False,hesitant,2285.71,0.0,0.0,0.2006,1.0,0.266
67630.52129745483,0.464,0.535,0.624,0.485,1.0,0.449,0.527,neutral,surprise,0.359,0.131,False,hesitant,2285.71,0.0,0.0,0.2006,1.0,0.266
67673.43807220459,0.473,0.555,0.626,0.492,1.0,0.448,0.431,neutral,surprise,0.348,0.111,False,hesitant,2285.71,0.0,0.0,0.2006,1.0,0.266
67869.16780471802,0.47,0.549,0.626,0.489,1.0,0.439,0.449,neutral,surprise,0.348,0.111,False,hesitant,2285.71,0.0,0.0,0.2006,1.0,0.266
67900.6495475769,0.467,0.544,0.626,0.487,1.0,0.43,0.467,neutral,surprise,0.348,0.111,False,hesitant,2285.71,0.0,0.0,0.2006,1.0,0.266
67932.24549293518,0.463,0.545,0.616,0.46,1.0,0.43,0.453,neutral,surprise,0.368,0.178,False,hesitant,2285.71,0.0,0.0,0.2006,1.0,0.266
68055.31239509583,0.465,0.55,0.616,0.461,1.0,0.432,0.431,neutral,surprise,0.368,0.178,False,hesitant,2285.71,0.0,0.0,0.2006,1.0,0.266
68084.59234237671,0.466,0.551,0.616,0.463,1.0,0.44,0.433,neutral,surprise,0.368,0.178,False,hesitant,2285.71,0.0,0.0,0.2006,1.0,0.266
68112.60557174683,0.464,0.545,0.62,0.468,1.0,0.445,0.471,neutral,surprise,0.372,0.168,False,hesitant,2285.71,0.0,0.0,0.2006,1.0,0.266
68294.7325706482,0.459,0.535,0.62,0.461,1.0,0.419,0.495,neutral,surprise,0.372,0.168,False,hesitant,2285.71,0.0,0.0,0.2006,1.0,0.266
80563.2426738739,0.491,0.572,0.538,0.43,1.0,0.593,0.477,backward,neutral,0.315,0.379,True,hesitant,1602.37,909613.95,0.0003,0.1751,1.0,0.309
80597.31984138489,0.495,0.574,0.531,0.433,1.0,0.59,0.458,backward,neutral,0.293,0.37,True,hesitant,1602.37,909613.95,0.0003,0.1751,1.0,0.309
80763.08345794678,0.493,0.567,0.531,0.435,1.0,0.596,0.503,backward,neutral,0.293,0.37,True,hesitant,1602.37,909613.95,0.0003,0.1751,1.0,0.309
80800.23169517517,0.5,0.586,0.531,0.436,1.0,0.599,0.402,backward,neutral,0.293,0.37,True,hesitant,1602.37,909613.95,0.0003,0.1751,1.0,0.309
80834.84029769897,0.521,0.617,0.535,0.475,1.0,0.598,0.391,backward,surprise,0.34,0.268,True,hesitant,1465.79,947132.35,0.0001,0.1862,1.0,0.29
80973.72961044312,0.513,0.607,0.535,0.458,1.0,0.539,0.384,backward,surprise,0.34,0.268,True,hesitant,1465.79,947132.35,0.0001,0.1862,1.0,0.29
81006.57749176025,0.514,0.615,0.535,0.453,1.0,0.522,0.324,backward,surprise,0.34,0.268,True,hesitant,1465.79,947132.35,0.0001,0.1862,1.0,0.29
81036.0598564148,0.513,0.612,0.534,0.454,1.0,0.523,0.34,backward,surprise,0.334,0.263,True,hesitant,1465.79,947132.35,0.0001,0.1862,1.0,0.29
81166.37063026428,0.512,0.612,0.534,0.448,1.0,0.501,0.319,backward,surprise,0.334,0.263,True,hesitant,1465.79,947132.35,0.0001,0.1862,1.0,0.29
81196.66647911072,0.513,0.609,0.534,0.456,1.0,0.529,0.36,backward,surprise,0.334,0.263,True,hesitant,1465.79,947132.35,0.0001,0.1862,1.0,0.29
81227.06913948059,0.508,0.605,0.52,0.429,1.0,0.499,0.353,backward,neutral,0.332,0.31,True,hesitant,1465.79,947132.35,0.0001,0.1862,1.0,0.29
81355.75652122498,0.511,0.603,0.52,0.441,1.0,0.54,0.403,backward,neutral,0.332,0.31,True,hesitant,1465.79,947132.35,0.0001,0.1862,1.0,0.29
81387.5482082367,0.512,0.599,0.52,0.447,1.0,0.559,0.439,backward,neutral,0.332,0.31,True,hesitant,1465.79,947132.35,0.0001,0.1862,1.0,0.29
81418.11442375183,0.508,0.594,0.518,0.439,1.0,0.537,0.443,backward,neutral,0.33,0.312,True,hesitant,1465.79,947132.35,0.0001,0.1862,1.0,0.29
81546.89240455627,0.512,0.6,0.518,0.445,1.0,0.555,0.433,backward,neutral,0.33,0.312,True,hesitant,1465.79,947132.35,0.0001,0.1862,1.0,0.29
81578.55176925659,0.521,0.602,0.518,0.472,1.0,0.647,0.514,backward,neutral,0.33,0.312,True,hesitant,1465.79,947132.35,0.0001,0.1862,1.0,0.29
81607.12099075317,0.525,0.614,0.51,0.463,1.0,0.642,0.454,backward,neutral,0.326,0.334,True,hesitant,1465.79,947132.35,0.0001,0.1862,1.0,0.29
81738.4352684021,0.516,0.595,0.51,0.454,1.0,0.614,0.521,backward,neutral,0.326,0.334,True,hesitant,1465.79,947132.35,0.0001,0.1862,1.0,0.29
81770.22385597229,0.509,0.582,0.51,0.445,1.0,0.583,0.553,backward,neutral,0.326,0.334,True,hesitant,1465.79,947132.35,0.0001,0.1862,1.0,0.29
81801.78380012512,0.502,0.569,0.51,0.439,1.0,0.568,0.6,backward,neutral,0.328,0.338,True,hesitant,1465.79,947132.35,0.0001,0.1862,1.0,0.29
81925.33373832703,0.502,0.57,0.51,0.438,1.0,0.565,0.594,backward,neutral,0.328,0.338,True,hesitant,1465.79,947132.35,0.0001,0.1862,1.0,0.29
81953.71294021606,0.509,0.58,0.51,0.449,1.0,0.602,0.582,backward,neutral,0.328,0.338,True,hesitant,1465.79,947132.35,0.0001,0.1862,1.0,0.29
81985.53037643433,0.508,0.577,0.5,0.437,1.0,0.599,0.604,backward,neutral,0.324,0.363,True,hesitant,1465.79,947132.35,0.0001,0.1862,1.0,0.29
82100.73804855347,0.512,0.587,0.5,0.438,1.0,0.601,0.551,backward,neutral,0.324,0.363,True,hesitant,1465.79,947132.35,0.0001,0.1862,1.0,0.29
82133.98909568787,0.513,0.589,0.5,0.438,1.0,0.6,0.541,backward,neutral,0.324,0.363,True,hesitant,1465.79,947132.35,0.0001,0.1862,1.0,0.29
82164.22152519226,0.512,0.593,0.499,0.429,1.0,0.585,0.509,backward,neutral,0.328,0.374,True,hesitant,1465.79,947132.35,0.0001,0.1862,1.0,0.29
82287.15634346008,0.515,0.601,0.499,0.43,1.0,0.589,0.472,backward,neutral,0.328,0.374,True,hesitant,1465.79,947132.35,0.0001,0.1862,1.0,0.29
82314.80860710144,0.508,0.587,0.499,0.425,1.0,0.57,0.523,backward,neutral,0.328,0.374,True,hesitant,1465.79,947132.35,0.0001,0.1862,1.0,0.29
82344.66528892517,0.506,0.583,0.501,0.424,1.0,0.555,0.528,backward,neutral,0.327,0.365,True,hesitant,1465.79,947132.35,0.0001,0.1862,1.0,0.29
82477.3211479187,0.511,0.589,0.501,0.433,1.0,0.582,0.523,backward,neutral,0.327,0.365,True,hesitant,1465.79,947132.35,0.0001,0.1862,1.0,0.29
82530.19213676453,0.502,0.569,0.501,0.428,1.0,0.568,0.612,backward,neutral,0.327,0.365,True,hesitant,1465.79,947132.35,0.0001,0.1862,1.0,0.29
82568.33291053772,0.479,0.552,0.546,0.424,1.0,0.567,0.553,backward,neutral,0.322,0.375,True,hesitant,1617.81,874796.19,0.0001,0.1798,1.0,0.301
82730.5064201355,0.478,0.552,0.546,0.421,1.0,0.558,0.54,backward,neutral,0.322,0.375,True,hesitant,1617.81,874796.19,0.0001,0.1798,1.0,0.301
82762.0804309845,0.482,0.565,0.546,0.419,1.0,0.552,0.467,backward,neutral,0.322,0.375,True,hesitant,1617.81,874796.19,0.0001,0.1798,1.0,0.301
82793.61033439636,0.477,0.551,0.545,0.417,1.0,0.542,0.534,backward,neutral,0.315,0.371,True,hesitant,1617.81,874796.19,0.0001,0.1798,1.0,0.301
82916.70393943787,0.477,0.549,0.545,0.418,1.0,0.544,0.543,backward,neutral,0.315,0.371,True,hesitant,1617.81,874796.19,0.0001,0.1798,1.0,0.301
82946.1715221405,0.474,0.546,0.545,0.411,1.0,0.521,0.541,backward,neutral,0.315,0.371,True,hesitant,1617.81,874796.19,0.0001,0.1798,1.0,0.301
82975.97408294678,0.471,0.543,0.569,0.435,1.0,0.52,0.532,backward,neutral,0.337,0.309,True,hesitant,1617.81,874796.19,0.0001,0.1798,1.0,0.301
83128.54933738708,0.47,0.538,0.569,0.437,1.0,0.527,0.566,backward,neutral,0.337,0.309,True,hesitant,1617.81,874796.19,0.0001,0.1798,1.0,0.301
83158.28585624695,0.473,0.545,0.569,0.438,1.0,0.53,0.532,backward,neutral,0.337,0.309,True,hesitant,1617.81,874796.19,0.0001,0.1798,1.0,0.301
83189.6607875824,0.476,0.55,0.541,0.408,1.0,0.535,0.541,backward,neutral,0.319,0.391,True,hesitant,1617.81,874796.19,0.0001,0.1798,1.0,0.301
83326.72905921936,0.483,0.564,0.541,0.415,1.0,0.56,0.484,backward,neutral,0.319,0.391,True,hesitant,1617.81,874796.19,0.0001,0.1798,1.0,0.301
83357.27334022522,0.477,0.552,0.541,0.411,1.0,0.546,0.535,backward,neutral,0.319,0.391,True,hesitant,1617.81,874796.19,0.0001,0.1798,1.0,0.301
83386.95478439331,0.463,0.535,0.539,0.383,1.0,0.476,0.579,backward,neutral,0.327,0.41,True,hesitant,1617.81,874796.19,0.0001,0.1798,1.0,0.301
83518.77284049988,0.466,0.542,0.539,0.382,1.0,0.474,0.539,backward,neutral,0.327,0.41,True,hesitant,1617.81,874796.19,0.0001,0.1798,1.0,0.301
83549.9792098999,0.468,0.537,0.539,0.395,1.0,0.516,0.602,backward,neutral,0.327,0.41,True,hesitant,1617.81,874796.19,0.0001,0.1798,1.0,0.301
83584.77020263672,0.473,0.533,0.545,0.424,1.0,0.548,0.632,backward,neutral,0.308,0.359,True,hesitant,1617.81,874796.19,0.0001,0.1798,1.0,0.301
83714.25580978394,0.467,0.512,0.545,0.429,1.0,0.565,0.766,backward,neutral,0.308,0.359,True,hesitant,1617.81,874796.19,0.0001,0.1798,1.0,0.301
83744.73404884338,0.465,0.515,0.545,0.419,1.0,0.533,0.718,backward,neutral,0.308,0.359,True,hesitant,1617.81,874796.19,0.0001,0.1798,1.0,0.301
83777.32610702515,0.451,0.492,0.553,0.409,1.0,0.502,0.82,backward,neutral,0.333,0.368,True,hesitant,1617.81,874796.19,0.0001,0.1798,1.0,0.301
83890.96403121948,0.451,0.491,0.553,0.408,1.0,0.498,0.824,backward,neutral,0.333,0.368,True,hesitant,1617.81,874796.19,0.0001,0.1798,1.0,0.301
83921.92268371582,0.445,0.477,0.553,0.404,1.0,0.485,0.887,backward,neutral,0.333,0.368,True,hesitant,1617.81,874796.19,0.0001,0.1798,1.0,0.301
83954.82683181763,0.442,0.476,0.553,0.398,1.0,0.462,0.868,backward,neutral,0.334,0.369,True,hesitant,1617.81,874796.19,0.0001,0.1798,1.0,0.301
84079.82063293457,0.439,0.465,0.553,0.398,1.0,0.462,0.931,backward,neutral,0.334,0.369,True,hesitant,1617.81,874796.19,0.0001,0.1798,1.0,0.301
84111.35196685791,0.438,0.459,0.553,0.402,1.0,0.477,0.98,backward,neutral,0.334,0.369,True,hesitant,1617.81,874796.19,0.0001,0.1798,1.0,0.301
84140.7117843628,0.445,0.463,0.581,0.455,1.0,0.558,1.0,backward,neutral,0.361,0.296,True,hesitant,1617.81,874796.19,0.0001,0.1798,1.0,0.301
84302.1833896637,0.444,0.461,0.581,0.452,1.0,0.545,1.0,backward,neutral,0.361,0.296,True,hesitant,1617.81,874796.19,0.0001,0.1798,1.0,0.301
84340.30365943909,0.444,0.47,0.581,0.443,1.0,0.518,0.927,backward,neutral,0.361,0.296,True,hesitant,1617.81,874796.19,0.0001,0.1798,1.0,0.301
84377.61855125427,0.463,0.488,0.514,0.407,1.0,0.478,0.913,backward,neutral,0.337,0.361,True,hesitant,1433.43,1026605.44,0.0001,0.1664,1.0,0.323
84526.54147148132,0.459,0.486,0.514,0.396,1.0,0.44,0.886,backward,neutral,0.337,0.361,True,hesitant,1433.43,1026605.44,0.0001,0.1664,1.0,0.323
84557.3058128357,0.448,0.465,0.514,0.383,1.0,0.396,0.948,backward,neutral,0.337,0.361,True,hesitant,1433.43,1026605.44,0.0001,0.1664,1.0,0.323
84602.91767120361,0.444,0.462,0.515,0.374,1.0,0.32,0.866,backward,neutral,0.32,0.324,True,hesitant,1433.43,1026605.44,0.0001,0.1664,1.0,0.323
84731.97603225708,0.439,0.455,0.515,0.368,1.0,0.301,0.887,backward,neutral,0.32,0.324,True,hesitant,1433.43,1026605.44,0.0001,0.1664,1.0,0.323
84763.3957862854,0.447,0.476,0.515,0.368,1.0,0.301,0.777,backward,neutral,0.32,0.324,True,hesitant,1433.43,1026605.44,0.0001,0.1664,1.0,0.323
84793.7285900116,0.439,0.473,0.593,0.437,1.0,0.299,0.758,backward,surprise,0.426,0.158,True,hesitant,1433.43,1026605.44,0.0001,0.1664,1.0,0.323
84919.01874542236,0.442,0.478,0.593,0.44,1.0,0.311,0.745,backward,surprise,0.426,0.158,True,hesitant,1433.43,1026605.44,0.0001,0.1664,1.0,0.323
84947.59035110474,0.438,0.467,0.593,0.44,1.0,0.31,0.797,backward,surprise,0.426,0.158,True,hesitant,1433.43,1026605.44,0.0001,0.1664,1.0,0.323
84978.20568084717,0.449,0.481,0.549,0.408,1.0,0.322,0.753,backward,surprise,0.36,0.257,True,hesitant,1433.43,1026605.44,0.0001,0.1664,1.0,0.323
85103.9366722107,0.453,0.491,0.549,0.412,1.0,0.338,0.72,backward,surprise,0.36,0.257,True,hesitant,1433.43,1026605.44,0.0001,0.1664,1.0,0.323
85132.69329071045,0.457,0.492,0.549,0.423,1.0,0.374,0.75,backward,surprise,0.36,0.257,True,hesitant,1433.43,1026605.44,0.0001,0.1664,1.0,0.323
85165.3060913086,0.467,0.51,0.511,0.392,1.0,0.393,0.7,backward,neutral,0.318,0.335,True,hesitant,1433.43,1026605.44,0.0001,0.1664,1.0,0.323
85288.80524635315,0.463,0.501,0.511,0.39,1.0,0.387,0.743,backward,neutral,0.318,0.335,True,hesitant,1433.43,1026605.44,0.0001,0.1664,1.0,0.323
85318.56608390808,0.476,0.515,0.511,0.416,1.0,0.472,0.754,backward,neutral,0.318,0.335,True,hesitant,1433.43,1026605.44,0.0001,0.1664,1.0,0.323
85349.71356391907,0.485,0.528,0.52,0.44,1.0,0.524,0.734,backward,neutral,0.325,0.313,False,hesitant,1433.43,1026605.44,0.0001,0.1664,1.0,0.323
85475.60501098633,0.488,0.537,0.52,0.44,1.0,0.522,0.685,backward,neutral,0.325,0.313,False,hesitant,1433.43,1026605.44,0.0001,0.1664,1.0,0.323
85508.82363319397,0.485,0.534,0.52,0.433,1.0,0.499,0.677,backward,neutral,0.325,0.313,False,hesitant,1433.43,1026605.44,0.0001,0.1664,1.0,0.323
85539.09969329834,0.479,0.529,0.513,0.411,1.0,0.478,0.695,backward,neutral,0.332,0.355,True,hesitant,1433.43,1026605.44,0.0001,0.1664,1.0,0.323
85662.2519493103,0.471,0.513,0.513,0.405,1.0,0.458,0.762,backward,neutral,0.332,0.355,True,hesitant,1433.43,1026605.44,0.0001,0.1664,1.0,0.323
85693.31502914429,0.469,0.509,0.513,0.4,1.0,0.443,0.765,backward,neutral,0.332,0.355,True,hesitant,1433.43,1026605.44,0.0001,0.1664,1.0,0.323
85725.46052932739,0.468,0.507,0.522,0.41,1.0,0.421,0.737,backward,neutral,0.332,0.319,True,hesitant,1433.43,1026605.44,0.0001,0.1664,1.0,0.323
85848.52933883667,0.469,0.512,0.522,0.408,1.0,0.417,0.706,backward,neutral,0.332,0.319,True,hesitant,1433.43,1026605.44,0.0001,0.1664,1.0,0.323
85879.62603569031,0.465,0.508,0.522,0.4,1.0,0.39,0.701,backward,neutral,0.332,0.319,True,hesitant,1433.43,1026605.44,0.0001,0.1664,1.0,0.323
85911.44967079163,0.458,0.507,0.588,0.456,1.0,0.379,0.675,backward,surprise,0.414,0.164,False,hesitant,1433.43,1026605.44,0.0001,0.1664,1.0,0.323
86071.38156890869,0.46,0.516,0.588,0.451,1.0,0.363,0.616,backward,surprise,0.414,0.164,False,hesitant,1433.43,1026605.44,0.0001,0.1664,1.0,0.323
86114.2098903656,0.461,0.518,0.588,0.451,1.0,0.364,0.606,backward,surprise,0.414,0.164,False,hesitant,1433.43,1026605.44,0.0001,0.1664,1.0,0.323
86152.1806716919,0.459,0.524,0.602,0.454,1.0,0.365,0.545,backward,surprise,0.399,0.153,True,hesitant,1334.33,1070533.51,0.0001,0.1762,1.0,0.307
86312.04223632812,0.465,0.531,0.602,0.465,1.0,0.403,0.548,backward,surprise,0.399,0.153,True,hesitant,1334.33,1070533.51,0.0001,0.1762,1.0,0.307
86339.27631378174,0.458,0.515,0.602,0.462,1.0,0.393,0.613,backward,surprise,0.399,0.153,True,hesitant,1334.33,1070533.51,0.0001,0.1762,1.0,0.307
86366.42789840698,0.458,0.525,0.611,0.462,1.0,0.39,0.563,backward,surprise,0.427,0.153,True,hesitant,1334.33,1070533.51,0.0001,0.1762,1.0,0.307
86492.46859550476,0.456,0.523,0.611,0.455,1.0,0.369,0.554,backward,surprise,0.427,0.153,True,hesitant,1334.33,1070533.51,0.0001,0.1762,1.0,0.307
86521.35944366455,0.457,0.527,0.611,0.453,1.0,0.362,0.526,backward,surprise,0.427,0.153,True,hesitant,1334.33,1070533.51,0.0001,0.1762,1.0,0.307
86550.3945350647,0.462,0.536,0.598,0.447,1.0,0.362,0.477,backward,surprise,0.4,0.175,True,hesitant,1334.33,1070533.51,0.0001,0.1762,1.0,0.307
86662.89234161377,0.456,0.521,0.598,0.443,1.0,0.349,0.538,backward,surprise,0.4,0.175,True,hesitant,1334.33,1070533.51,0.0001,0.1762,1.0,0.307
86692.96622276306,0.461,0.528,0.598,0.45,1.0,0.37,0.526,backward,surprise,0.4,0.175,True,hesitant,1334.33,1070533.51,0.0001,0.1762,1.0,0.307
86721.46201133728,0.463,0.533,0.581,0.433,1.0,0.359,0.494,backward,surprise,0.365,0.203,True,hesitant,1334.33,1070533.51,0.0001,0.1762,1.0,0.307
86847.33295440674,0.462,0.531,0.581,0.43,1.0,0.348,0.49,backward,surprise,0.365,0.203,True,hesitant,1334.33,1070533.51,0.0001,0.1762,1.0,0.307
86878.94892692566,0.465,0.535,0.581,0.438,1.0,0.374,0.495,backward,surprise,0.365,0.203,True,hesitant,1334.33,1070533.51,0.0001,0.1762,1.0,0.307
86910.40349006653,0.459,0.525,0.599,0.448,1.0,0.365,0.534,backward,surprise,0.4,0.169,True,hesitant,1334.33,1070533.51,0.0001,0.1762,1.0,0.307
87028.60617637634,0.459,0.521,0.599,0.454,1.0,0.384,0.576,backward,surprise,0.4,0.169,True,hesitant,1334.33,1070533.51,0.0001,0.1762,1.0,0.307
