timestamp_ms,performance_score,confidence_score,stress_score,engagement_score,posture_score,openness_score,fidget_score,lean,dominant_emotion,face_stress,face_confidence,eye_contact,tone_label,pitch_mean,pitch_variance,energy,speaking_rate,pause_ratio,tone_overall
574.1722583770752,0.544,0.719,0.568,0.47,1.0,0.675,0.0,neutral,neutral,0.356,0.338,True,unknown,0.0,0.0,0.0,0.0,0.0,0.0
767.5108909606934,0.467,0.499,0.568,0.469,1.0,0.671,1.0,neutral,neutral,0.356,0.338,True,unknown,0.0,0.0,0.0,0.0,0.0,0.0
794.5289611816406,0.46,0.544,0.679,0.524,1.0,0.667,0.775,neutral,sad,0.437,0.195,True,unknown,0.0,0.0,0.0,0.0,0.0,0.0
918.6251163482666,0.473,0.576,0.679,0.529,1.0,0.684,0.653,neutral,sad,0.437,0.195,True,unknown,0.0,0.0,0.0,0.0,0.0,0.0
948.0345249176025,0.481,0.598,0.679,0.531,1.0,0.691,0.567,neutral,sad,0.437,0.195,True,unknown,0.0,0.0,0.0,0.0,0.0,0.0
987.0645999908447,0.464,0.582,0.719,0.539,1.0,0.686,0.633,neutral,fear,0.492,0.172,True,unknown,0.0,0.0,0.0,0.0,0.0,0.0
1106.307029724121,0.461,0.585,0.719,0.525,1.0,0.64,0.572,neutral,fear,0.492,0.172,True,unknown,0.0,0.0,0.0,0.0,0.0,0.0
1133.0461502075195,0.442,0.546,0.719,0.507,1.0,0.578,0.679,neutral,fear,0.492,0.172,True,unknown,0.0,0.0,0.0,0.0,0.0,0.0
1163.3412837982178,0.442,0.545,0.719,0.508,1.0,0.573,0.681,neutral,fear,0.488,0.166,True,unknown,0.0,0.0,0.0,0.0,0.0,0.0
1285.2988243103027,0.43,0.529,0.719,0.49,1.0,0.514,0.688,neutral,fear,0.488,0.166,True,unknown,0.0,0.0,0.0,0.0,0.0,0.0
1315.2005672454834,0.438,0.542,0.719,0.499,1.0,0.544,0.664,neutral,fear,0.488,0.166,True,unknown,0.0,0.0,0.0,0.0,0.0,0.0
1346.095085144043,0.437,0.539,0.702,0.481,1.0,0.514,0.643,neutral,fear,0.474,0.189,True,unknown,0.0,0.0,0.0,0.0,0.0,0.0
1473.0339050292969,0.441,0.544,0.702,0.486,1.0,0.53,0.641,neutral,fear,0.474,0.189,True,unknown,0.0,0.0,0.0,0.0,0.0,0.0
1502.4783611297607,0.444,0.551,0.702,0.491,1.0,0.548,0.625,neutral,fear,0.474,0.189,True,unknown,0.0,0.0,0.0,0.0,0.0,0.0
1533.0443382263184,0.424,0.56,0.771,0.494,1.0,0.561,0.602,neutral,disgust,0.597,0.193,True,unknown,0.0,0.0,0.0,0.0,0.0,0.0
1686.396598815918,0.427,0.572,0.771,0.49,1.0,0.547,0.538,neutral,disgust,0.597,0.193,True,unknown,0.0,0.0,0.0,0.0,0.0,0.0
1709.4206809997559,0.428,0.575,0.771,0.49,1.0,0.548,0.525,neutral,disgust,0.597,0.193,True,unknown,0.0,0.0,0.0,0.0,0.0,0.0
1736.8767261505127,0.463,0.578,0.642,0.451,1.0,0.55,0.514,neutral,neutral,0.442,0.295,True,unknown,0.0,0.0,0.0,0.0,0.0,0.0
1853.1765937805176,0.46,0.571,0.642,0.449,1.0,0.541,0.534,neutral,neutral,0.442,0.295,True,unknown,0.0,0.0,0.0,0.0,0.0,0.0
1880.0315856933594,0.466,0.585,0.642,0.454,1.0,0.558,0.491,neutral,neutral,0.442,0.295,True,unknown,0.0,0.0,0.0,0.0,0.0,0.0
1914.1337871551514,0.435,0.581,0.756,0.488,1.0,0.539,0.488,neutral,disgust,0.57,0.191,True,unknown,0.0,0.0,0.0,0.0,0.0,0.0
2037.4348163604736,0.434,0.585,0.756,0.478,1.0,0.505,0.439,neutral,disgust,0.57,0.191,True,unknown,0.0,0.0,0.0,0.0,0.0,0.0
2065.8445358276367,0.434,0.59,0.756,0.475,1.0,0.495,0.409,neutral,disgust,0.57,0.191,True,unknown,0.0,0.0,0.0,0.0,0.0,0.0
2096.5116024017334,0.449,0.592,0.697,0.453,1.0,0.48,0.38,neutral,disgust,0.493,0.233,True,unknown,0.0,0.0,0.0,0.0,0.0,0.0
2220.378637313843,0.45,0.595,0.697,0.453,1.0,0.479,0.366,neutral,disgust,0.493,0.233,True,unknown,0.0,0.0,0.0,0.0,0.0,0.0
2253.9737224578857,0.452,0.6,0.697,0.452,1.0,0.476,0.342,neutral,disgust,0.493,0.233,True,unknown,0.0,0.0,0.0,0.0,0.0,0.0
2283.399820327759,0.452,0.595,0.687,0.447,1.0,0.475,0.362,neutral,disgust,0.485,0.246,True,unknown,0.0,0.0,0.0,0.0,0.0,0.0
2410.565137863159,0.453,0.598,0.687,0.447,1.0,0.478,0.352,neutral,disgust,0.485,0.246,True,unknown,0.0,0.0,0.0,0.0,0.0,0.0
2437.5557899475098,0.453,0.597,0.687,0.45,1.0,0.486,0.364,neutral,disgust,0.485,0.246,True,unknown,0.0,0.0,0.0,0.0,0.0,0.0
2466.172933578491,0.457,0.602,0.681,0.45,1.0,0.496,0.352,neutral,disgust,0.48,0.255,True,unknown,0.0,0.0,0.0,0.0,0.0,0.0
2588.404655456543,0.448,0.584,0.681,0.439,1.0,0.459,0.397,neutral,disgust,0.48,0.255,True,unknown,0.0,0.0,0.0,0.0,0.0,0.0
2619.2333698272705,0.443,0.576,0.681,0.432,1.0,0.438,0.408,neutral,disgust,0.48,0.255,True,unknown,0.0,0.0,0.0,0.0,0.0,0.0
2649.458885192871,0.435,0.582,0.734,0.462,1.0,0.432,0.378,neutral,disgust,0.522,0.176,True,unknown,0.0,0.0,0.0,0.0,0.0,0.0
2774.6946811676025,0.431,0.574,0.734,0.457,1.0,0.417,0.398,neutral,disgust,0.522,0.176,True,unknown,0.0,0.0,0.0,0.0,0.0,0.0
2803.683042526245,0.436,0.578,0.734,0.468,1.0,0.452,0.419,neutral,disgust,0.522,0.176,True,unknown,0.0,0.0,0.0,0.0,0.0,0.0
2835.3183269500732,0.425,0.565,0.738,0.452,1.0,0.425,0.44,neutral,disgust,0.542,0.196,True,unknown,0.0,0.0,0.0,0.0,0.0,0.0
2954.726457595825,0.424,0.564,0.738,0.45,1.0,0.416,0.438,neutral,disgust,0.542,0.196,True,unknown,0.0,0.0,0.0,0.0,0.0,0.0
2983.849048614502,0.415,0.552,0.738,0.435,1.0,0.366,0.439,neutral,disgust,0.542,0.196,True,unknown,0.0,0.0,0.0,0.0,0.0,0.0
3017.003059387207,0.425,0.549,0.679,0.402,1.0,0.357,0.449,neutral,disgust,0.487,0.272,True,unknown,0.0,0.0,0.0,0.0,0.0,0.0
3147.9761600494385,0.421,0.541,0.679,0.398,1.0,0.345,0.471,neutral,disgust,0.487,0.272,True,unknown,0.0,0.0,0.0,0.0,0.0,0.0
3177.600622177124,0.423,0.548,0.679,0.396,1.0,0.339,0.43,neutral,disgust,0.487,0.272,True,unknown,0.0,0.0,0.0,0.0,0.0,0.0
3204.4918537139893,0.437,0.549,0.63,0.385,1.0,0.327,0.421,neutral,neutral,0.422,0.292,True,unknown,0.0,0.0,0.0,0.0,0.0,0.0
3369.990587234497,0.434,0.544,0.63,0.381,1.0,0.313,0.426,neutral,neutral,0.422,0.292,True,unknown,0.0,0.0,0.0,0.0,0.0,0.0
3425.0519275665283,0.438,0.546,0.63,0.392,1.0,0.35,0.457,neutral,neutral,0.422,0.292,True,unknown,0.0,0.0,0.0,0.0,0.0,0.0
3472.355842590332,0.447,0.549,0.59,0.371,1.0,0.336,0.437,neutral,neutral,0.385,0.33,True,unknown,0.0,0.0,0.0,0.0,0.0,0.0
4142.139911651611,0.451,0.555,0.59,0.378,1.0,0.36,0.432,neutral,neutral,0.385,0.33,True,unknown,0.0,0.0,0.0,0.0,0.0,0.0
4178.628444671631,0.461,0.566,0.59,0.397,1.0,0.423,0.448,neutral,neutral,0.385,0.33,True,unknown,0.0,0.0,0.0,0.0,0.0,0.0
4211.932420730591,0.414,0.579,0.808,0.482,1.0,0.452,0.419,neutral,disgust,0.636,0.137,True,unknown,0.0,0.0,0.0,0.0,0.0,0.0
4371.5925216674805,0.406,0.546,0.808,0.494,1.0,0.489,0.593,neutral,disgust,0.636,0.137,True,unknown,0.0,0.0,0.0,0.0,0.0,0.0
4405.166149139404,0.413,0.56,0.808,0.5,1.0,0.512,0.557,neutral,disgust,0.636,0.137,True,unknown,0.0,0.0,0.0,0.0,0.0,0.0
4434.211015701294,0.426,0.556,0.758,0.489,1.0,0.518,0.579,neutral,disgust,0.564,0.173,True,unknown,0.0,0.0,0.0,0.0,0.0,0.0
4555.4656982421875,0.43,0.562,0.758,0.494,1.0,0.534,0.568,neutral,disgust,0.564,0.173,True,unknown,0.0,0.0,0.0,0.0,0.0,0.0
4587.377309799194,0.421,0.538,0.758,0.493,1.0,0.533,0.669,neutral,disgust,0.564,0.173,True,unknown,0.0,0.0,0.0,0.0,0.0,0.0
4642.606019973755,0.431,0.539,0.713,0.472,1.0,0.536,0.666,neutral,disgust,0.518,0.229,True,unknown,0.0,0.0,0.0,0.0,0.0,0.0
4768.6614990234375,0.432,0.543,0.713,0.472,1.0,0.537,0.651,neutral,disgust,0.518,0.229,True,unknown,0.0,0.0,0.0,0.0,0.0,0.0
4797.363042831421,0.424,0.528,0.713,0.463,1.0,0.505,0.681,neutral,disgust,0.518,0.229,True,unknown,0.0,0.0,0.0,0.0,0.0,0.0
4836.513996124268,0.444,0.532,0.641,0.441,1.0,0.507,0.677,neutral,neutral,0.437,0.288,True,unknown,0.0,0.0,0.0,0.0,0.0,0.0
4980.2656173706055,0.447,0.539,0.641,0.441,1.0,0.507,0.645,neutral,neutral,0.437,0.288,True,unknown,0.0,0.0,0.0,0.0,0.0,0.0
5008.13889503479,0.447,0.542,0.641,0.439,1.0,0.502,0.626,neutral,neutral,0.437,0.288,True,unknown,0.0,0.0,0.0,0.0,0.0,0.0
5042.648077011108,0.434,0.539,0.685,0.452,1.0,0.5,0.635,neutral,disgust,0.487,0.254,True,unknown,0.0,0.0,0.0,0.0,0.0,0.0
5205.0158977508545,0.438,0.546,0.685,0.457,1.0,0.517,0.622,neutral,disgust,0.487,0.254,True,unknown,0.0,0.0,0.0,0.0,0.0,0.0
5240.386247634888,0.441,0.549,0.685,0.461,1.0,0.53,0.619,neutral,disgust,0.487,0.254,True,unknown,0.0,0.0,0.0,0.0,0.0,0.0
5270.071506500244,0.472,0.59,0.615,0.436,1.0,0.512,0.421,neutral,neutral,0.405,0.302,True,unknown,0.0,0.0,0.0,0.0,0.0,0.0
5549.851655960083,0.468,0.584,0.615,0.428,1.0,0.485,0.421,neutral,neutral,0.405,0.302,True,unknown,0.0,0.0,0.0,0.0,0.0,0.0
5591.353416442871,0.464,0.565,0.602,0.424,1.0,0.473,0.392,neutral,neutral,0.405,0.302,True,hesitant,2285.71,0.0,0.0,0.2005,1.0,0.266
5631.395101547241,0.458,0.565,0.642,0.449,1.0,0.471,0.385,neutral,disgust,0.476,0.238,True,hesitant,2285.71,0.0,0.0,0.2005,1.0,0.266
5782.100677490234,0.463,0.582,0.642,0.448,1.0,0.468,0.293,neutral,disgust,0.476,0.238,True,hesitant,2285.71,0.0,0.0,0.2005,1.0,0.266
5810.820579528809,0.464,0.585,0.642,0.447,1.0,0.466,0.278,neutral,disgust,0.476,0.238,True,hesitant,2285.71,0.0,0.0,0.2005,1.0,0.266
5839.274644851685,0.454,0.578,0.668,0.453,1.0,0.447,0.296,neutral,disgust,0.538,0.21,True,hesitant,2285.71,0.0,0.0,0.2005,1.0,0.266
5984.366655349731,0.453,0.577,0.668,0.449,1.0,0.436,0.289,neutral,disgust,0.538,0.21,True,hesitant,2285.71,0.0,0.0,0.2005,1.0,0.266
6014.775514602661,0.453,0.579,0.668,0.448,1.0,0.43,0.275,neutral,disgust,0.538,0.21,True,hesitant,2285.71,0.0,0.0,0.2005,1.0,0.266
6047.1436977386475,0.462,0.575,0.618,0.422,1.0,0.444,0.309,neutral,neutral,0.437,0.286,True,hesitant,2285.71,0.0,0.0,0.2005,1.0,0.266
6197.229623794556,0.457,0.566,0.618,0.418,1.0,0.431,0.34,neutral,neutral,0.437,0.286,True,hesitant,2285.71,0.0,0.0,0.2005,1.0,0.266
6225.377559661865,0.457,0.568,0.618,0.416,1.0,0.425,0.327,neutral,neutral,0.437,0.286,True,hesitant,2285.71,0.0,0.0,0.2005,1.0,0.266
6254.432678222656,0.46,0.566,0.603,0.41,1.0,0.428,0.341,neutral,neutral,0.409,0.302,True,hesitant,2285.71,0.0,0.0,0.2005,1.0,0.266
6392.033338546753,0.466,0.571,0.603,0.423,1.0,0.472,0.358,neutral,neutral,0.409,0.302,True,hesitant,2285.71,0.0,0.0,0.2005,1.0,0.266
6419.380664825439,0.47,0.577,0.603,0.43,1.0,0.496,0.355,neutral,neutral,0.409,0.302,True,hesitant,2285.71,0.0,0.0,0.2005,1.0,0.266
6450.939655303955,0.466,0.577,0.611,0.425,1.0,0.483,0.344,neutral,neutral,0.431,0.307,True,hesitant,2285.71,0.0,0.0,0.2005,1.0,0.266
6579.725027084351,0.459,0.568,0.611,0.414,1.0,0.448,0.352,neutral,neutral,0.431,0.307,True,hesitant,2285.71,0.0,0.0,0.2005,1.0,0.266
6608.870983123779,0.456,0.563,0.611,0.409,1.0,0.43,0.359,neutral,neutral,0.431,0.307,True,hesitant,2285.71,0.0,0.0,0.2005,1.0,0.266
6642.171859741211,0.454,0.558,0.605,0.402,1.0,0.414,0.372,neutral,neutral,0.418,0.311,True,hesitant,2285.71,0.0,0.0,0.2005,1.0,0.266
6759.012460708618,0.454,0.558,0.605,0.4,1.0,0.407,0.365,neutral,neutral,0.418,0.311,True,hesitant,2285.71,0.0,0.0,0.2005,1.0,0.266
6789.389848709106,0.455,0.561,0.605,0.401,1.0,0.41,0.355,neutral,neutral,0.418,0.311,True,hesitant,2285.71,0.0,0.0,0.2005,1.0,0.266
6825.5579471588135,0.452,0.564,0.631,0.418,1.0,0.413,0.332,neutral,neutral,0.464,0.273,True,hesitant,2285.71,0.0,0.0,0.2005,1.0,0.266
6943.902015686035,0.452,0.566,0.631,0.415,1.0,0.405,0.319,neutral,neutral,0.464,0.273,True,hesitant,2285.71,0.0,0.0,0.2005,1.0,0.266
6972.318172454834,0.454,0.573,0.631,0.414,1.0,0.4,0.275,neutral,neutral,0.464,0.273,True,hesitant,2285.71,0.0,0.0,0.2005,1.0,0.266
7000.946998596191,0.454,0.578,0.626,0.404,1.0,0.399,0.254,neutral,neutral,0.463,0.298,True,hesitant,2285.71,0.0,0.0,0.2005,1.0,0.266
7127.821922302246,0.453,0.573,0.626,0.404,1.0,0.4,0.277,neutral,neutral,0.463,0.298,True,hesitant,2285.71,0.0,0.0,0.2005,1.0,0.266
7156.401634216309,0.457,0.58,0.626,0.409,1.0,0.417,0.261,neutral,neutral,0.463,0.298,True,hesitant,2285.71,0.0,0.0,0.2005,1.0,0.266
7205.349683761597,0.458,0.583,0.627,0.411,1.0,0.417,0.241,neutral,neutral,0.462,0.291,True,hesitant,2285.71,0.0,0.0,0.2005,1.0,0.266
7386.136770248413,0.455,0.576,0.626,0.409,1.0,0.41,0.279,neutral,neutral,0.462,0.291,True,hesitant,2285.71,0.0,0.0,0.2003,1.0,0.266
7413.898706436157,0.455,0.577,0.626,0.408,1.0,0.406,0.267,neutral,neutral,0.462,0.291,True,hesitant,2285.71,0.0,0.0,0.2003,1.0,0.266
7443.893909454346,0.457,0.569,0.603,0.397,1.0,0.405,0.312,neutral,neutral,0.422,0.32,True,hesitant,2285.71,0.0,0.0,0.2003,1.0,0.266
7572.0953941345215,0.456,0.567,0.603,0.397,1.0,0.407,0.323,neutral,neutral,0.422,0.32,True,hesitant,2285.71,0.0,0.0,0.2003,1.0,0.266
7602.194309234619,0.461,0.577,0.603,0.401,1.0,0.42,0.288,neutral,neutral,0.422,0.32,True,hesitant,2285.71,0.0,0.0,0.2003,1.0,0.266
7629.386901855469,0.46,0.578,0.613,0.409,1.0,0.429,0.29,neutral,neutral,0.439,0.306,True,hesitant,2285.71,0.0,0.0,0.2003,1.0,0.266
7755.195617675781,0.455,0.564,0.613,0.408,1.0,0.428,0.358,neutral,neutral,0.439,0.306,True,hesitant,2285.71,0.0,0.0,0.2003,1.0,0.266
7787.449598312378,0.457,0.567,0.613,0.412,1.0,0.44,0.355,neutral,neutral,0.439,0.306,True,hesitant,2285.71,0.0,0.0,0.2003,1.0,0.266
7839.127063751221,0.458,0.567,0.605,0.406,1.0,0.439,0.36,neutral,neutral,0.427,0.321,True,hesitant,2285.71,0.0,0.0,0.2003,1.0,0.266
7965.355634689331,0.459,0.566,0.605,0.409,1.0,0.449,0.374,neutral,neutral,0.427,0.321,True,hesitant,2285.71,0.0,0.0,0.2003,1.0,0.266
7995.089054107666,0.463,0.572,0.605,0.415,1.0,0.468,0.361,neutral,neutral,0.427,0.321,True,hesitant,2285.71,0.0,0.0,0.2003,1.0,0.266
8022.902965545654,0.462,0.58,0.634,0.437,1.0,0.477,0.324,neutral,neutral,0.473,0.272,True,hesitant,2285.71,0.0,0.0,0.2003,1.0,0.266
8146.270036697388,0.459,0.575,0.634,0.433,1.0,0.465,0.335,neutral,neutral,0.473,0.272,True,hesitant,2285.71,0.0,0.0,0.2003,1.0,0.266
8177.589893341064,0.456,0.569,0.634,0.428,1.0,0.448,0.349,neutral,neutral,0.473,0.272,True,hesitant,2285.71,0.0,0.0,0.2003,1.0,0.266
8210.10684967041,0.462,0.576,0.604,0.407,1.0,0.437,0.308,neutral,neutral,0.424,0.32,True,hesitant,2285.71,0.0,0.0,0.2003,1.0,0.266
8335.657835006714,0.462,0.576,0.604,0.407,1.0,0.439,0.309,neutral,neutral,0.424,0.32,True,hesitant,2285.71,0.0,0.0,0.2003,1.0,0.266
8386.678218841553,0.464,0.579,0.604,0.41,1.0,0.448,0.304,neutral,neutral,0.424,0.32,True,hesitant,2285.71,0.0,0.0,0.2003,1.0,0.266
8419.452905654907,0.466,0.58,0.607,0.418,1.0,0.455,0.302,neutral,neutral,0.422,0.302,True,hesitant,2285.71,0.0,0.0,0.2003,1.0,0.266
8544.412851333618,0.466,0.58,0.607,0.419,1.0,0.457,0.308,neutral,neutral,0.422,0.302,True,hesitant,2285.71,0.0,0.0,0.2003,1.0,0.266
8573.107957839966,0.466,0.578,0.607,0.419,1.0,0.457,0.316,neutral,neutral,0.422,0.302,True,hesitant,2285.71,0.0,0.0,0.2003,1.0,0.266
8601.536273956299,0.458,0.579,0.637,0.426,1.0,0.445,0.295,neutral,neutral,0.482,0.275,True,hesitant,2285.71,0.0,0.0,0.2003,1.0,0.266
8723.816394805908,0.45,0.563,0.637,0.421,1.0,0.429,0.363,neutral,neutral,0.482,0.275,True,hesitant,2285.71,0.0,0.0,0.2003,1.0,0.266
8788.83695602417,0.452,0.565,0.637,0.424,1.0,0.436,0.361,neutral,neutral,0.482,0.275,True,hesitant,2285.71,0.0,0.0,0.2003,1.0,0.266
8820.209264755249,0.458,0.569,0.614,0.413,1.0,0.44,0.348,neutral,neutral,0.44,0.303,True,hesitant,2285.71,0.0,0.0,0.2003,1.0,0.266
8988.012313842773,0.456,0.565,0.614,0.411,1.0,0.433,0.361,neutral,neutral,0.44,0.303,True,hesitant,2285.71,0.0,0.0,0.2003,1.0,0.266
9022.809743881226,0.455,0.563,0.614,0.409,1.0,0.427,0.362,neutral,neutral,0.44,0.303,True,hesitant,2285.71,0.0,0.0,0.2003,1.0,0.266
9058.032274246216,0.484,0.585,0.598,0.461,1.0,0.444,0.355,neutral,disgust,0.541,0.188,True,hesitant,2196.46,176099.25,0.0,0.1993,1.0,0.378
9210.464477539062,0.488,0.589,0.598,0.469,1.0,0.472,0.362,neutral,disgust,0.541,0.188,True,hesitant,2196.46,176099.25,0.0,0.1993,1.0,0.378
9237.619876861572,0.494,0.59,0.598,0.488,1.0,0.536,0.415,neutral,disgust,0.541,0.188,True,hesitant,2196.46,176099.25,0.0,0.1993,1.0,0.378
9266.887664794922,0.495,0.595,0.604,0.493,1.0,0.583,0.439,neutral,disgust,0.564,0.21,True,hesitant,2196.46,176099.25,0.0,0.1993,1.0,0.378
9446.265697479248,0.499,0.6,0.604,0.502,1.0,0.612,0.442,neutral,disgust,0.564,0.21,True,hesitant,2196.46,176099.25,0.0,0.1993,1.0,0.378
9474.269390106201,0.499,0.599,0.604,0.501,1.0,0.608,0.442,neutral,disgust,0.564,0.21,True,hesitant,2196.46,176099.25,0.0,0.1993,1.0,0.378
9523.945569992065,0.498,0.596,0.584,0.479,1.0,0.616,0.462,neutral,disgust,0.512,0.269,True,hesitant,2196.46,176099.25,0.0,0.1993,1.0,0.378
9659.64150428772,0.498,0.587,0.584,0.491,1.0,0.655,0.547,backward,disgust,0.512,0.269,True,hesitant,2196.46,176099.25,0.0,0.1993,1.0,0.378
9687.42823600769,0.502,0.595,0.584,0.493,1.0,0.662,0.513,backward,disgust,0.512,0.269,True,hesitant,2196.46,176099.25,0.0,0.1993,1.0,0.378
9716.05372428894,0.504,0.594,0.554,0.467,1.0,0.618,0.475,backward,neutral,0.438,0.302,True,hesitant,2196.46,176099.25,0.0,0.1993,1.0,0.378
9832.368612289429,0.502,0.591,0.554,0.463,1.0,0.604,0.48,neutral,neutral,0.438,0.302,True,hesitant,2196.46,176099.25,0.0,0.1993,1.0,0.378
9865.586757659912,0.501,0.589,0.554,0.463,1.0,0.605,0.488,neutral,neutral,0.438,0.302,True,hesitant,2196.46,176099.25,0.0,0.1993,1.0,0.378
14183.355569839478,0.464,0.569,0.565,0.376,1.0,0.385,0.302,neutral,neutral,0.354,0.356,True,hesitant,2285.71,0.0,0.0,0.2006,1.0,0.266
14364.641904830933,0.464,0.568,0.565,0.376,1.0,0.384,0.306,neutral,neutral,0.354,0.356,True,hesitant,2285.71,0.0,0.0,0.2006,1.0,0.266
14401.018857955933,0.463,0.569,0.565,0.373,1.0,0.376,0.293,neutral,neutral,0.354,0.356,True,hesitant,2285.71,0.0,0.0,0.2006,1.0,0.266
14434.211015701294,0.461,0.568,0.57,0.371,1.0,0.368,0.289,neutral,neutral,0.362,0.355,True,hesitant,2285.71,0.0,0.0,0.1999,1.0,0.267
14580.313682556152,0.461,0.568,0.57,0.371,1.0,0.371,0.291,neutral,neutral,0.362,0.355,True,hesitant,2285.71,0.0,0.0,0.1999,1.0,0.267
14609.26628112793,0.459,0.564,0.57,0.37,1.0,0.365,0.304,neutral,neutral,0.362,0.355,True,hesitant,2285.71,0.0,0.0,0.1999,1.0,0.267
14637.433290481567,0.457,0.567,0.574,0.366,1.0,0.362,0.288,neutral,neutral,0.375,0.361,True,hesitant,2285.71,0.0,0.0,0.1999,1.0,0.267
14762.338161468506,0.459,0.568,0.574,0.369,1.0,0.369,0.29,neutral,neutral,0.375,0.361,True,hesitant,2285.71,0.0,0.0,0.1999,1.0,0.267
14793.670654296875,0.455,0.56,0.574,0.366,1.0,0.36,0.323,neutral,neutral,0.375,0.361,True,hesitant,2285.71,0.0,0.0,0.1999,1.0,0.267
14823.698282241821,0.456,0.558,0.571,0.367,1.0,0.357,0.329,neutral,neutral,0.367,0.358,True,hesitant,2285.71,0.0,0.0,0.1999,1.0,0.267
14947.198629379272,0.461,0.561,0.571,0.382,1.0,0.407,0.364,neutral,neutral,0.367,0.358,True,hesitant,2285.71,0.0,0.0,0.1999,1.0,0.267
14990.48113822937,0.462,0.564,0.571,0.381,1.0,0.404,0.343,neutral,neutral,0.367,0.358,True,hesitant,2285.71,0.0,0.0,0.1999,1.0,0.267
15019.963502883911,0.459,0.56,0.586,0.394,1.0,0.401,0.351,neutral,neutral,0.381,0.323,True,hesitant,2285.71,0.0,0.0,0.1999,1.0,0.267
15144.829273223877,0.46,0.558,0.586,0.4,1.0,0.422,0.387,neutral,neutral,0.381,0.323,True,hesitant,2285.71,0.0,0.0,0.1999,1.0,0.267
15201.013565063477,0.461,0.56,0.586,0.401,1.0,0.425,0.378,neutral,neutral,0.381,0.323,True,hesitant,2285.71,0.0,0.0,0.1999,1.0,0.267
15233.887195587158,0.459,0.564,0.592,0.396,1.0,0.426,0.361,neutral,neutral,0.403,0.337,True,hesitant,2285.71,0.0,0.0,0.1999,1.0,0.267
15362.215280532837,0.453,0.55,0.592,0.392,1.0,0.413,0.421,neutral,neutral,0.403,0.337,True,hesitant,2285.71,0.0,0.0,0.1999,1.0,0.267
15395.199060440063,0.449,0.545,0.592,0.385,1.0,0.389,0.422,neutral,neutral,0.403,0.337,True,hesitant,2285.71,0.0,0.0,0.1999,1.0,0.267
15422.245264053345,0.448,0.542,0.59,0.384,1.0,0.373,0.42,neutral,neutral,0.393,0.327,True,hesitant,2285.71,0.0,0.0,0.1999,1.0,0.267
15545.887231826782,0.453,0.55,0.59,0.389,1.0,0.389,0.394,neutral,neutral,0.393,0.327,True,hesitant,2285.71,0.0,0.0,0.1999,1.0,0.267
15598.024129867554,0.453,0.551,0.59,0.39,1.0,0.395,0.394,neutral,neutral,0.393,0.327,True,hesitant,2285.71,0.0,0.0,0.1999,1.0,0.267
15627.986907958984,0.458,0.558,0.575,0.381,1.0,0.405,0.38,neutral,neutral,0.375,0.357,True,hesitant,2285.71,0.0,0.0,0.1999,1.0,0.267
15760.14757156372,0.461,0.567,0.575,0.38,1.0,0.403,0.325,neutral,neutral,0.375,0.357,True,hesitant,2285.71,0.0,0.0,0.1999,1.0,0.267
15796.393871307373,0.461,0.568,0.575,0.379,1.0,0.4,0.319,neutral,neutral,0.375,0.357,True,hesitant,2285.71,0.0,0.0,0.1999,1.0,0.267
15827.98147201538,0.462,0.573,0.586,0.389,1.0,0.398,0.28,neutral,neutral,0.385,0.331,True,hesitant,2285.71,0.0,0.0,0.1999,1.0,0.267
15947.7858543396,0.463,0.573,0.586,0.391,1.0,0.404,0.289,neutral,neutral,0.385,0.331,True,hesitant,2285.71,0.0,0.0,0.1999,1.0,0.267
16003.319025039673,0.462,0.567,0.586,0.395,1.0,0.415,0.33,neutral,neutral,0.385,0.331,True,hesitant,2285.71,0.0,0.0,0.1999,1.0,0.267
16032.362461090088,0.467,0.573,0.572,0.389,1.0,0.424,0.312,neutral,neutral,0.366,0.351,True,hesitant,2285.71,0.0,0.0,0.1999,1.0,0.267
16240.470170974731,0.457,0.56,0.572,0.372,1.0,0.365,0.325,neutral,neutral,0.366,0.351,True,hesitant,2285.71,0.0,0.0,0.1999,1.0,0.267
16280.448198318481,0.451,0.552,0.587,0.378,1.0,0.388,0.338,neutral,neutral,0.366,0.351,True,hesitant,2285.71,0.0,0.0,0.2024,1.0,0.263
16342.223167419434,0.45,0.563,0.614,0.393,1.0,0.389,0.27,neutral,neutral,0.414,0.315,True,hesitant,2285.71,0.0,0.0,0.2024,1.0,0.263
16464.675188064575,0.451,0.566,0.614,0.393,1.0,0.39,0.257,neutral,neutral,0.414,0.315,True,hesitant,2285.71,0.0,0.0,0.2024,1.0,0.263
16493.03150177002,0.452,0.566,0.614,0.395,1.0,0.397,0.259,neutral,neutral,0.414,0.315,True,hesitant,2285.71,0.0,0.0,0.2024,1.0,0.263
16530.266284942627,0.456,0.569,0.597,0.386,1.0,0.399,0.254,neutral,neutral,0.386,0.342,True,hesitant,2285.71,0.0,0.0,0.2024,1.0,0.263
16648.074865341187,0.456,0.57,0.597,0.386,1.0,0.402,0.253,neutral,neutral,0.386,0.342,True,hesitant,2285.71,0.0,0.0,0.2024,1.0,0.263
16677.788019180298,0.456,0.569,0.597,0.386,1.0,0.401,0.258,neutral,neutral,0.386,0.342,True,hesitant,2285.71,0.0,0.0,0.2024,1.0,0.263
16738.72184753418,0.454,0.567,0.605,0.392,1.0,0.393,0.255,neutral,neutral,0.394,0.321,True,hesitant,2285.71,0.0,0.0,0.2024,1.0,0.263
16856.215953826904,0.454,0.568,0.605,0.39,1.0,0.387,0.244,neutral,neutral,0.394,0.321,True,hesitant,2285.71,0.0,0.0,0.2024,1.0,0.263
16885.268688201904,0.455,0.569,0.605,0.391,1.0,0.39,0.242,neutral,neutral,0.394,0.321,True,hesitant,2285.71,0.0,0.0,0.2024,1.0,0.263
16932.175636291504,0.453,0.568,0.613,0.397,1.0,0.402,0.254,neutral,neutral,0.409,0.315,True,hesitant,2285.71,0.0,0.0,0.2024,1.0,0.263
17056.307554244995,0.458,0.578,0.613,0.4,1.0,0.412,0.216,neutral,neutral,0.409,0.315,True,hesitant,2285.71,0.0,0.0,0.2024,1.0,0.263
17085.201740264893,0.458,0.579,0.613,0.399,1.0,0.41,0.208,neutral,neutral,0.409,0.315,True,hesitant,2285.71,0.0,0.0,0.2024,1.0,0.263
17137.858152389526,0.459,0.577,0.607,0.4,1.0,0.409,0.215,neutral,neutral,0.395,0.314,True,hesitant,2285.71,0.0,0.0,0.2024,1.0,0.263
17255.20348548889,0.46,0.578,0.607,0.399,1.0,0.405,0.209,neutral,neutral,0.395,0.314,True,hesitant,2285.71,0.0,0.0,0.2024,1.0,0.263
17287.55021095276,0.459,0.575,0.607,0.4,1.0,0.41,0.227,neutral,neutral,0.395,0.314,True,hesitant,2285.71,0.0,0.0,0.2024,1.0,0.263
17330.626010894775,0.451,0.563,0.622,0.404,1.0,0.409,0.29,neutral,neutral,0.428,0.304,True,hesitant,2285.71,0.0,0.0,0.2024,1.0,0.263
17454.121589660645,0.451,0.562,0.622,0.405,1.0,0.412,0.3,neutral,neutral,0.428,0.304,True,hesitant,2285.71,0.0,0.0,0.2024,1.0,0.263
17482.001781463623,0.45,0.56,0.622,0.407,1.0,0.42,0.318,neutral,neutral,0.428,0.304,True,hesitant,2285.71,0.0,0.0,0.2024,1.0,0.263
17538.429975509644,0.444,0.55,0.627,0.403,1.0,0.397,0.346,neutral,neutral,0.438,0.298,True,hesitant,2285.71,0.0,0.0,0.2024,1.0,0.263
17658.185720443726,0.442,0.547,0.627,0.399,1.0,0.384,0.351,neutral,neutral,0.438,0.298,True,hesitant,2285.71,0.0,0.0,0.2024,1.0,0.263
17687.180995941162,0.446,0.551,0.627,0.409,1.0,0.417,0.36,neutral,neutral,0.438,0.298,True,hesitant,2285.71,0.0,0.0,0.2024,1.0,0.263
17725.98910331726,0.452,0.557,0.645,0.443,1.0,0.474,0.38,neutral,disgust,0.465,0.254,True,hesitant,2285.71,0.0,0.0,0.2024,1.0,0.263
17904.84070777893,0.476,0.582,0.645,0.494,1.0,0.644,0.42,neutral,disgust,0.465,0.254,True,hesitant,2285.71,0.0,0.0,0.2024,1.0,0.263
17936.689138412476,0.486,0.598,0.645,0.509,1.0,0.696,0.386,neutral,disgust,0.465,0.254,True,hesitant,2285.71,0.0,0.0,0.2024,1.0,0.263
27237.003803253174,0.457,0.57,0.621,0.416,1.0,0.362,0.173,neutral,neutral,0.447,0.236,True,hesitant,1554.62,1036618.03,0.0001,0.1719,1.0,0.314
27352.023601531982,0.456,0.568,0.621,0.415,1.0,0.356,0.178,neutral,neutral,0.447,0.236,True,hesitant,1554.62,1036618.03,0.0001,0.1719,1.0,0.314
27425.886869430542,0.456,0.569,0.621,0.414,1.0,0.355,0.176,neutral,neutral,0.447,0.236,True,hesitant,1554.62,1036618.03,0.0001,0.1719,1.0,0.314
27455.041885375977,0.455,0.57,0.624,0.412,1.0,0.354,0.169,neutral,neutral,0.462,0.241,True,hesitant,1554.62,1036618.03,0.0001,0.1719,1.0,0.314
27555.649518966675,0.452,0.566,0.624,0.406,1.0,0.333,0.168,neutral,neutral,0.462,0.241,True,hesitant,1554.62,1036618.03,0.0001,0.1719,1.0,0.314
27581.655740737915,0.45,0.564,0.624,0.403,1.0,0.323,0.168,neutral,neutral,0.462,0.241,True,hesitant,1554.62,1036618.03,0.0001,0.1719,1.0,0.314
27619.566440582275,0.455,0.565,0.591,0.38,1.0,0.337,0.182,neutral,neutral,0.387,0.308,True,hesitant,1554.62,1036618.03,0.0001,0.1719,1.0,0.314
27717.18740463257,0.457,0.568,0.591,0.385,1.0,0.351,0.182,neutral,neutral,0.387,0.308,True,hesitant,1554.62,1036618.03,0.0001,0.1719,1.0,0.314
27745.059728622437,0.459,0.568,0.591,0.391,1.0,0.374,0.201,neutral,neutral,0.387,0.308,True,hesitant,1554.62,1036618.03,0.0001,0.1719,1.0,0.314
27774.56021308899,0.457,0.571,0.61,0.403,1.0,0.387,0.199,neutral,neutral,0.437,0.289,True,hesitant,1554.62,1036618.03,0.0001,0.1719,1.0,0.314
27887.6736164093,0.463,0.577,0.61,0.415,1.0,0.427,0.203,neutral,neutral,0.437,0.289,True,hesitant,1554.62,1036618.03,0.0001,0.1719,1.0,0.314
27915.132522583008,0.464,0.576,0.61,0.421,1.0,0.446,0.226,neutral,neutral,0.437,0.289,True,hesitant,1554.62,1036618.03,0.0001,0.1719,1.0,0.314
27944.525957107544,0.467,0.577,0.617,0.436,1.0,0.454,0.229,neutral,neutral,0.447,0.258,True,hesitant,1554.62,1036618.03,0.0001,0.1719,1.0,0.314
28043.73526573181,0.464,0.571,0.617,0.435,1.0,0.452,0.261,neutral,neutral,0.447,0.258,True,hesitant,1554.62,1036618.03,0.0001,0.1719,1.0,0.314
28086.793184280396,0.466,0.576,0.617,0.435,1.0,0.452,0.23,neutral,neutral,0.447,0.258,True,hesitant,1554.62,1036618.03,0.0001,0.1719,1.0,0.314
28119.919061660767,0.462,0.577,0.634,0.439,1.0,0.452,0.22,neutral,disgust,0.503,0.249,True,hesitant,1554.62,1036618.03,0.0001,0.1719,1.0,0.314
28224.49231147766,0.459,0.572,0.634,0.435,1.0,0.437,0.241,neutral,disgust,0.503,0.249,True,hesitant,1554.62,1036618.03,0.0001,0.1719,1.0,0.314
28255.8012008667,0.456,0.568,0.634,0.432,1.0,0.427,0.25,neutral,disgust,0.503,0.249,True,hesitant,1554.62,1036618.03,0.0001,0.1719,1.0,0.314
28286.350965499878,0.452,0.563,0.627,0.415,1.0,0.422,0.279,neutral,neutral,0.491,0.286,True,hesitant,1554.62,1036618.03,0.0001,0.1719,1.0,0.314
28385.313749313354,0.451,0.556,0.627,0.418,1.0,0.434,0.328,neutral,neutral,0.491,0.286,True,hesitant,1554.62,1036618.03,0.0001,0.1719,1.0,0.314
28414.198875427246,0.452,0.558,0.627,0.42,1.0,0.439,0.319,neutral,neutral,0.491,0.286,True,hesitant,1554.62,1036618.03,0.0001,0.1719,1.0,0.314
28442.43097305298,0.455,0.556,0.645,0.453,1.0,0.436,0.325,neutral,disgust,0.524,0.202,True,hesitant,1554.62,1036618.03,0.0001,0.1719,1.0,0.314
28542.20461845398,0.457,0.562,0.645,0.454,1.0,0.438,0.295,neutral,disgust,0.524,0.202,True,hesitant,1554.62,1036618.03,0.0001,0.1719,1.0,0.314
28578.97114753723,0.448,0.545,0.645,0.443,1.0,0.401,0.352,neutral,disgust,0.524,0.202,True,hesitant,1554.62,1036618.03,0.0001,0.1719,1.0,0.314
28628.45468521118,0.454,0.547,0.603,0.412,1.0,0.398,0.36,neutral,neutral,0.419,0.274,True,hesitant,1809.57,805398.54,0.0,0.189,1.0,0.316
28773.343801498413,0.444,0.532,0.603,0.395,1.0,0.341,0.384,neutral,neutral,0.419,0.274,True,hesitant,1809.57,805398.54,0.0,0.189,1.0,0.316
28802.22988128662,0.438,0.522,0.603,0.387,1.0,0.315,0.412,neutral,neutral,0.419,0.274,True,hesitant,1809.57,805398.54,0.0,0.189,1.0,0.316
28836.469888687134,0.441,0.525,0.6,0.392,1.0,0.326,0.406,neutral,neutral,0.404,0.269,True,hesitant,1809.57,805398.54,0.0,0.189,1.0,0.316
28963.67073059082,0.443,0.526,0.6,0.395,1.0,0.334,0.412,neutral,neutral,0.404,0.269,True,hesitant,1809.57,805398.54,0.0,0.189,1.0,0.316
28992.114782333374,0.439,0.515,0.6,0.395,1.0,0.335,0.473,neutral,neutral,0.404,0.269,True,hesitant,1809.57,805398.54,0.0,0.189,1.0,0.316
29031.477451324463,0.436,0.511,0.617,0.41,1.0,0.335,0.49,neutral,fear,0.444,0.233,True,hesitant,1809.57,805398.54,0.0,0.189,1.0,0.316
29134.312868118286,0.435,0.509,0.617,0.409,1.0,0.334,0.5,neutral,fear,0.444,0.233,True,hesitant,1809.57,805398.54,0.0,0.189,1.0,0.316
29164.980173110962,0.434,0.507,0.617,0.408,1.0,0.33,0.504,neutral,fear,0.444,0.233,True,hesitant,1809.57,805398.54,0.0,0.189,1.0,0.316
29223.25563430786,0.439,0.515,0.597,0.392,1.0,0.34,0.475,neutral,neutral,0.4,0.28,True,hesitant,1809.57,805398.54,0.0,0.189,1.0,0.316
29333.37926864624,0.441,0.518,0.597,0.394,1.0,0.347,0.47,neutral,neutral,0.4,0.28,True,hesitant,1809.57,805398.54,0.0,0.189,1.0,0.316
29365.96703529358,0.441,0.518,0.597,0.397,1.0,0.357,0.48,neutral,neutral,0.4,0.28,True,hesitant,1809.57,805398.54,0.0,0.189,1.0,0.316
29395.15209197998,0.439,0.517,0.617,0.412,1.0,0.361,0.482,neutral,neutral,0.45,0.247,True,hesitant,1809.57,805398.54,0.0,0.189,1.0,0.316
29516.462802886963,0.444,0.529,0.617,0.417,1.0,0.377,0.431,neutral,neutral,0.45,0.247,True,hesitant,1809.57,805398.54,0.0,0.189,1.0,0.316
29544.235229492188,0.443,0.526,0.617,0.416,1.0,0.374,0.447,neutral,neutral,0.45,0.247,True,hesitant,1809.57,805398.54,0.0,0.189,1.0,0.316
29574.710607528687,0.448,0.533,0.607,0.412,1.0,0.372,0.409,neutral,neutral,0.42,0.255,True,hesitant,1809.57,805398.54,0.0,0.189,1.0,0.316
29680.241584777832,0.446,0.533,0.607,0.407,1.0,0.357,0.39,neutral,neutral,0.42,0.255,True,hesitant,1809.57,805398.54,0.0,0.189,1.0,0.316
29709.356784820557,0.445,0.532,0.607,0.405,1.0,0.35,0.39,neutral,neutral,0.42,0.255,True,hesitant,1809.57,805398.54,0.0,0.189,1.0,0.316
29737.521648406982,0.443,0.53,0.613,0.408,1.0,0.342,0.391,neutral,neutral,0.434,0.242,True,hesitant,1809.57,805398.54,0.0,0.189,1.0,0.316
29852.142572402954,0.448,0.542,0.613,0.411,1.0,0.351,0.334,neutral,neutral,0.434,0.242,True,hesitant,1809.57,805398.54,0.0,0.189,1.0,0.316
29899.364709854126,0.449,0.545,0.613,0.409,1.0,0.345,0.312,neutral,neutral,0.434,0.242,True,hesitant,1809.57,805398.54,0.0,0.189,1.0,0.316
29928.245306015015,0.449,0.546,0.609,0.402,1.0,0.34,0.3,neutral,neutral,0.427,0.257,True,hesitant,1809.57,805398.54,0.0,0.189,1.0,0.316
30041.19372367859,0.451,0.553,0.609,0.403,1.0,0.344,0.266,neutral,neutral,0.427,0.257,True,hesitant,1809.57,805398.54,0.0,0.189,1.0,0.316
30100.06308555603,0.45,0.554,0.609,0.398,1.0,0.329,0.249,neutral,neutral,0.427,0.257,True,hesitant,1809.57,805398.54,0.0,0.189,1.0,0.316
30128.125429153442,0.452,0.554,0.593,0.384,1.0,0.32,0.244,neutral,neutral,0.393,0.285,True,hesitant,1809.57,805398.54,0.0,0.189,1.0,0.316
30242.984533309937,0.452,0.553,0.593,0.386,1.0,0.327,0.255,neutral,neutral,0.393,0.285,True,hesitant,1809.57,805398.54,0.0,0.189,1.0,0.316
30295.00150680542,0.452,0.553,0.593,0.387,1.0,0.332,0.258,neutral,neutral,0.393,0.285,True,hesitant,1809.57,805398.54,0.0,0.189,1.0,0.316
30339.478969573975,0.452,0.554,0.611,0.406,1.0,0.335,0.253,neutral,neutral,0.425,0.241,True,hesitant,1809.57,805398.54,0.0,0.189,1.0,0.316
30504.08387184143,0.455,0.536,0.586,0.409,1.0,0.342,0.285,neutral,neutral,0.425,0.241,True,hesitant,598.85,811196.41,0.0001,0.1348,1.0,0.376
30533.56146812439,0.456,0.537,0.586,0.41,1.0,0.345,0.285,neutral,neutral,0.425,0.241,True,hesitant,598.85,811196.41,0.0001,0.1348,1.0,0.376
30562.289237976074,0.456,0.539,0.583,0.404,1.0,0.349,0.274,neutral,neutral,0.419,0.258,True,hesitant,598.85,811196.41,0.0001,0.1348,1.0,0.376
30672.955751419067,0.457,0.542,0.583,0.405,1.0,0.353,0.259,neutral,neutral,0.419,0.258,True,hesitant,598.85,811196.41,0.0001,0.1348,1.0,0.376
30699.681043624878,0.455,0.536,0.583,0.405,1.0,0.352,0.296,neutral,neutral,0.419,0.258,True,hesitant,598.85,811196.41,0.0001,0.1348,1.0,0.376
30733.21533203125,0.455,0.534,0.586,0.412,1.0,0.351,0.308,neutral,surprise,0.425,0.241,True,hesitant,598.85,811196.41,0.0001,0.1348,1.0,0.376
30842.076301574707,0.453,0.53,0.586,0.407,1.0,0.336,0.32,neutral,surprise,0.425,0.241,True,hesitant,598.85,811196.41,0.0001,0.1348,1.0,0.376
30902.179718017578,0.448,0.521,0.586,0.404,1.0,0.325,0.364,neutral,surprise,0.425,0.241,True,hesitant,598.85,811196.41,0.0001,0.1348,1.0,0.376
30932.478666305542,0.445,0.52,0.579,0.386,1.0,0.318,0.374,neutral,neutral,0.411,0.28,True,hesitant,598.85,811196.41,0.0001,0.1348,1.0,0.376
31044.950246810913,0.446,0.52,0.579,0.388,1.0,0.325,0.383,neutral,neutral,0.411,0.28,True,hesitant,598.85,811196.41,0.0001,0.1348,1.0,0.376
31094.184637069702,0.454,0.527,0.579,0.408,1.0,0.392,0.404,neutral,neutral,0.411,0.28,True,hesitant,598.85,811196.41,0.0001,0.1348,1.0,0.376
31124.375581741333,0.46,0.533,0.585,0.428,1.0,0.421,0.386,neutral,neutral,0.426,0.253,True,hesitant,598.85,811196.41,0.0001,0.1348,1.0,0.376
31221.373796463013,0.455,0.527,0.585,0.419,1.0,0.394,0.399,neutral,neutral,0.426,0.253,True,hesitant,598.85,811196.41,0.0001,0.1348,1.0,0.376
31251.256465911865,0.453,0.524,0.585,0.415,1.0,0.378,0.403,neutral,neutral,0.426,0.253,True,hesitant,598.85,811196.41,0.0001,0.1348,1.0,0.376
31280.492782592773,0.448,0.524,0.576,0.388,1.0,0.34,0.37,neutral,neutral,0.404,0.291,True,hesitant,598.85,811196.41,0.0001,0.1348,1.0,0.376
31378.142833709717,0.442,0.517,0.576,0.377,1.0,0.304,0.381,neutral,neutral,0.404,0.291,True,hesitant,598.85,811196.41,0.0001,0.1348,1.0,0.376
31409.96742248535,0.439,0.513,0.576,0.371,1.0,0.283,0.386,neutral,neutral,0.404,0.291,True,hesitant,598.85,811196.41,0.0001,0.1348,1.0,0.376
31437.43324279785,0.438,0.51,0.609,0.409,1.0,0.308,0.419,neutral,disgust,0.543,0.213,True,hesitant,598.85,811196.41,0.0001,0.1348,1.0,0.376
31535.269498825073,0.442,0.518,0.609,0.414,1.0,0.323,0.384,neutral,disgust,0.543,0.213,True,hesitant,598.85,811196.41,0.0001,0.1348,1.0,0.376
31564.36562538147,0.451,0.527,0.609,0.431,1.0,0.381,0.382,neutral,disgust,0.543,0.213,True,hesitant,598.85,811196.41,0.0001,0.1348,1.0,0.376
31644.18125152588,0.453,0.53,0.592,0.416,1.0,0.387,0.371,neutral,neutral,0.463,0.257,True,hesitant,598.85,811196.41,0.0001,0.1348,1.0,0.376
31742.321491241455,0.456,0.536,0.592,0.418,1.0,0.392,0.339,neutral,neutral,0.463,0.257,True,hesitant,598.85,811196.41,0.0001,0.1348,1.0,0.376
31773.148775100708,0.454,0.533,0.592,0.415,1.0,0.384,0.351,neutral,neutral,0.463,0.257,True,hesitant,598.85,811196.41,0.0001,0.1348,1.0,0.376
31833.14347267151,0.455,0.536,0.587,0.409,1.0,0.394,0.344,neutral,neutral,0.448,0.281,True,hesitant,598.85,811196.41,0.0001,0.1348,1.0,0.376
31930.28998374939,0.456,0.538,0.587,0.409,1.0,0.394,0.326,neutral,neutral,0.448,0.281,True,hesitant,598.85,811196.41,0.0001,0.1348,1.0,0.376
31963.483333587646,0.457,0.537,0.587,0.414,1.0,0.411,0.352,neutral,neutral,0.448,0.281,True,hesitant,598.85,811196.41,0.0001,0.1348,1.0,0.376
32037.43267059326,0.455,0.539,0.578,0.397,1.0,0.402,0.34,neutral,neutral,0.425,0.315,True,hesitant,598.85,811196.41,0.0001,0.1348,1.0,0.376
32224.872589111328,0.457,0.537,0.578,0.403,1.0,0.423,0.374,neutral,neutral,0.425,0.315,True,hesitant,598.85,811196.41,0.0001,0.1348,1.0,0.376
32259.769916534424,0.463,0.547,0.57,0.405,1.0,0.428,0.346,neutral,neutral,0.425,0.315,True,hesitant,305.02,349795.18,0.0001,0.1106,1.0,0.385
32288.910150527954,0.463,0.547,0.567,0.4,1.0,0.431,0.355,neutral,neutral,0.419,0.332,True,hesitant,305.02,349795.18,0.0001,0.1106,1.0,0.385
32387.567043304443,0.466,0.55,0.567,0.405,1.0,0.45,0.358,neutral,neutral,0.419,0.332,True,hesitant,305.02,349795.18,0.0001,0.1106,1.0,0.385
32416.109085083008,0.47,0.558,0.567,0.409,1.0,0.462,0.316,neutral,neutral,0.419,0.332,True,hesitant,305.02,349795.18,0.0001,0.1106,1.0,0.385
32452.580213546753,0.471,0.557,0.571,0.419,1.0,0.462,0.314,neutral,neutral,0.424,0.308,True,hesitant,305.02,349795.18,0.0001,0.1106,1.0,0.385
32547.977924346924,0.471,0.557,0.571,0.42,1.0,0.464,0.314,neutral,neutral,0.424,0.308,True,hesitant,305.02,349795.18,0.0001,0.1106,1.0,0.385
32574.026584625244,0.467,0.553,0.571,0.41,1.0,0.433,0.315,neutral,neutral,0.424,0.308,True,hesitant,305.02,349795.18,0.0001,0.1106,1.0,0.385
32630.216121673584,0.466,0.55,0.567,0.407,1.0,0.435,0.335,neutral,neutral,0.412,0.316,True,hesitant,305.02,349795.18,0.0001,0.1106,1.0,0.385
32730.875253677368,0.467,0.551,0.567,0.407,1.0,0.435,0.328,neutral,neutral,0.412,0.316,True,hesitant,305.02,349795.18,0.0001,0.1106,1.0,0.385
32760.465383529663,0.467,0.551,0.567,0.407,1.0,0.434,0.332,neutral,neutral,0.412,0.316,True,hesitant,305.02,349795.18,0.0001,0.1106,1.0,0.385
32788.95688056946,0.466,0.55,0.574,0.413,1.0,0.435,0.332,neutral,neutral,0.433,0.301,True,hesitant,305.02,349795.18,0.0001,0.1106,1.0,0.385
32895.09177207947,0.466,0.553,0.574,0.412,1.0,0.431,0.308,neutral,neutral,0.433,0.301,True,hesitant,305.02,349795.18,0.0001,0.1106,1.0,0.385
32923.79570007324,0.466,0.552,0.574,0.413,1.0,0.434,0.32,neutral,neutral,0.433,0.301,True,hesitant,305.02,349795.18,0.0001,0.1106,1.0,0.385
32953.352212905884,0.469,0.558,0.569,0.409,1.0,0.434,0.28,neutral,neutral,0.418,0.311,True,hesitant,305.02,349795.18,0.0001,0.1106,1.0,0.385
33050.25935173035,0.47,0.559,0.569,0.41,1.0,0.437,0.276,neutral,neutral,0.418,0.311,True,hesitant,305.02,349795.18,0.0001,0.1106,1.0,0.385
33094.49601173401,0.47,0.562,0.569,0.407,1.0,0.429,0.248,neutral,neutral,0.418,0.311,True,hesitant,305.02,349795.18,0.0001,0.1106,1.0,0.385
33121.870279312134,0.469,0.563,0.578,0.414,1.0,0.425,0.236,neutral,neutral,0.45,0.289,True,hesitant,305.02,349795.18,0.0001,0.1106,1.0,0.385
33222.42879867554,0.467,0.561,0.578,0.411,1.0,0.413,0.234,neutral,neutral,0.45,0.289,True,hesitant,305.02,349795.18,0.0001,0.1106,1.0,0.385
33251.22427940369,0.467,0.562,0.578,0.409,1.0,0.406,0.22,neutral,neutral,0.45,0.289,True,hesitant,305.02,349795.18,0.0001,0.1106,1.0,0.385
33281.36897087097,0.465,0.56,0.578,0.404,1.0,0.403,0.233,neutral,neutral,0.45,0.3,True,hesitant,305.02,349795.18,0.0001,0.1106,1.0,0.385
33380.268812179565,0.471,0.567,0.578,0.415,1.0,0.44,0.227,neutral,neutral,0.45,0.3,True,hesitant,305.02,349795.18,0.0001,0.1106,1.0,0.385
33410.41326522827,0.475,0.575,0.578,0.421,1.0,0.461,0.193,neutral,neutral,0.45,0.3,True,hesitant,305.02,349795.18,0.0001,0.1106,1.0,0.385
33440.51671028137,0.471,0.571,0.572,0.406,1.0,0.441,0.201,neutral,neutral,0.437,0.323,True,hesitant,305.02,349795.18,0.0001,0.1106,1.0,0.385
33547.842264175415,0.471,0.57,0.572,0.405,1.0,0.435,0.203,neutral,neutral,0.437,0.323,True,hesitant,305.02,349795.18,0.0001,0.1106,1.0,0.385
33574.40686225891,0.471,0.57,0.572,0.405,1.0,0.435,0.201,neutral,neutral,0.437,0.323,True,hesitant,305.02,349795.18,0.0001,0.1106,1.0,0.385
33644.203186035156,0.47,0.569,0.584,0.417,1.0,0.42,0.191,neutral,neutral,0.47,0.28,True,hesitant,305.02,349795.18,0.0001,0.1106,1.0,0.385
33749.57537651062,0.468,0.569,0.584,0.412,1.0,0.404,0.171,neutral,neutral,0.47,0.28,True,hesitant,305.02,349795.18,0.0001,0.1106,1.0,0.385
33780.23815155029,0.47,0.571,0.584,0.416,1.0,0.417,0.172,neutral,neutral,0.47,0.28,True,hesitant,305.02,349795.18,0.0001,0.1106,1.0,0.385
33833.574533462524,0.47,0.567,0.57,0.404,1.0,0.426,0.212,neutral,neutral,0.426,0.317,True,hesitant,305.02,349795.18,0.0001,0.1106,1.0,0.385
33978.044271469116,0.465,0.556,0.57,0.399,1.0,0.408,0.27,neutral,neutral,0.426,0.317,True,hesitant,305.02,349795.18,0.0001,0.1106,1.0,0.385
34009.30142402649,0.459,0.551,0.58,0.397,1.0,0.402,0.284,neutral,neutral,0.426,0.317,True,hesitant,861.44,1014119.49,0.0001,0.1397,1.0,0.368
34039.5245552063,0.455,0.537,0.566,0.383,1.0,0.386,0.367,neutral,neutral,0.38,0.34,True,hesitant,861.44,1014119.49,0.0001,0.1397,1.0,0.368
34158.61678123474,0.454,0.535,0.566,0.383,1.0,0.387,0.382,neutral,neutral,0.38,0.34,True,hesitant,861.44,1014119.49,0.0001,0.1397,1.0,0.368
34187.942028045654,0.455,0.539,0.566,0.383,1.0,0.388,0.358,neutral,neutral,0.38,0.34,True,hesitant,861.44,1014119.49,0.0001,0.1397,1.0,0.368
34231.58621788025,0.448,0.53,0.591,0.399,1.0,0.381,0.397,neutral,neutral,0.46,0.297,True,hesitant,861.44,1014119.49,0.0001,0.1397,1.0,0.368
34337.311029434204,0.447,0.527,0.591,0.398,1.0,0.378,0.411,neutral,neutral,0.46,0.297,True,hesitant,861.44,1014119.49,0.0001,0.1397,1.0,0.368
34367.24066734314,0.446,0.527,0.591,0.393,1.0,0.36,0.393,neutral,neutral,0.46,0.297,True,hesitant,861.44,1014119.49,0.0001,0.1397,1.0,0.368
34399.0638256073,0.447,0.527,0.583,0.389,1.0,0.35,0.384,neutral,neutral,0.428,0.296,True,hesitant,861.44,1014119.49,0.0001,0.1397,1.0,0.368
34507.89499282837,0.447,0.524,0.583,0.392,1.0,0.358,0.407,neutral,neutral,0.428,0.296,True,hesitant,861.44,1014119.49,0.0001,0.1397,1.0,0.368
34536.174297332764,0.443,0.518,0.583,0.386,1.0,0.338,0.432,neutral,neutral,0.428,0.296,True,hesitant,861.44,1014119.49,0.0001,0.1397,1.0,0.368
34565.956592559814,0.441,0.515,0.584,0.383,1.0,0.331,0.442,neutral,neutral,0.434,0.299,True,hesitant,861.44,1014119.49,0.0001,0.1397,1.0,0.368
34664.90817070007,0.433,0.504,0.584,0.369,1.0,0.286,0.468,neutral,neutral,0.434,0.299,True,hesitant,861.44,1014119.49,0.0001,0.1397,1.0,0.368
34706.59589767456,0.433,0.507,0.584,0.366,1.0,0.274,0.435,neutral,neutral,0.434,0.299,True,hesitant,861.44,1014119.49,0.0001,0.1397,1.0,0.368
34733.14142227173,0.435,0.518,0.575,0.349,1.0,0.269,0.376,neutral,neutral,0.412,0.336,True,hesitant,861.44,1014119.49,0.0001,0.1397,1.0,0.368
34880.08737564087,0.44,0.521,0.575,0.364,1.0,0.316,0.402,neutral,neutral,0.412,0.336,True,hesitant,861.44,1014119.49,0.0001,0.1397,1.0,0.368
34950.29973983765,0.447,0.535,0.575,0.371,1.0,0.34,0.329,neutral,neutral,0.412,0.336,True,hesitant,861.44,1014119.49,0.0001,0.1397,1.0,0.368
34978.34277153015,0.453,0.536,0.595,0.411,1.0,0.349,0.316,neutral,neutral,0.456,0.241,True,hesitant,861.44,1014119.49,0.0001,0.1397,1.0,0.368
35101.83620452881,0.454,0.536,0.595,0.417,1.0,0.368,0.337,neutral,neutral,0.456,0.241,True,hesitant,861.44,1014119.49,0.0001,0.1397,1.0,0.368
35131.65736198425,0.468,0.554,0.595,0.442,1.0,0.452,0.309,neutral,neutral,0.456,0.241,True,hesitant,861.44,1014119.49,0.0001,0.1397,1.0,0.368
35157.78303146362,0.47,0.56,0.602,0.449,1.0,0.478,0.295,neutral,disgust,0.49,0.244,True,hesitant,861.44,1014119.49,0.0001,0.1397,1.0,0.368
35295.098304748535,0.468,0.556,0.602,0.446,1.0,0.468,0.313,neutral,disgust,0.49,0.244,True,hesitant,861.44,1014119.49,0.0001,0.1397,1.0,0.368
35322.389125823975,0.469,0.556,0.602,0.45,1.0,0.482,0.322,neutral,disgust,0.49,0.244,True,hesitant,861.44,1014119.49,0.0001,0.1397,1.0,0.368
35352.341651916504,0.472,0.56,0.602,0.456,1.0,0.481,0.3,neutral,neutral,0.482,0.227,True,hesitant,861.44,1014119.49,0.0001,0.1397,1.0,0.368
35481.67014122009,0.488,0.576,0.602,0.489,1.0,0.589,0.307,neutral,neutral,0.482,0.227,True,hesitant,861.44,1014119.49,0.0001,0.1397,1.0,0.368
35513.230323791504,0.489,0.573,0.602,0.496,1.0,0.614,0.347,neutral,neutral,0.482,0.227,True,hesitant,861.44,1014119.49,0.0001,0.1397,1.0,0.368
35543.98274421692,0.489,0.578,0.613,0.505,1.0,0.615,0.319,neutral,disgust,0.533,0.207,True,hesitant,861.44,1014119.49,0.0001,0.1397,1.0,0.368
35745.7640171051,0.494,0.582,0.613,0.517,1.0,0.655,0.335,neutral,disgust,0.533,0.207,True,hesitant,861.44,1014119.49,0.0001,0.1397,1.0,0.368
35782.475233078,0.462,0.55,0.665,0.509,1.0,0.629,0.346,neutral,disgust,0.533,0.207,True,hesitant,1435.28,1107490.81,0.0001,0.1777,1.0,0.304
35842.03314781189,0.467,0.552,0.667,0.524,1.0,0.616,0.32,neutral,disgust,0.523,0.156,True,hesitant,1435.28,1107490.81,0.0001,0.1777,1.0,0.304
35952.038288116455,0.466,0.552,0.667,0.522,1.0,0.608,0.312,neutral,disgust,0.523,0.156,True,hesitant,1435.28,1107490.81,0.0001,0.1777,1.0,0.304
35979.85649108887,0.465,0.549,0.667,0.52,1.0,0.603,0.326,neutral,disgust,0.523,0.156,True,hesitant,1435.28,1107490.81,0.0001,0.1777,1.0,0.304
36034.284353256226,0.465,0.551,0.671,0.522,1.0,0.602,0.312,neutral,fear,0.548,0.153,True,hesitant,1435.28,1107490.81,0.0001,0.1777,1.0,0.304
36154.96373176575,0.465,0.554,0.671,0.521,1.0,0.601,0.293,neutral,fear,0.548,0.153,True,hesitant,1435.28,1107490.81,0.0001,0.1777,1.0,0.304
36182.26218223572,0.468,0.556,0.671,0.528,1.0,0.623,0.302,neutral,fear,0.548,0.153,True,hesitant,1435.28,1107490.81,0.0001,0.1777,1.0,0.304
36242.56181716919,0.466,0.557,0.657,0.504,1.0,0.633,0.3,neutral,disgust,0.498,0.221,True,hesitant,1435.28,1107490.81,0.0001,0.1777,1.0,0.304
36373.37136268616,0.467,0.555,0.657,0.509,1.0,0.65,0.335,neutral,disgust,0.498,0.221,True,hesitant,1435.28,1107490.81,0.0001,0.1777,1.0,0.304
36403.20014953613,0.468,0.555,0.657,0.513,1.0,0.663,0.347,neutral,disgust,0.498,0.221,True,hesitant,1435.28,1107490.81,0.0001,0.1777,1.0,0.304
36434.32831764221,0.468,0.557,0.65,0.503,1.0,0.65,0.32,neutral,neutral,0.468,0.236,True,hesitant,1435.28,1107490.81,0.0001,0.1777,1.0,0.304
36560.68921089172,0.47,0.563,0.65,0.5,1.0,0.639,0.271,neutral,neutral,0.468,0.236,True,hesitant,1435.28,1107490.81,0.0001,0.1777,1.0,0.304
36593.49727630615,0.469,0.562,0.65,0.5,1.0,0.639,0.275,neutral,neutral,0.468,0.236,True,hesitant,1435.28,1107490.81,0.0001,0.1777,1.0,0.304
36637.615442276,0.475,0.569,0.675,0.541,1.0,0.655,0.255,neutral,disgust,0.566,0.142,True,hesitant,1435.28,1107490.81,0.0001,0.1777,1.0,0.304
36746.71792984009,0.477,0.573,0.675,0.544,1.0,0.665,0.244,neutral,disgust,0.566,0.142,True,hesitant,1435.28,1107490.81,0.0001,0.1777,1.0,0.304
36775.32434463501,0.479,0.574,0.675,0.548,1.0,0.676,0.242,neutral,disgust,0.566,0.142,True,hesitant,1435.28,1107490.81,0.0001,0.1777,1.0,0.304
36830.25026321411,0.477,0.569,0.643,0.511,1.0,0.688,0.28,neutral,neutral,0.445,0.254,True,hesitant,1435.28,1107490.81,0.0001,0.1777,1.0,0.304
36940.64164161682,0.48,0.572,0.643,0.515,1.0,0.702,0.275,neutral,neutral,0.445,0.254,True,hesitant,1435.28,1107490.81,0.0001,0.1777,1.0,0.304
36969.18773651123,0.477,0.562,0.643,0.519,1.0,0.715,0.353,neutral,neutral,0.445,0.254,True,hesitant,1435.28,1107490.81,0.0001,0.1777,1.0,0.304
36996.66357040405,0.481,0.56,0.647,0.539,1.0,0.719,0.371,neutral,surprise,0.435,0.207,True,hesitant,1435.28,1107490.81,0.0001,0.1777,1.0,0.304
37118.08514595032,0.483,0.56,0.647,0.545,1.0,0.741,0.39,neutral,surprise,0.435,0.207,True,hesitant,1435.28,1107490.81,0.0001,0.1777,1.0,0.304
37146.8780040741,0.481,0.554,0.647,0.545,1.0,0.741,0.429,neutral,surprise,0.435,0.207,True,hesitant,1435.28,1107490.81,0.0001,0.1777,1.0,0.304
37177.84380912781,0.475,0.56,0.635,0.504,1.0,0.741,0.399,neutral,neutral,0.445,0.315,True,hesitant,1435.28,1107490.81,0.0001,0.1777,1.0,0.304
37285.927057266235,0.477,0.564,0.635,0.506,1.0,0.748,0.383,neutral,neutral,0.445,0.315,True,hesitant,1435.28,1107490.81,0.0001,0.1777,1.0,0.304
37314.21709060669,0.476,0.562,0.635,0.504,1.0,0.741,0.388,neutral,neutral,0.445,0.315,True,hesitant,1435.28,1107490.81,0.0001,0.1777,1.0,0.304
37351.91464424133,0.48,0.56,0.633,0.52,1.0,0.737,0.391,neutral,neutral,0.407,0.269,True,hesitant,1435.28,1107490.81,0.0001,0.1777,1.0,0.304
37507.0686340332,0.519,0.617,0.584,0.524,1.0,0.751,0.387,neutral,neutral,0.407,0.269,True,hesitant,2055.77,429673.18,0.0,0.1963,1.0,0.332
37540.443658828735,0.52,0.618,0.584,0.526,1.0,0.758,0.387,neutral,neutral,0.407,0.269,True,hesitant,2055.77,429673.18,0.0,0.1963,1.0,0.332
37566.00117683411,0.518,0.618,0.598,0.536,1.0,0.759,0.389,neutral,neutral,0.438,0.243,True,hesitant,2055.77,429673.18,0.0,0.1963,1.0,0.332
37672.136306762695,0.515,0.616,0.598,0.53,1.0,0.741,0.385,neutral,neutral,0.438,0.243,True,hesitant,2055.77,429673.18,0.0,0.1963,1.0,0.332
37712.22496032715,0.518,0.622,0.598,0.531,1.0,0.743,0.354,neutral,neutral,0.438,0.243,True,hesitant,2055.77,429673.18,0.0,0.1963,1.0,0.332
37740.47136306763,0.519,0.623,0.598,0.533,1.0,0.743,0.347,neutral,neutral,0.434,0.235,True,hesitant,2055.77,429673.18,0.0,0.1963,1.0,0.332
37851.90033912659,0.524,0.638,0.598,0.533,1.0,0.741,0.263,neutral,neutral,0.434,0.235,True,hesitant,2055.77,429673.18,0.0,0.1963,1.0,0.332
37905.57503700256,0.527,0.644,0.598,0.535,1.0,0.748,0.238,neutral,neutral,0.434,0.235,True,hesitant,2055.77,429673.18,0.0,0.1963,1.0,0.332
37933.387756347656,0.528,0.65,0.591,0.526,1.0,0.751,0.204,neutral,neutral,0.425,0.262,True,hesitant,2055.77,429673.18,0.0,0.1963,1.0,0.332
38045.93372344971,0.53,0.655,0.591,0.524,1.0,0.745,0.172,neutral,neutral,0.425,0.262,True,hesitant,2055.77,429673.18,0.0,0.1963,1.0,0.332
38113.89994621277,0.53,0.655,0.591,0.526,1.0,0.752,0.179,neutral,neutral,0.425,0.262,True,hesitant,2055.77,429673.18,0.0,0.1963,1.0,0.332
38144.93107795715,0.531,0.654,0.577,0.513,1.0,0.755,0.187,neutral,neutral,0.402,0.299,True,hesitant,2055.77,429673.18,0.0,0.1963,1.0,0.332
38269.14191246033,0.527,0.65,0.577,0.506,1.0,0.729,0.183,neutral,neutral,0.402,0.299,True,hesitant,2055.77,429673.18,0.0,0.1963,1.0,0.332
38300.80699920654,0.521,0.637,0.577,0.5,1.0,0.709,0.232,neutral,neutral,0.402,0.299,True,hesitant,2055.77,429673.18,0.0,0.1963,1.0,0.332
38327.964782714844,0.516,0.633,0.593,0.507,1.0,0.695,0.246,neutral,neutral,0.433,0.266,True,hesitant,2055.77,429673.18,0.0,0.1963,1.0,0.332
38440.593004226685,0.512,0.624,0.593,0.503,1.0,0.683,0.28,neutral,neutral,0.433,0.266,True,hesitant,2055.77,429673.18,0.0,0.1963,1.0,0.332
38514.543771743774,0.512,0.625,0.593,0.504,1.0,0.684,0.277,neutral,neutral,0.433,0.266,True,hesitant,2055.77,429673.18,0.0,0.1963,1.0,0.332
38541.52798652649,0.505,0.627,0.586,0.469,1.0,0.684,0.268,neutral,neutral,0.453,0.353,True,hesitant,2055.77,429673.18,0.0,0.1963,1.0,0.332
38654.0732383728,0.508,0.631,0.586,0.473,1.0,0.697,0.26,neutral,neutral,0.453,0.353,True,hesitant,2055.77,429673.18,0.0,0.1963,1.0,0.332
38706.4049243927,0.508,0.631,0.586,0.475,1.0,0.701,0.265,neutral,neutral,0.453,0.353,True,hesitant,2055.77,429673.18,0.0,0.1963,1.0,0.332
38735.33821105957,0.516,0.63,0.577,0.493,1.0,0.701,0.265,neutral,neutral,0.405,0.307,True,hesitant,2055.77,429673.18,0.0,0.1963,1.0,0.332
38853.29246520996,0.514,0.625,0.577,0.491,1.0,0.692,0.284,neutral,neutral,0.405,0.307,True,hesitant,2055.77,429673.18,0.0,0.1963,1.0,0.332
38880.46097755432,0.512,0.622,0.577,0.489,1.0,0.686,0.293,neutral,neutral,0.405,0.307,True,hesitant,2055.77,429673.18,0.0,0.1963,1.0,0.332
38914.22343254089,0.514,0.624,0.589,0.505,1.0,0.683,0.282,neutral,neutral,0.417,0.26,True,hesitant,2055.77,429673.18,0.0,0.1963,1.0,0.332
39022.17888832092,0.513,0.623,0.589,0.505,1.0,0.683,0.287,neutral,neutral,0.417,0.26,True,hesitant,2055.77,429673.18,0.0,0.1963,1.0,0.332
39052.87313461304,0.513,0.622,0.589,0.505,1.0,0.683,0.29,neutral,neutral,0.417,0.26,True,hesitant,2055.77,429673.18,0.0,0.1963,1.0,0.332
39083.36067199707,0.51,0.621,0.606,0.516,1.0,0.667,0.285,neutral,neutral,0.456,0.219,True,hesitant,2055.77,429673.18,0.0,0.1963,1.0,0.332
39260.70594787598,0.554,0.671,0.531,0.517,1.0,0.67,0.231,neutral,neutral,0.456,0.219,True,hesitant,2245.79,70932.8,0.0,0.2002,1.0,0.43
39293.710470199585,0.555,0.675,0.531,0.517,1.0,0.671,0.211,neutral,neutral,0.456,0.219,True,hesitant,2245.79,70932.8,0.0,0.2002,1.0,0.43
39322.11351394653,0.557,0.681,0.521,0.503,1.0,0.669,0.169,neutral,neutral,0.436,0.257,True,hesitant,2245.79,70932.8,0.0,0.2002,1.0,0.43
39432.87944793701,0.558,0.682,0.521,0.505,1.0,0.674,0.171,neutral,neutral,0.436,0.257,True,hesitant,2245.79,70932.8,0.0,0.2002,1.0,0.43
39460.73770523071,0.558,0.682,0.521,0.505,1.0,0.676,0.173,neutral,neutral,0.436,0.257,True,hesitant,2245.79,70932.8,0.0,0.2002,1.0,0.43
39489.4917011261,0.557,0.68,0.522,0.507,1.0,0.68,0.188,neutral,neutral,0.438,0.254,True,hesitant,2245.79,70932.8,0.0,0.2002,1.0,0.43
39599.41387176514,0.558,0.681,0.522,0.508,1.0,0.685,0.189,neutral,neutral,0.438,0.254,True,hesitant,2245.79,70932.8,0.0,0.2002,1.0,0.43
39630.17392158508,0.559,0.681,0.522,0.51,1.0,0.689,0.188,neutral,neutral,0.438,0.254,True,hesitant,2245.79,70932.8,0.0,0.2002,1.0,0.43
39661.90838813782,0.556,0.679,0.523,0.506,1.0,0.677,0.19,neutral,neutral,0.441,0.254,True,hesitant,2245.79,70932.8,0.0,0.2002,1.0,0.43
39764.484167099,0.555,0.677,0.523,0.503,1.0,0.669,0.191,neutral,neutral,0.441,0.254,True,hesitant,2245.79,70932.8,0.0,0.2002,1.0,0.43
39804.386377334595,0.556,0.679,0.523,0.504,1.0,0.671,0.184,neutral,neutral,0.441,0.254,True,hesitant,2245.79,70932.8,0.0,0.2002,1.0,0.43
39846.052169799805,0.56,0.684,0.518,0.505,1.0,0.666,0.153,neutral,neutral,0.425,0.248,True,hesitant,2245.79,70932.8,0.0,0.2002,1.0,0.43
39952.06570625305,0.56,0.686,0.518,0.504,1.0,0.664,0.141,neutral,neutral,0.425,0.248,True,hesitant,2245.79,70932.8,0.0,0.2002,1.0,0.43
39981.937885284424,0.561,0.685,0.518,0.508,1.0,0.675,0.155,neutral,neutral,0.425,0.248,True,hesitant,2245.79,70932.8,0.0,0.2002,1.0,0.43
40010.55717468262,0.562,0.686,0.511,0.503,1.0,0.685,0.159,neutral,neutral,0.411,0.268,True,hesitant,2245.79,70932.8,0.0,0.2002,1.0,0.43
40122.03121185303,0.56,0.682,0.511,0.501,1.0,0.677,0.174,neutral,neutral,0.411,0.268,True,hesitant,2245.79,70932.8,0.0,0.2002,1.0,0.43
40149.79815483093,0.559,0.68,0.511,0.5,1.0,0.674,0.181,neutral,neutral,0.411,0.268,True,hesitant,2245.79,70932.8,0.0,0.2002,1.0,0.43
40177.99425125122,0.556,0.673,0.527,0.517,1.0,0.664,0.214,neutral,neutral,0.444,0.216,True,hesitant,2245.79,70932.8,0.0,0.2002,1.0,0.43
40290.81845283508,0.554,0.668,0.527,0.515,1.0,0.658,0.231,neutral,neutral,0.444,0.216,True,hesitant,2245.79,70932.8,0.0,0.2002,1.0,0.43
40318.46880912781,0.552,0.666,0.527,0.511,1.0,0.646,0.229,neutral,neutral,0.444,0.216,True,hesitant,2245.79,70932.8,0.0,0.2002,1.0,0.43
40346.150398254395,0.55,0.664,0.512,0.489,1.0,0.642,0.228,neutral,neutral,0.415,0.272,True,hesitant,2245.79,70932.8,0.0,0.2002,1.0,0.43
40449.43881034851,0.549,0.661,0.512,0.489,1.0,0.641,0.242,neutral,neutral,0.415,0.272,True,hesitant,2245.79,70932.8,0.0,0.2002,1.0,0.43
40477.56004333496,0.55,0.663,0.512,0.489,1.0,0.642,0.236,neutral,neutral,0.415,0.272,True,hesitant,2245.79,70932.8,0.0,0.2002,1.0,0.43
40513.795614242554,0.551,0.665,0.501,0.48,1.0,0.653,0.231,neutral,neutral,0.396,0.301,True,hesitant,2245.79,70932.8,0.0,0.2002,1.0,0.43
40618.55626106262,0.55,0.661,0.501,0.481,1.0,0.657,0.255,neutral,neutral,0.396,0.301,True,hesitant,2245.79,70932.8,0.0,0.2002,1.0,0.43
40645.79248428345,0.549,0.657,0.501,0.482,1.0,0.659,0.278,neutral,neutral,0.396,0.301,True,hesitant,2245.79,70932.8,0.0,0.2002,1.0,0.43
40674.04389381409,0.548,0.658,0.518,0.497,1.0,0.663,0.283,neutral,neutral,0.429,0.266,True,hesitant,2245.79,70932.8,0.0,0.2002,1.0,0.43
40779.25729751587,0.549,0.66,0.518,0.497,1.0,0.664,0.272,neutral,neutral,0.429,0.266,True,hesitant,2245.79,70932.8,0.0,0.2002,1.0,0.43
40806.47349357605,0.548,0.659,0.518,0.496,1.0,0.661,0.275,neutral,neutral,0.429,0.266,True,hesitant,2245.79,70932.8,0.0,0.2002,1.0,0.43
40833.52828025818,0.551,0.66,0.503,0.486,1.0,0.659,0.264,neutral,neutral,0.397,0.288,True,hesitant,2245.79,70932.8,0.0,0.2002,1.0,0.43
41000.41174888611,0.552,0.662,0.503,0.488,1.0,0.666,0.258,neutral,neutral,0.397,0.288,True,hesitant,2245.79,70932.8,0.0,0.2002,1.0,0.43
41033.44678878784,0.556,0.67,0.502,0.49,1.0,0.673,0.22,neutral,neutral,0.397,0.288,True,hesitant,2245.79,70932.8,0.0,0.1985,1.0,0.433
41062.17837333679,0.558,0.673,0.506,0.498,1.0,0.677,0.212,neutral,neutral,0.401,0.273,True,hesitant,2245.79,70932.8,0.0,0.1985,1.0,0.433
41176.161766052246,0.559,0.675,0.506,0.498,1.0,0.679,0.201,neutral,neutral,0.401,0.273,True,hesitant,2245.79,70932.8,0.0,0.1985,1.0,0.433
41206.45499229431,0.56,0.677,0.506,0.5,1.0,0.684,0.196,neutral,neutral,0.401,0.273,True,hesitant,2245.79,70932.8,0.0,0.1985,1.0,0.433
41236.50622367859,0.557,0.68,0.512,0.495,1.0,0.688,0.18,neutral,neutral,0.424,0.292,True,hesitant,2245.79,70932.8,0.0,0.1985,1.0,0.433
41353.14345359802,0.557,0.681,0.512,0.494,1.0,0.687,0.178,neutral,neutral,0.424,0.292,True,hesitant,2245.79,70932.8,0.0,0.1985,1.0,0.433
41384.3719959259,0.556,0.679,0.512,0.492,1.0,0.679,0.178,neutral,neutral,0.424,0.292,True,hesitant,2245.79,70932.8,0.0,0.1985,1.0,0.433
41414.60037231445,0.561,0.684,0.523,0.514,1.0,0.676,0.163,neutral,neutral,0.437,0.232,True,hesitant,2245.79,70932.8,0.0,0.1985,1.0,0.433
41533.51831436157,0.559,0.675,0.523,0.518,1.0,0.691,0.223,neutral,neutral,0.437,0.232,True,hesitant,2245.79,70932.8,0.0,0.1985,1.0,0.433
41588.13381195068,0.561,0.673,0.523,0.527,1.0,0.722,0.265,neutral,neutral,0.437,0.232,True,hesitant,2245.79,70932.8,0.0,0.1985,1.0,0.433
41619.797706604004,0.557,0.673,0.532,0.527,1.0,0.735,0.274,neutral,neutral,0.466,0.242,True,hesitant,2245.79,70932.8,0.0,0.1985,1.0,0.433
41725.021839141846,0.555,0.666,0.532,0.527,1.0,0.734,0.307,neutral,neutral,0.466,0.242,True,hesitant,2245.79,70932.8,0.0,0.1985,1.0,0.433
41753.48091125488,0.555,0.665,0.532,0.527,1.0,0.733,0.313,neutral,neutral,0.466,0.242,True,hesitant,2245.79,70932.8,0.0,0.1985,1.0,0.433
41784.016132354736,0.554,0.657,0.508,0.505,1.0,0.73,0.347,neutral,neutral,0.415,0.295,True,hesitant,2245.79,70932.8,0.0,0.1985,1.0,0.433
41890.47956466675,0.549,0.649,0.508,0.498,1.0,0.704,0.36,neutral,neutral,0.415,0.295,True,hesitant,2245.79,70932.8,0.0,0.1985,1.0,0.433
41930.9778213501,0.548,0.649,0.508,0.496,1.0,0.698,0.354,neutral,neutral,0.415,0.295,True,hesitant,2245.79,70932.8,0.0,0.1985,1.0,0.433
41963.42062950134,0.55,0.65,0.513,0.506,1.0,0.694,0.349,neutral,neutral,0.418,0.263,True,hesitant,2245.79,70932.8,0.0,0.1985,1.0,0.433
42080.256938934326,0.548,0.647,0.513,0.503,1.0,0.684,0.353,neutral,neutral,0.418,0.263,True,hesitant,2245.79,70932.8,0.0,0.1985,1.0,0.433
42111.86194419861,0.547,0.646,0.513,0.502,1.0,0.68,0.354,neutral,neutral,0.418,0.263,True,hesitant,2245.79,70932.8,0.0,0.1985,1.0,0.433
42142.16923713684,0.546,0.648,0.511,0.494,1.0,0.685,0.348,neutral,neutral,0.419,0.287,True,hesitant,2245.79,70932.8,0.0,0.1985,1.0,0.433
42253.03363800049,0.546,0.645,0.511,0.496,1.0,0.691,0.372,neutral,neutral,0.419,0.287,True,hesitant,2245.79,70932.8,0.0,0.1985,1.0,0.433
42322.19171524048,0.544,0.643,0.511,0.493,1.0,0.679,0.371,neutral,neutral,0.419,0.287,True,hesitant,2245.79,70932.8,0.0,0.1985,1.0,0.433
42352.73742675781,0.549,0.657,0.513,0.494,1.0,0.674,0.292,neutral,neutral,0.424,0.281,True,hesitant,2245.79,70932.8,0.0,0.1985,1.0,0.433
42460.52050590515,0.552,0.664,0.513,0.496,1.0,0.68,0.261,neutral,neutral,0.424,0.281,True,hesitant,2245.79,70932.8,0.0,0.1985,1.0,0.433
42490.67497253418,0.553,0.667,0.513,0.497,1.0,0.684,0.252,neutral,neutral,0.424,0.281,True,hesitant,2245.79,70932.8,0.0,0.1985,1.0,0.433
42523.87809753418,0.554,0.671,0.516,0.5,1.0,0.683,0.229,neutral,neutral,0.429,0.271,True,hesitant,2245.79,70932.8,0.0,0.1985,1.0,0.433
42702.937841415405,0.554,0.666,0.516,0.504,1.0,0.695,0.269,neutral,neutral,0.429,0.271,True,hesitant,2245.79,70932.8,0.0,0.1985,1.0,0.433
42734.00282859802,0.556,0.672,0.516,0.506,1.0,0.702,0.243,neutral,neutral,0.429,0.271,True,hesitant,2245.79,70932.8,0.0,0.1985,1.0,0.433
42769.95873451233,0.557,0.665,0.51,0.508,1.0,0.697,0.257,neutral,neutral,0.397,0.262,True,hesitant,2251.45,54370.54,0.0,0.2003,1.0,0.429
42895.21503448486,0.555,0.663,0.51,0.506,1.0,0.69,0.259,neutral,neutral,0.397,0.262,True,hesitant,2251.45,54370.54,0.0,0.2003,1.0,0.429
42926.20587348938,0.554,0.661,0.51,0.504,1.0,0.684,0.263,neutral,neutral,0.397,0.262,True,hesitant,2251.45,54370.54,0.0,0.2003,1.0,0.429
42955.496311187744,0.548,0.66,0.531,0.511,1.0,0.685,0.272,neutral,disgust,0.452,0.243,True,hesitant,2251.45,54370.54,0.0,0.2003,1.0,0.429
43072.2382068634,0.545,0.648,0.531,0.512,1.0,0.689,0.341,neutral,disgust,0.452,0.243,True,hesitant,2251.45,54370.54,0.0,0.2003,1.0,0.429
43099.7416973114,0.543,0.644,0.531,0.513,1.0,0.692,0.361,neutral,disgust,0.452,0.243,True,hesitant,2251.45,54370.54,0.0,0.2003,1.0,0.429
43133.48054885864,0.547,0.647,0.507,0.494,1.0,0.691,0.343,neutral,neutral,0.399,0.292,True,hesitant,2251.45,54370.54,0.0,0.2003,1.0,0.429
43264.23501968384,0.547,0.643,0.507,0.498,1.0,0.703,0.372,neutral,neutral,0.399,0.292,True,hesitant,2251.45,54370.54,0.0,0.2003,1.0,0.429
43292.46950149536,0.547,0.642,0.507,0.5,1.0,0.711,0.387,neutral,neutral,0.399,0.292,True,hesitant,2251.45,54370.54,0.0,0.2003,1.0,0.429
43323.08602333069,0.543,0.643,0.524,0.506,1.0,0.71,0.385,neutral,neutral,0.44,0.277,True,hesitant,2251.45,54370.54,0.0,0.2003,1.0,0.429
43458.9056968689,0.543,0.643,0.524,0.506,1.0,0.713,0.386,neutral,neutral,0.44,0.277,True,hesitant,2251.45,54370.54,0.0,0.2003,1.0,0.429
43486.46354675293,0.547,0.649,0.524,0.511,1.0,0.729,0.372,neutral,neutral,0.44,0.277,True,hesitant,2251.45,54370.54,0.0,0.2003,1.0,0.429
43530.213832855225,0.546,0.651,0.521,0.501,1.0,0.723,0.349,neutral,neutral,0.438,0.299,True,hesitant,2251.45,54370.54,0.0,0.2003,1.0,0.429
43652.70709991455,0.545,0.651,0.521,0.5,1.0,0.718,0.345,neutral,neutral,0.438,0.299,True,hesitant,2251.45,54370.54,0.0,0.2003,1.0,0.429
43681.633710861206,0.542,0.647,0.521,0.492,1.0,0.691,0.339,neutral,neutral,0.438,0.299,True,hesitant,2251.45,54370.54,0.0,0.2003,1.0,0.429
43718.68681907654,0.539,0.643,0.528,0.497,1.0,0.666,0.34,neutral,neutral,0.448,0.265,True,hesitant,2251.45,54370.54,0.0,0.2003,1.0,0.429
43831.58493041992,0.539,0.641,0.528,0.499,1.0,0.672,0.356,neutral,neutral,0.448,0.265,True,hesitant,2251.45,54370.54,0.0,0.2003,1.0,0.429
43863.8277053833,0.54,0.644,0.528,0.499,1.0,0.671,0.341,neutral,neutral,0.448,0.265,True,hesitant,2251.45,54370.54,0.0,0.2003,1.0,0.429
43929.56256866455,0.542,0.653,0.529,0.497,1.0,0.67,0.291,neutral,neutral,0.452,0.269,True,hesitant,2251.45,54370.54,0.0,0.2003,1.0,0.429
44051.9802570343,0.545,0.658,0.529,0.498,1.0,0.674,0.269,neutral,neutral,0.452,0.269,True,hesitant,2251.45,54370.54,0.0,0.2003,1.0,0.429
44080.32250404358,0.546,0.66,0.529,0.499,1.0,0.677,0.26,neutral,neutral,0.452,0.269,True,hesitant,2251.45,54370.54,0.0,0.2003,1.0,0.429
44119.21739578247,0.548,0.662,0.527,0.502,1.0,0.676,0.253,neutral,neutral,0.445,0.262,True,hesitant,2251.45,54370.54,0.0,0.2003,1.0,0.429
44231.53376579285,0.548,0.662,0.527,0.504,1.0,0.683,0.255,neutral,neutral,0.445,0.262,True,hesitant,2251.45,54370.54,0.0,0.2003,1.0,0.429
44262.038707733154,0.549,0.664,0.527,0.505,1.0,0.686,0.248,neutral,neutral,0.445,0.262,True,hesitant,2251.45,54370.54,0.0,0.2003,1.0,0.429
44290.21978378296,0.548,0.666,0.534,0.507,1.0,0.688,0.239,neutral,neutral,0.465,0.258,True,hesitant,2251.45,54370.54,0.0,0.2003,1.0,0.429
44464.53595161438,0.547,0.662,0.534,0.508,1.0,0.693,0.265,neutral,neutral,0.465,0.258,True,hesitant,2251.45,54370.54,0.0,0.2003,1.0,0.429
44498.4610080719,0.549,0.666,0.534,0.51,1.0,0.699,0.252,neutral,neutral,0.465,0.258,True,hesitant,2251.45,54370.54,0.0,0.2003,1.0,0.429
44533.32567214966,0.529,0.649,0.582,0.517,1.0,0.709,0.256,neutral,disgust,0.461,0.25,True,hesitant,2130.83,252213.32,0.0,0.1972,1.0,0.356
44643.702268600464,0.529,0.65,0.582,0.517,1.0,0.708,0.247,neutral,disgust,0.461,0.25,True,hesitant,2130.83,252213.32,0.0,0.1972,1.0,0.356
44673.80690574646,0.529,0.649,0.582,0.517,1.0,0.708,0.254,neutral,disgust,0.461,0.25,True,hesitant,2130.83,252213.32,0.0,0.1972,1.0,0.356
44731.5719127655,0.525,0.649,0.584,0.509,1.0,0.706,0.25,neutral,neutral,0.473,0.267,True,hesitant,2130.83,252213.32,0.0,0.1972,1.0,0.356
44854.928731918335,0.525,0.648,0.584,0.508,1.0,0.704,0.253,neutral,neutral,0.473,0.267,True,hesitant,2130.83,252213.32,0.0,0.1972,1.0,0.356
44887.1009349823,0.527,0.652,0.584,0.512,1.0,0.716,0.244,neutral,neutral,0.473,0.267,True,hesitant,2130.83,252213.32,0.0,0.1972,1.0,0.356
44916.738748550415,0.53,0.645,0.55,0.488,1.0,0.714,0.28,neutral,neutral,0.403,0.325,True,hesitant,2130.83,252213.32,0.0,0.1972,1.0,0.356
45026.09205245972,0.525,0.638,0.55,0.482,1.0,0.694,0.296,neutral,neutral,0.403,0.325,True,hesitant,2130.83,252213.32,0.0,0.1972,1.0,0.356
45056.071519851685,0.526,0.643,0.55,0.478,1.0,0.682,0.259,neutral,neutral,0.403,0.325,True,hesitant,2130.83,252213.32,0.0,0.1972,1.0,0.356
45085.312604904175,0.525,0.645,0.58,0.508,1.0,0.674,0.241,neutral,neutral,0.452,0.244,True,hesitant,2130.83,252213.32,0.0,0.1972,1.0,0.356
45188.51065635681,0.524,0.644,0.58,0.506,1.0,0.669,0.246,neutral,neutral,0.452,0.244,True,hesitant,2130.83,252213.32,0.0,0.1972,1.0,0.356
45217.334508895874,0.528,0.647,0.58,0.515,1.0,0.7,0.255,neutral,neutral,0.452,0.244,True,hesitant,2130.83,252213.32,0.0,0.1972,1.0,0.356
45248.81958961487,0.533,0.657,0.578,0.519,1.0,0.719,0.227,neutral,neutral,0.449,0.249,True,hesitant,2130.83,252213.32,0.0,0.1972,1.0,0.356
45345.97086906433,0.533,0.654,0.578,0.521,1.0,0.726,0.248,neutral,neutral,0.449,0.249,True,hesitant,2130.83,252213.32,0.0,0.1972,1.0,0.356
45398.06652069092,0.529,0.649,0.578,0.513,1.0,0.701,0.248,neutral,neutral,0.449,0.249,True,hesitant,2130.83,252213.32,0.0,0.1972,1.0,0.356
45429.97455596924,0.528,0.648,0.572,0.506,1.0,0.689,0.242,neutral,neutral,0.434,0.258,True,hesitant,2130.83,252213.32,0.0,0.1972,1.0,0.356
45530.18927574158,0.525,0.643,0.572,0.502,1.0,0.676,0.252,neutral,neutral,0.434,0.258,True,hesitant,2130.83,252213.32,0.0,0.1972,1.0,0.356
45593.21165084839,0.524,0.641,0.572,0.501,1.0,0.67,0.256,neutral,neutral,0.434,0.258,True,hesitant,2130.83,252213.32,0.0,0.1972,1.0,0.356
45624.945402145386,0.525,0.64,0.547,0.475,1.0,0.665,0.257,neutral,neutral,0.392,0.318,True,hesitant,2130.83,252213.32,0.0,0.1972,1.0,0.356
45730.27205467224,0.518,0.63,0.547,0.464,1.0,0.627,0.274,neutral,neutral,0.392,0.318,True,hesitant,2130.83,252213.32,0.0,0.1972,1.0,0.356
45759.51170921326,0.517,0.631,0.547,0.458,1.0,0.607,0.246,neutral,neutral,0.392,0.318,True,hesitant,2130.83,252213.32,0.0,0.1972,1.0,0.356
45790.78507423401,0.521,0.635,0.543,0.463,1.0,0.623,0.24,neutral,neutral,0.379,0.315,True,hesitant,2130.83,252213.32,0.0,0.1972,1.0,0.356
45895.86901664734,0.519,0.632,0.543,0.46,1.0,0.613,0.25,neutral,neutral,0.379,0.315,True,hesitant,2130.83,252213.32,0.0,0.1972,1.0,0.356
45925.40454864502,0.518,0.63,0.543,0.459,1.0,0.61,0.254,neutral,neutral,0.379,0.315,True,hesitant,2130.83,252213.32,0.0,0.1972,1.0,0.356
45955.49535751343,0.515,0.633,0.601,0.513,1.0,0.613,0.251,neutral,fear,0.497,0.182,True,hesitant,2130.83,252213.32,0.0,0.1972,1.0,0.356
46054.03232574463,0.516,0.634,0.601,0.514,1.0,0.614,0.246,neutral,fear,0.497,0.182,True,hesitant,2130.83,252213.32,0.0,0.1972,1.0,0.356
46092.01884269714,0.512,0.629,0.601,0.508,1.0,0.594,0.255,neutral,fear,0.497,0.182,True,hesitant,2130.83,252213.32,0.0,0.1972,1.0,0.356
46136.01541519165,0.518,0.636,0.569,0.483,1.0,0.601,0.23,neutral,neutral,0.44,0.25,True,hesitant,1962.12,579346.87,0.0,0.1912,1.0,0.364
46299.17645454407,0.522,0.641,0.569,0.49,1.0,0.623,0.229,neutral,neutral,0.44,0.25,True,hesitant,1962.12,579346.87,0.0,0.1912,1.0,0.364
46339.33234214783,0.524,0.644,0.569,0.494,1.0,0.637,0.225,neutral,neutral,0.44,0.25,True,hesitant,1962.12,579346.87,0.0,0.1912,1.0,0.364
46369.83942985535,0.527,0.645,0.563,0.493,1.0,0.644,0.23,neutral,neutral,0.427,0.258,True,hesitant,1962.12,579346.87,0.0,0.1912,1.0,0.364
46480.24106025696,0.528,0.648,0.563,0.495,1.0,0.651,0.217,neutral,neutral,0.427,0.258,True,hesitant,1962.12,579346.87,0.0,0.1912,1.0,0.364
46508.031368255615,0.53,0.65,0.563,0.497,1.0,0.658,0.216,neutral,neutral,0.427,0.258,True,hesitant,1962.12,579346.87,0.0,0.1912,1.0,0.364
46537.47630119324,0.528,0.648,0.554,0.483,1.0,0.647,0.215,neutral,neutral,0.412,0.285,True,hesitant,1962.12,579346.87,0.0,0.1912,1.0,0.364
46681.51569366455,0.525,0.64,0.554,0.484,1.0,0.65,0.259,neutral,neutral,0.412,0.285,True,hesitant,1962.12,579346.87,0.0,0.1912,1.0,0.364
46712.04614639282,0.526,0.64,0.554,0.485,1.0,0.654,0.264,neutral,neutral,0.412,0.285,True,hesitant,1962.12,579346.87,0.0,0.1912,1.0,0.364
46744.97628211975,0.521,0.628,0.566,0.499,1.0,0.629,0.305,neutral,neutral,0.424,0.23,True,hesitant,1962.12,579346.87,0.0,0.1912,1.0,0.364
46859.72619056702,0.519,0.625,0.566,0.495,1.0,0.614,0.306,neutral,neutral,0.424,0.23,True,hesitant,1962.12,579346.87,0.0,0.1912,1.0,0.364
46893.760442733765,0.515,0.612,0.566,0.496,1.0,0.616,0.374,neutral,neutral,0.424,0.23,True,hesitant,1962.12,579346.87,0.0,0.1912,1.0,0.364
46931.13303184509,0.511,0.608,0.562,0.482,1.0,0.608,0.383,neutral,neutral,0.424,0.257,True,hesitant,1962.12,579346.87,0.0,0.1912,1.0,0.364
47059.45682525635,0.51,0.606,0.562,0.483,1.0,0.612,0.397,neutral,neutral,0.424,0.257,True,hesitant,1962.12,579346.87,0.0,0.1912,1.0,0.364
47089.36595916748,0.511,0.606,0.562,0.484,1.0,0.615,0.404,neutral,neutral,0.424,0.257,True,hesitant,1962.12,579346.87,0.0,0.1912,1.0,0.364
47121.96469306946,0.51,0.603,0.582,0.509,1.0,0.629,0.434,neutral,disgust,0.463,0.204,True,hesitant,1962.12,579346.87,0.0,0.1912,1.0,0.364
47268.235206604004,0.509,0.593,0.582,0.518,1.0,0.658,0.516,neutral,disgust,0.463,0.204,True,hesitant,1962.12,579346.87,0.0,0.1912,1.0,0.364
47300.97723007202,0.511,0.596,0.582,0.52,1.0,0.665,0.508,neutral,disgust,0.463,0.204,True,hesitant,1962.12,579346.87,0.0,0.1912,1.0,0.364
47331.43186569214,0.507,0.595,0.589,0.518,1.0,0.67,0.516,neutral,disgust,0.489,0.214,True,hesitant,1962.12,579346.87,0.0,0.1912,1.0,0.364
47453.45735549927,0.508,0.595,0.589,0.519,1.0,0.674,0.522,neutral,disgust,0.489,0.214,True,hesitant,1962.12,579346.87,0.0,0.1912,1.0,0.364
47481.642961502075,0.507,0.593,0.589,0.518,1.0,0.67,0.529,neutral,disgust,0.489,0.214,True,hesitant,1962.12,579346.87,0.0,0.1912,1.0,0.364
47522.205114364624,0.506,0.592,0.589,0.515,1.0,0.67,0.529,neutral,disgust,0.491,0.22,True,hesitant,1962.12,579346.87,0.0,0.1912,1.0,0.364
47639.24789428711,0.509,0.598,0.589,0.52,1.0,0.687,0.516,neutral,disgust,0.491,0.22,True,hesitant,1962.12,579346.87,0.0,0.1912,1.0,0.364
47670.32599449158,0.504,0.589,0.589,0.513,1.0,0.663,0.539,neutral,disgust,0.491,0.22,True,hesitant,1962.12,579346.87,0.0,0.1912,1.0,0.364
47731.38761520386,0.498,0.585,0.615,0.529,1.0,0.648,0.552,neutral,disgust,0.563,0.168,True,hesitant,1962.12,579346.87,0.0,0.1912,1.0,0.364
47883.86607170105,0.501,0.596,0.615,0.527,1.0,0.639,0.487,neutral,disgust,0.563,0.168,True,hesitant,1962.12,579346.87,0.0,0.1912,1.0,0.364
47918.31707954407,0.5,0.594,0.615,0.524,1.0,0.63,0.487,neutral,disgust,0.563,0.168,True,hesitant,1962.12,579346.87,0.0,0.1912,1.0,0.364
47951.14207267761,0.473,0.544,0.621,0.499,1.0,0.613,0.475,neutral,neutral,0.45,0.218,True,hesitant,1088.83,1134287.77,0.0001,0.1591,1.0,0.335
48101.57012939453,0.465,0.533,0.621,0.485,1.0,0.568,0.494,neutral,neutral,0.45,0.218,True,hesitant,1088.83,1134287.77,0.0001,0.1591,1.0,0.335
48130.06496429443,0.465,0.536,0.621,0.482,1.0,0.556,0.467,neutral,neutral,0.45,0.218,True,hesitant,1088.83,1134287.77,0.0001,0.1591,1.0,0.335
48159.52444076538,0.469,0.549,0.624,0.483,1.0,0.559,0.39,neutral,disgust,0.466,0.218,True,hesitant,1088.83,1134287.77,0.0001,0.1591,1.0,0.335
48285.27879714966,0.468,0.55,0.624,0.481,1.0,0.552,0.378,neutral,disgust,0.466,0.218,True,hesitant,1088.83,1134287.77,0.0001,0.1591,1.0,0.335
48311.93995475769,0.467,0.549,0.624,0.477,1.0,0.541,0.372,neutral,disgust,0.466,0.218,True,hesitant,1088.83,1134287.77,0.0001,0.1591,1.0,0.335
48340.58928489685,0.47,0.549,0.621,0.483,1.0,0.567,0.396,neutral,neutral,0.452,0.223,True,hesitant,1088.83,1134287.77,0.0001,0.1591,1.0,0.335
48456.93302154541,0.471,0.552,0.621,0.484,1.0,0.572,0.381,neutral,neutral,0.452,0.223,True,hesitant,1088.83,1134287.77,0.0001,0.1591,1.0,0.335
48491.71948432922,0.473,0.558,0.621,0.484,1.0,0.572,0.345,neutral,neutral,0.452,0.223,True,hesitant,1088.83,1134287.77,0.0001,0.1591,1.0,0.335
48527.56428718567,0.471,0.555,0.625,0.486,1.0,0.574,0.37,neutral,neutral,0.47,0.22,True,hesitant,1088.83,1134287.77,0.0001,0.1591,1.0,0.335
48664.045333862305,0.472,0.558,0.625,0.485,1.0,0.569,0.343,neutral,neutral,0.47,0.22,True,hesitant,1088.83,1134287.77,0.0001,0.1591,1.0,0.335
48692.00038909912,0.473,0.561,0.625,0.485,1.0,0.569,0.326,neutral,neutral,0.47,0.22,True,hesitant,1088.83,1134287.77,0.0001,0.1591,1.0,0.335
48724.4348526001,0.474,0.56,0.639,0.507,1.0,0.574,0.342,neutral,disgust,0.521,0.168,True,hesitant,1088.83,1134287.77,0.0001,0.1591,1.0,0.335
48850.10623931885,0.475,0.562,0.639,0.508,1.0,0.578,0.331,neutral,disgust,0.521,0.168,True,hesitant,1088.83,1134287.77,0.0001,0.1591,1.0,0.335
48880.24997711182,0.477,0.563,0.639,0.511,1.0,0.585,0.335,neutral,disgust,0.521,0.168,True,hesitant,1088.83,1134287.77,0.0001,0.1591,1.0,0.335
48930.323362350464,0.476,0.562,0.619,0.486,1.0,0.596,0.345,neutral,neutral,0.453,0.236,True,hesitant,1088.83,1134287.77,0.0001,0.1591,1.0,0.335
49059.83352661133,0.476,0.563,0.619,0.486,1.0,0.596,0.344,neutral,neutral,0.453,0.236,True,hesitant,1088.83,1134287.77,0.0001,0.1591,1.0,0.335
49088.75632286072,0.476,0.563,0.619,0.486,1.0,0.594,0.341,neutral,neutral,0.453,0.236,True,hesitant,1088.83,1134287.77,0.0001,0.1591,1.0,0.335
49122.007608413696,0.478,0.564,0.625,0.498,1.0,0.6,0.338,neutral,neutral,0.465,0.21,True,hesitant,1088.83,1134287.77,0.0001,0.1591,1.0,0.335
49237.48230934143,0.479,0.566,0.625,0.499,1.0,0.604,0.33,neutral,neutral,0.465,0.21,True,hesitant,1088.83,1134287.77,0.0001,0.1591,1.0,0.335
49267.72117614746,0.473,0.557,0.625,0.488,1.0,0.566,0.347,neutral,neutral,0.465,0.21,True,hesitant,1088.83,1134287.77,0.0001,0.1591,1.0,0.335
49328.763246536255,0.47,0.555,0.63,0.488,1.0,0.583,0.377,neutral,disgust,0.496,0.225,True,hesitant,1088.83,1134287.77,0.0001,0.1591,1.0,0.335
49446.3427066803,0.472,0.558,0.63,0.491,1.0,0.595,0.373,neutral,disgust,0.496,0.225,True,hesitant,1088.83,1134287.77,0.0001,0.1591,1.0,0.335
49474.20310974121,0.471,0.551,0.63,0.497,1.0,0.615,0.433,neutral,disgust,0.496,0.225,True,hesitant,1088.83,1134287.77,0.0001,0.1591,1.0,0.335
49518.88060569763,0.468,0.548,0.605,0.459,1.0,0.623,0.473,neutral,neutral,0.438,0.327,True,hesitant,1088.83,1134287.77,0.0001,0.1591,1.0,0.335
49695.94478607178,0.459,0.53,0.605,0.45,1.0,0.592,0.556,neutral,neutral,0.438,0.327,True,hesitant,1088.83,1134287.77,0.0001,0.1591,1.0,0.335
49731.79578781128,0.458,0.53,0.605,0.447,1.0,0.583,0.547,neutral,neutral,0.438,0.327,True,hesitant,1088.83,1134287.77,0.0001,0.1591,1.0,0.335
49765.005111694336,0.472,0.544,0.653,0.533,1.0,0.61,0.559,neutral,disgust,0.617,0.129,True,hesitant,1116.51,1145946.46,0.0,0.1566,1.0,0.339
49893.903970718384,0.477,0.549,0.653,0.546,1.0,0.652,0.576,neutral,disgust,0.617,0.129,True,hesitant,1116.51,1145946.46,0.0,0.1566,1.0,0.339
49920.93896865845,0.483,0.56,0.653,0.553,1.0,0.674,0.538,neutral,disgust,0.617,0.129,True,hesitant,1116.51,1145946.46,0.0,0.1566,1.0,0.339
49949.59878921509,0.486,0.559,0.608,0.511,1.0,0.682,0.543,neutral,neutral,0.446,0.237,True,hesitant,1116.51,1145946.46,0.0,0.1566,1.0,0.339
50070.130586624146,0.488,0.558,0.608,0.517,1.0,0.702,0.568,neutral,neutral,0.446,0.237,True,hesitant,1116.51,1145946.46,0.0,0.1566,1.0,0.339
50098.23679924011,0.488,0.558,0.608,0.519,1.0,0.708,0.575,neutral,neutral,0.446,0.237,True,hesitant,1116.51,1145946.46,0.0,0.1566,1.0,0.339
50130.13434410095,0.483,0.553,0.625,0.526,1.0,0.71,0.607,neutral,disgust,0.513,0.223,True,hesitant,1116.51,1145946.46,0.0,0.1566,1.0,0.339
50251.402616500854,0.485,0.559,0.625,0.526,1.0,0.71,0.569,neutral,disgust,0.513,0.223,True,hesitant,1116.51,1145946.46,0.0,0.1566,1.0,0.339
50280.067920684814,0.485,0.563,0.625,0.522,1.0,0.696,0.537,neutral,disgust,0.513,0.223,True,hesitant,1116.51,1145946.46,0.0,0.1566,1.0,0.339
50338.51504325867,0.488,0.562,0.623,0.531,1.0,0.688,0.534,neutral,disgust,0.49,0.193,True,hesitant,1116.51,1145946.46,0.0,0.1566,1.0,0.339
50484.5175743103,0.492,0.574,0.623,0.532,1.0,0.69,0.465,neutral,disgust,0.49,0.193,True,hesitant,1116.51,1145946.46,0.0,0.1566,1.0,0.339
50514.48178291321,0.497,0.588,0.623,0.532,1.0,0.692,0.39,neutral,disgust,0.49,0.193,True,hesitant,1116.51,1145946.46,0.0,0.1566,1.0,0.339
50546.64492607117,0.497,0.593,0.61,0.511,1.0,0.682,0.347,neutral,neutral,0.455,0.238,True,hesitant,1116.51,1145946.46,0.0,0.1566,1.0,0.339
50684.78989601135,0.496,0.589,0.61,0.511,1.0,0.681,0.368,neutral,neutral,0.455,0.238,True,hesitant,1116.51,1145946.46,0.0,0.1566,1.0,0.339
50713.45329284668,0.496,0.589,0.61,0.511,1.0,0.68,0.365,neutral,neutral,0.455,0.238,True,hesitant,1116.51,1145946.46,0.0,0.1566,1.0,0.339
50752.40063667297,0.498,0.591,0.622,0.529,1.0,0.675,0.351,neutral,disgust,0.485,0.188,True,hesitant,1116.51,1145946.46,0.0,0.1566,1.0,0.339
50891.64209365845,0.494,0.58,0.622,0.528,1.0,0.672,0.414,neutral,disgust,0.485,0.188,True,hesitant,1116.51,1145946.46,0.0,0.1566,1.0,0.339
50921.91410064697,0.494,0.58,0.622,0.528,1.0,0.671,0.416,neutral,disgust,0.485,0.188,True,hesitant,1116.51,1145946.46,0.0,0.1566,1.0,0.339
50951.889753341675,0.49,0.581,0.621,0.515,1.0,0.659,0.395,neutral,disgust,0.489,0.209,True,hesitant,1116.51,1145946.46,0.0,0.1566,1.0,0.339
51084.070682525635,0.492,0.573,0.621,0.531,1.0,0.711,0.489,neutral,disgust,0.489,0.209,True,hesitant,1116.51,1145946.46,0.0,0.1566,1.0,0.339
51111.97352409363,0.498,0.58,0.621,0.54,1.0,0.741,0.48,neutral,disgust,0.489,0.209,True,hesitant,1116.51,1145946.46,0.0,0.1566,1.0,0.339
51142.37666130066,0.499,0.58,0.623,0.547,1.0,0.745,0.486,neutral,disgust,0.493,0.194,True,hesitant,1116.51,1145946.46,0.0,0.1566,1.0,0.339
51262.28928565979,0.499,0.581,0.623,0.547,1.0,0.745,0.477,neutral,disgust,0.493,0.194,True,hesitant,1116.51,1145946.46,0.0,0.1566,1.0,0.339
59246.22392654419,0.494,0.602,0.57,0.443,1.0,0.51,0.29,neutral,neutral,0.414,0.279,True,hesitant,2088.71,354808.88,0.0,0.198,1.0,0.342
59371.2899684906,0.485,0.582,0.57,0.435,1.0,0.481,0.364,neutral,neutral,0.414,0.279,True,hesitant,2088.71,354808.88,0.0,0.198,1.0,0.342
59410.75944900513,0.485,0.584,0.57,0.435,1.0,0.483,0.357,neutral,neutral,0.414,0.279,True,hesitant,2088.71,354808.88,0.0,0.198,1.0,0.342
59438.034772872925,0.483,0.585,0.585,0.444,1.0,0.485,0.351,neutral,neutral,0.448,0.258,True,hesitant,2088.71,354808.88,0.0,0.198,1.0,0.342
59555.21082878113,0.483,0.585,0.585,0.443,1.0,0.482,0.347,neutral,neutral,0.448,0.258,True,hesitant,2088.71,354808.88,0.0,0.198,1.0,0.342
59584.887981414795,0.485,0.579,0.585,0.456,1.0,0.524,0.424,neutral,neutral,0.448,0.258,True,hesitant,2088.71,354808.88,0.0,0.198,1.0,0.342
59618.45350265503,0.477,0.565,0.588,0.45,1.0,0.501,0.471,neutral,neutral,0.454,0.255,True,hesitant,2088.71,354808.88,0.0,0.198,1.0,0.342
59736.59086227417,0.474,0.561,0.588,0.445,1.0,0.483,0.473,neutral,neutral,0.454,0.255,True,hesitant,2088.71,354808.88,0.0,0.198,1.0,0.342
59768.30506324768,0.47,0.559,0.588,0.435,1.0,0.45,0.452,neutral,neutral,0.454,0.255,True,hesitant,2088.71,354808.88,0.0,0.198,1.0,0.342
59798.17748069763,0.468,0.557,0.599,0.443,1.0,0.433,0.445,neutral,fear,0.475,0.223,True,hesitant,2088.71,354808.88,0.0,0.198,1.0,0.342
59921.342611312866,0.47,0.565,0.599,0.441,1.0,0.428,0.4,neutral,fear,0.475,0.223,True,hesitant,2088.71,354808.88,0.0,0.198,1.0,0.342
59951.984882354736,0.47,0.561,0.599,0.443,1.0,0.433,0.425,neutral,fear,0.475,0.223,True,hesitant,2088.71,354808.88,0.0,0.198,1.0,0.342
59978.99150848389,0.471,0.563,0.598,0.443,1.0,0.436,0.415,neutral,neutral,0.471,0.224,True,hesitant,2088.71,354808.88,0.0,0.198,1.0,0.342
60105.25703430176,0.473,0.565,0.598,0.449,1.0,0.456,0.43,neutral,neutral,0.471,0.224,True,hesitant,2088.71,354808.88,0.0,0.198,1.0,0.342
60136.55352592468,0.479,0.576,0.598,0.457,1.0,0.48,0.395,neutral,neutral,0.471,0.224,True,hesitant,2088.71,354808.88,0.0,0.198,1.0,0.342
60168.89524459839,0.488,0.591,0.575,0.441,1.0,0.494,0.326,neutral,neutral,0.425,0.273,True,hesitant,2088.71,354808.88,0.0,0.198,1.0,0.342
60288.575649261475,0.486,0.588,0.575,0.437,1.0,0.482,0.335,neutral,neutral,0.425,0.273,True,hesitant,2088.71,354808.88,0.0,0.198,1.0,0.342
60317.378282547,0.483,0.584,0.575,0.434,1.0,0.47,0.344,neutral,neutral,0.425,0.273,True,hesitant,2088.71,354808.88,0.0,0.198,1.0,0.342
60371.21629714966,0.458,0.553,0.61,0.425,1.0,0.464,0.345,neutral,neutral,0.4,0.293,True,hesitant,1794.56,759956.18,0.0,0.1818,1.0,0.297
60540.719509124756,0.463,0.567,0.61,0.428,1.0,0.477,0.278,neutral,neutral,0.4,0.293,True,hesitant,1794.56,759956.18,0.0,0.1818,1.0,0.297
60573.19450378418,0.469,0.579,0.61,0.433,1.0,0.492,0.226,neutral,neutral,0.4,0.293,True,hesitant,1794.56,759956.18,0.0,0.1818,1.0,0.297
60603.40404510498,0.47,0.584,0.624,0.446,1.0,0.501,0.205,neutral,neutral,0.431,0.266,True,hesitant,1794.56,759956.18,0.0,0.1818,1.0,0.297
60732.455015182495,0.462,0.57,0.624,0.438,1.0,0.475,0.256,neutral,neutral,0.431,0.266,True,hesitant,1794.56,759956.18,0.0,0.1818,1.0,0.297
60760.873317718506,0.463,0.57,0.624,0.439,1.0,0.48,0.259,neutral,neutral,0.431,0.266,True,hesitant,1794.56,759956.18,0.0,0.1818,1.0,0.297
60822.92938232422,0.462,0.571,0.637,0.45,1.0,0.476,0.251,neutral,neutral,0.462,0.237,True,hesitant,1794.56,759956.18,0.0,0.1818,1.0,0.297
60945.88899612427,0.459,0.569,0.637,0.442,1.0,0.45,0.237,neutral,neutral,0.462,0.237,True,hesitant,1794.56,759956.18,0.0,0.1818,1.0,0.297
61026.554346084595,0.457,0.564,0.637,0.441,1.0,0.444,0.259,neutral,neutral,0.462,0.237,True,hesitant,1794.56,759956.18,0.0,0.1818,1.0,0.297
61055.00411987305,0.457,0.566,0.629,0.43,1.0,0.44,0.245,neutral,neutral,0.444,0.259,True,hesitant,1794.56,759956.18,0.0,0.1818,1.0,0.297
61170.41873931885,0.46,0.57,0.629,0.435,1.0,0.456,0.24,neutral,neutral,0.444,0.259,True,hesitant,1794.56,759956.18,0.0,0.1818,1.0,0.297
61197.763442993164,0.461,0.572,0.629,0.438,1.0,0.466,0.237,neutral,neutral,0.444,0.259,True,hesitant,1794.56,759956.18,0.0,0.1818,1.0,0.297
61225.94857215881,0.459,0.567,0.644,0.454,1.0,0.457,0.254,neutral,fear,0.474,0.214,True,hesitant,1794.56,759956.18,0.0,0.1818,1.0,0.297
61351.29928588867,0.457,0.562,0.644,0.451,1.0,0.449,0.274,neutral,fear,0.474,0.214,True,hesitant,1794.56,759956.18,0.0,0.1818,1.0,0.297
61378.88693809509,0.458,0.564,0.644,0.452,1.0,0.452,0.268,neutral,fear,0.474,0.214,True,hesitant,1794.56,759956.18,0.0,0.1818,1.0,0.297
61422.34015464783,0.457,0.561,0.649,0.459,1.0,0.442,0.273,neutral,fear,0.483,0.19,True,hesitant,1794.56,759956.18,0.0,0.1818,1.0,0.297
61549.31020736694,0.456,0.559,0.649,0.457,1.0,0.436,0.281,neutral,fear,0.483,0.19,True,hesitant,1794.56,759956.18,0.0,0.1818,1.0,0.297
61575.05011558533,0.454,0.557,0.649,0.455,1.0,0.429,0.286,neutral,fear,0.483,0.19,True,hesitant,1794.56,759956.18,0.0,0.1818,1.0,0.297
61615.50235748291,0.457,0.566,0.637,0.441,1.0,0.435,0.238,neutral,neutral,0.455,0.228,True,hesitant,1794.56,759956.18,0.0,0.1818,1.0,0.297
61738.916873931885,0.459,0.568,0.637,0.444,1.0,0.444,0.237,neutral,neutral,0.455,0.228,True,hesitant,1794.56,759956.18,0.0,0.1818,1.0,0.297
61772.0410823822,0.462,0.568,0.637,0.455,1.0,0.48,0.272,neutral,neutral,0.455,0.228,True,hesitant,1794.56,759956.18,0.0,0.1818,1.0,0.297
61822.319746017456,0.461,0.566,0.653,0.473,1.0,0.487,0.295,neutral,fear,0.499,0.187,True,hesitant,1794.56,759956.18,0.0,0.1818,1.0,0.297
61944.868326187134,0.462,0.565,0.653,0.475,1.0,0.491,0.3,neutral,fear,0.499,0.187,True,hesitant,1794.56,759956.18,0.0,0.1818,1.0,0.297
61975.99458694458,0.461,0.564,0.653,0.473,1.0,0.484,0.3,neutral,fear,0.499,0.187,True,hesitant,1794.56,759956.18,0.0,0.1818,1.0,0.297
62018.92852783203,0.46,0.559,0.635,0.456,1.0,0.494,0.336,neutral,neutral,0.454,0.236,True,hesitant,1794.56,759956.18,0.0,0.1818,1.0,0.297
62212.066411972046,0.459,0.555,0.635,0.457,1.0,0.498,0.361,neutral,neutral,0.454,0.236,True,hesitant,1794.56,759956.18,0.0,0.1818,1.0,0.297
62248.15917015076,0.46,0.557,0.635,0.456,1.0,0.495,0.35,neutral,neutral,0.454,0.236,True,hesitant,1794.56,759956.18,0.0,0.1818,1.0,0.297
62280.17520904541,0.471,0.575,0.621,0.457,1.0,0.494,0.331,neutral,neutral,0.452,0.235,True,hesitant,1753.97,794499.4,0.0001,0.1783,1.0,0.303
62406.376361846924,0.471,0.574,0.621,0.457,1.0,0.495,0.342,neutral,neutral,0.452,0.235,True,hesitant,1753.97,794499.4,0.0001,0.1783,1.0,0.303
62435.54210662842,0.468,0.57,0.621,0.454,1.0,0.487,0.352,neutral,neutral,0.452,0.235,True,hesitant,1753.97,794499.4,0.0001,0.1783,1.0,0.303
62463.571071624756,0.462,0.557,0.621,0.448,1.0,0.454,0.388,neutral,neutral,0.449,0.226,True,hesitant,1753.97,794499.4,0.0001,0.1783,1.0,0.303
62586.13348007202,0.461,0.556,0.621,0.447,1.0,0.451,0.391,neutral,neutral,0.449,0.226,True,hesitant,1753.97,794499.4,0.0001,0.1783,1.0,0.303
62614.96686935425,0.46,0.555,0.621,0.443,1.0,0.435,0.383,neutral,neutral,0.449,0.226,True,hesitant,1753.97,794499.4,0.0001,0.1783,1.0,0.303
62646.8288898468,0.455,0.551,0.635,0.448,1.0,0.431,0.395,neutral,fear,0.486,0.209,True,hesitant,1753.97,794499.4,0.0001,0.1783,1.0,0.303
62766.69383049011,0.451,0.546,0.635,0.442,1.0,0.411,0.401,neutral,fear,0.486,0.209,True,hesitant,1753.97,794499.4,0.0001,0.1783,1.0,0.303
62795.01271247864,0.452,0.551,0.635,0.439,1.0,0.403,0.369,neutral,fear,0.486,0.209,True,hesitant,1753.97,794499.4,0.0001,0.1783,1.0,0.303
62824.40662384033,0.454,0.556,0.631,0.435,1.0,0.406,0.347,neutral,neutral,0.478,0.223,True,hesitant,1753.97,794499.4,0.0001,0.1783,1.0,0.303
62942.41905212402,0.455,0.557,0.631,0.436,1.0,0.409,0.345,neutral,neutral,0.478,0.223,True,hesitant,1753.97,794499.4,0.0001,0.1783,1.0,0.303
62972.787380218506,0.453,0.555,0.631,0.433,1.0,0.4,0.347,neutral,neutral,0.478,0.223,True,hesitant,1753.97,794499.4,0.0001,0.1783,1.0,0.303
63029.08372879028,0.461,0.561,0.606,0.421,1.0,0.42,0.335,neutral,neutral,0.424,0.269,True,hesitant,1753.97,794499.4,0.0001,0.1783,1.0,0.303
63175.53520202637,0.459,0.559,0.606,0.418,1.0,0.409,0.334,neutral,neutral,0.424,0.269,True,hesitant,1753.97,794499.4,0.0001,0.1783,1.0,0.303
63205.705642700195,0.458,0.559,0.606,0.416,1.0,0.401,0.329,neutral,neutral,0.424,0.269,True,hesitant,1753.97,794499.4,0.0001,0.1783,1.0,0.303
63237.070083618164,0.458,0.561,0.628,0.437,1.0,0.415,0.328,neutral,neutral,0.468,0.224,True,hesitant,1753.97,794499.4,0.0001,0.1783,1.0,0.303
63355.0968170166,0.461,0.567,0.628,0.44,1.0,0.425,0.304,neutral,neutral,0.468,0.224,True,hesitant,1753.97,794499.4,0.0001,0.1783,1.0,0.303
63387.39991188049,0.466,0.576,0.628,0.446,1.0,0.443,0.275,neutral,neutral,0.468,0.224,True,hesitant,1753.97,794499.4,0.0001,0.1783,1.0,0.303
63425.39358139038,0.47,0.576,0.598,0.425,1.0,0.442,0.274,neutral,neutral,0.405,0.277,True,hesitant,1753.97,794499.4,0.0001,0.1783,1.0,0.303
63546.11659049988,0.471,0.577,0.598,0.428,1.0,0.453,0.279,neutral,neutral,0.405,0.277,True,hesitant,1753.97,794499.4,0.0001,0.1783,1.0,0.303
63575.85072517395,0.472,0.578,0.598,0.429,1.0,0.455,0.279,neutral,neutral,0.405,0.277,True,hesitant,1753.97,794499.4,0.0001,0.1783,1.0,0.303
63617.549657821655,0.471,0.587,0.625,0.449,1.0,0.469,0.245,neutral,neutral,0.467,0.236,True,hesitant,1753.97,794499.4,0.0001,0.1783,1.0,0.303
63730.196475982666,0.473,0.59,0.625,0.452,1.0,0.479,0.236,neutral,neutral,0.467,0.236,True,hesitant,1753.97,794499.4,0.0001,0.1783,1.0,0.303
63759.22632217407,0.474,0.589,0.625,0.454,1.0,0.485,0.247,neutral,neutral,0.467,0.236,True,hesitant,1753.97,794499.4,0.0001,0.1783,1.0,0.303
63787.397623062134,0.477,0.589,0.609,0.448,1.0,0.492,0.255,neutral,neutral,0.426,0.256,True,hesitant,1753.97,794499.4,0.0001,0.1783,1.0,0.303
63969.12693977356,0.477,0.588,0.609,0.449,1.0,0.496,0.265,neutral,neutral,0.426,0.256,True,hesitant,1753.97,794499.4,0.0001,0.1783,1.0,0.303
64002.74872779846,0.476,0.587,0.609,0.446,1.0,0.487,0.263,neutral,neutral,0.426,0.256,True,hesitant,1753.97,794499.4,0.0001,0.1783,1.0,0.303
64038.31887245178,0.48,0.609,0.656,0.488,1.0,0.528,0.259,neutral,disgust,0.563,0.182,True,hesitant,2048.25,413119.15,0.0,0.1933,1.0,0.301
64158.94269943237,0.482,0.612,0.656,0.493,1.0,0.545,0.259,neutral,disgust,0.563,0.182,True,hesitant,2048.25,413119.15,0.0,0.1933,1.0,0.301
64187.246561050415,0.486,0.615,0.656,0.5,1.0,0.568,0.265,neutral,disgust,0.563,0.182,True,hesitant,2048.25,413119.15,0.0,0.1933,1.0,0.301
64226.19295120239,0.486,0.611,0.656,0.506,1.0,0.576,0.294,neutral,disgust,0.558,0.173,True,hesitant,2048.25,413119.15,0.0,0.1933,1.0,0.301
64378.49140167236,0.484,0.608,0.656,0.504,1.0,0.57,0.304,neutral,disgust,0.558,0.173,True,hesitant,2048.25,413119.15,0.0,0.1933,1.0,0.301
64408.634185791016,0.483,0.607,0.656,0.502,1.0,0.564,0.302,neutral,disgust,0.558,0.173,True,hesitant,2048.25,413119.15,0.0,0.1933,1.0,0.301
64440.97065925598,0.486,0.596,0.633,0.496,1.0,0.578,0.366,neutral,fear,0.496,0.2,True,hesitant,2048.25,413119.15,0.0,0.1933,1.0,0.301
64576.574087142944,0.486,0.595,0.633,0.498,1.0,0.585,0.379,neutral,fear,0.496,0.2,True,hesitant,2048.25,413119.15,0.0,0.1933,1.0,0.301
64603.490114212036,0.486,0.595,0.633,0.499,1.0,0.588,0.381,neutral,fear,0.496,0.2,True,hesitant,2048.25,413119.15,0.0,0.1933,1.0,0.301
64637.23373413086,0.49,0.599,0.631,0.504,1.0,0.61,0.387,neutral,fear,0.491,0.204,True,hesitant,2048.25,413119.15,0.0,0.1933,1.0,0.301
64772.223711013794,0.49,0.599,0.631,0.504,1.0,0.61,0.385,neutral,fear,0.491,0.204,True,hesitant,2048.25,413119.15,0.0,0.1933,1.0,0.301
64798.38037490845,0.49,0.6,0.631,0.504,1.0,0.61,0.38,neutral,fear,0.491,0.204,True,hesitant,2048.25,413119.15,0.0,0.1933,1.0,0.301
64833.53281021118,0.494,0.612,0.641,0.514,1.0,0.621,0.33,neutral,fear,0.516,0.185,True,hesitant,2048.25,413119.15,0.0,0.1933,1.0,0.301
64937.98828125,0.496,0.616,0.641,0.516,1.0,0.628,0.316,neutral,fear,0.516,0.185,True,hesitant,2048.25,413119.15,0.0,0.1933,1.0,0.301
64967.0205116272,0.498,0.619,0.641,0.518,1.0,0.632,0.308,neutral,fear,0.516,0.185,True,hesitant,2048.25,413119.15,0.0,0.1933,1.0,0.301
65023.701190948486,0.492,0.608,0.624,0.491,1.0,0.605,0.331,neutral,disgust,0.483,0.232,True,hesitant,2048.25,413119.15,0.0,0.1933,1.0,0.301
65122.347593307495,0.49,0.607,0.624,0.487,1.0,0.591,0.324,neutral,disgust,0.483,0.232,True,hesitant,2048.25,413119.15,0.0,0.1933,1.0,0.301
65148.49662780762,0.491,0.611,0.624,0.486,1.0,0.587,0.3,neutral,disgust,0.483,0.232,True,hesitant,2048.25,413119.15,0.0,0.1933,1.0,0.301
65175.336599349976,0.489,0.614,0.648,0.502,1.0,0.584,0.288,neutral,disgust,0.54,0.19,True,hesitant,2048.25,413119.15,0.0,0.1933,1.0,0.301
65274.49011802673,0.49,0.616,0.648,0.505,1.0,0.594,0.289,neutral,disgust,0.54,0.19,True,hesitant,2048.25,413119.15,0.0,0.1933,1.0,0.301
65301.38063430786,0.493,0.622,0.648,0.506,1.0,0.599,0.259,neutral,disgust,0.54,0.19,True,hesitant,2048.25,413119.15,0.0,0.1933,1.0,0.301
65327.53562927246,0.497,0.628,0.648,0.515,1.0,0.605,0.243,neutral,disgust,0.534,0.173,True,hesitant,2048.25,413119.15,0.0,0.1933,1.0,0.301
65421.34928703308,0.496,0.625,0.648,0.513,1.0,0.6,0.246,neutral,disgust,0.534,0.173,True,hesitant,2048.25,413119.15,0.0,0.1933,1.0,0.301
65445.504665374756,0.496,0.625,0.648,0.512,1.0,0.596,0.245,neutral,disgust,0.534,0.173,True,hesitant,2048.25,413119.15,0.0,0.1933,1.0,0.301
65471.24934196472,0.491,0.614,0.62,0.478,1.0,0.584,0.279,neutral,disgust,0.479,0.249,True,hesitant,2048.25,413119.15,0.0,0.1933,1.0,0.301
65566.1108493805,0.491,0.614,0.62,0.478,1.0,0.583,0.278,neutral,disgust,0.479,0.249,True,hesitant,2048.25,413119.15,0.0,0.1933,1.0,0.301
65591.94087982178,0.492,0.608,0.62,0.486,1.0,0.609,0.338,neutral,disgust,0.479,0.249,True,hesitant,2048.25,413119.15,0.0,0.1933,1.0,0.301
65631.97779655457,0.495,0.606,0.618,0.497,1.0,0.612,0.351,neutral,neutral,0.459,0.221,True,hesitant,2048.25,413119.15,0.0,0.1933,1.0,0.301
65771.1751461029,0.474,0.569,0.64,0.495,1.0,0.604,0.362,neutral,neutral,0.459,0.221,True,hesitant,1696.45,918426.87,0.0,0.1802,1.0,0.3
65801.81670188904,0.474,0.572,0.64,0.494,1.0,0.599,0.34,neutral,neutral,0.459,0.221,True,hesitant,1696.45,918426.87,0.0,0.1802,1.0,0.3
65828.78398895264,0.472,0.571,0.647,0.495,1.0,0.589,0.334,neutral,disgust,0.482,0.21,True,hesitant,1696.45,918426.87,0.0,0.1802,1.0,0.3
65933.4602355957,0.472,0.572,0.647,0.493,1.0,0.583,0.325,neutral,disgust,0.482,0.21,True,hesitant,1696.45,918426.87,0.0,0.1802,1.0,0.3
65959.18107032776,0.473,0.574,0.647,0.494,1.0,0.586,0.316,neutral,disgust,0.482,0.21,True,hesitant,1696.45,918426.87,0.0,0.1802,1.0,0.3
65986.15741729736,0.472,0.576,0.653,0.496,1.0,0.587,0.308,neutral,disgust,0.504,0.206,True,hesitant,1696.45,918426.87,0.0,0.1802,1.0,0.3
66145.3206539154,0.469,0.572,0.653,0.491,1.0,0.57,0.308,neutral,disgust,0.504,0.206,True,hesitant,1696.45,918426.87,0.0,0.1802,1.0,0.3
66174.97849464417,0.466,0.566,0.653,0.488,1.0,0.559,0.334,neutral,disgust,0.504,0.206,True,hesitant,1696.45,918426.87,0.0,0.1802,1.0,0.3
66225.1033782959,0.466,0.561,0.644,0.482,1.0,0.551,0.35,neutral,neutral,0.471,0.214,True,hesitant,1696.45,918426.87,0.0,0.1802,1.0,0.3
66330.28531074524,0.465,0.561,0.644,0.481,1.0,0.548,0.347,neutral,neutral,0.471,0.214,True,hesitant,1696.45,918426.87,0.0,0.1802,1.0,0.3
66356.76169395447,0.467,0.568,0.644,0.479,1.0,0.541,0.305,neutral,neutral,0.471,0.214,True,hesitant,1696.45,918426.87,0.0,0.1802,1.0,0.3
66388.93485069275,0.462,0.566,0.652,0.475,1.0,0.532,0.304,neutral,disgust,0.507,0.217,True,hesitant,1696.45,918426.87,0.0,0.1802,1.0,0.3
66494.89545822144,0.466,0.575,0.652,0.476,1.0,0.534,0.254,neutral,disgust,0.507,0.217,True,hesitant,1696.45,918426.87,0.0,0.1802,1.0,0.3
66520.3492641449,0.465,0.575,0.652,0.472,1.0,0.522,0.245,neutral,disgust,0.507,0.217,True,hesitant,1696.45,918426.87,0.0,0.1802,1.0,0.3
66547.31035232544,0.468,0.576,0.637,0.464,1.0,0.517,0.232,neutral,neutral,0.453,0.234,True,hesitant,1696.45,918426.87,0.0,0.1802,1.0,0.3
66658.9252948761,0.468,0.576,0.637,0.464,1.0,0.518,0.234,neutral,neutral,0.453,0.234,True,hesitant,1696.45,918426.87,0.0,0.1802,1.0,0.3
66690.194606781,0.468,0.575,0.637,0.466,1.0,0.525,0.244,neutral,neutral,0.453,0.234,True,hesitant,1696.45,918426.87,0.0,0.1802,1.0,0.3
66719.78330612183,0.47,0.574,0.625,0.461,1.0,0.529,0.256,neutral,neutral,0.417,0.251,True,hesitant,1696.45,918426.87,0.0,0.1802,1.0,0.3
66834.90252494812,0.468,0.567,0.625,0.46,1.0,0.528,0.294,neutral,neutral,0.417,0.251,True,hesitant,1696.45,918426.87,0.0,0.1802,1.0,0.3
66861.83071136475,0.467,0.565,0.625,0.461,1.0,0.53,0.311,neutral,neutral,0.417,0.251,True,hesitant,1696.45,918426.87,0.0,0.1802,1.0,0.3
66887.5572681427,0.471,0.573,0.633,0.472,1.0,0.543,0.277,neutral,neutral,0.438,0.233,True,hesitant,1696.45,918426.87,0.0,0.1802,1.0,0.3
66986.49740219116,0.473,0.579,0.633,0.474,1.0,0.551,0.252,neutral,neutral,0.438,0.233,True,hesitant,1696.45,918426.87,0.0,0.1802,1.0,0.3
67013.90480995178,0.476,0.585,0.633,0.476,1.0,0.558,0.225,neutral,neutral,0.438,0.233,True,hesitant,1696.45,918426.87,0.0,0.1802,1.0,0.3
67043.99085044861,0.47,0.578,0.626,0.455,1.0,0.551,0.256,neutral,neutral,0.438,0.28,True,hesitant,1696.45,918426.87,0.0,0.1802,1.0,0.3
67159.6348285675,0.469,0.577,0.626,0.454,1.0,0.548,0.259,neutral,neutral,0.438,0.28,True,hesitant,1696.45,918426.87,0.0,0.1802,1.0,0.3
67190.16408920288,0.468,0.576,0.626,0.452,1.0,0.542,0.263,neutral,neutral,0.438,0.28,True,hesitant,1696.45,918426.87,0.0,0.1802,1.0,0.3
67235.4998588562,0.47,0.571,0.621,0.459,1.0,0.547,0.292,neutral,neutral,0.413,0.268,True,hesitant,1696.45,918426.87,0.0,0.1802,1.0,0.3
67338.4792804718,0.47,0.57,0.621,0.461,1.0,0.553,0.302,neutral,neutral,0.413,0.268,True,hesitant,1696.45,918426.87,0.0,0.1802,1.0,0.3
67377.8965473175,0.465,0.555,0.621,0.461,1.0,0.552,0.392,neutral,neutral,0.413,0.268,True,hesitant,1696.45,918426.87,0.0,0.1802,1.0,0.3
67426.37467384338,0.463,0.553,0.642,0.479,1.0,0.552,0.392,neutral,neutral,0.466,0.222,True,hesitant,1807.74,766598.43,0.0001,0.1801,1.0,0.3
67562.40725517273,0.464,0.556,0.642,0.48,1.0,0.554,0.378,neutral,neutral,0.466,0.222,True,hesitant,1807.74,766598.43,0.0001,0.1801,1.0,0.3
67590.54803848267,0.463,0.556,0.642,0.478,1.0,0.548,0.375,neutral,neutral,0.466,0.222,True,hesitant,1807.74,766598.43,0.0001,0.1801,1.0,0.3
67633.24284553528,0.465,0.56,0.639,0.475,1.0,0.55,0.354,neutral,neutral,0.457,0.231,True,hesitant,1807.74,766598.43,0.0001,0.1801,1.0,0.3
67787.34397888184,0.456,0.545,0.639,0.462,1.0,0.505,0.395,neutral,neutral,0.457,0.231,True,hesitant,1807.74,766598.43,0.0001,0.1801,1.0,0.3
67820.15252113342,0.452,0.539,0.639,0.455,1.0,0.482,0.402,neutral,neutral,0.457,0.231,True,hesitant,1807.74,766598.43,0.0001,0.1801,1.0,0.3
67850.64744949341,0.451,0.541,0.649,0.464,1.0,0.488,0.398,neutral,disgust,0.489,0.213,True,hesitant,1807.74,766598.43,0.0001,0.1801,1.0,0.3
67969.27404403687,0.452,0.542,0.649,0.465,1.0,0.491,0.398,neutral,disgust,0.489,0.213,True,hesitant,1807.74,766598.43,0.0001,0.1801,1.0,0.3
67999.19247627258,0.455,0.549,0.649,0.468,1.0,0.502,0.366,neutral,disgust,0.489,0.213,True,hesitant,1807.74,766598.43,0.0001,0.1801,1.0,0.3
68040.83156585693,0.458,0.551,0.633,0.456,1.0,0.504,0.362,neutral,neutral,0.442,0.245,True,hesitant,1807.74,766598.43,0.0001,0.1801,1.0,0.3
68170.49050331116,0.457,0.549,0.633,0.453,1.0,0.497,0.365,neutral,neutral,0.442,0.245,True,hesitant,1807.74,766598.43,0.0001,0.1801,1.0,0.3
68199.74422454834,0.459,0.556,0.633,0.452,1.0,0.493,0.32,neutral,neutral,0.442,0.245,True,hesitant,1807.74,766598.43,0.0001,0.1801,1.0,0.3
68243.90959739685,0.459,0.556,0.622,0.442,1.0,0.508,0.335,neutral,neutral,0.423,0.281,True,hesitant,1807.74,766598.43,0.0001,0.1801,1.0,0.3
68365.94033241272,0.466,0.571,0.622,0.445,1.0,0.517,0.259,neutral,neutral,0.423,0.281,True,hesitant,1807.74,766598.43,0.0001,0.1801,1.0,0.3
68394.65928077698,0.464,0.564,0.622,0.448,1.0,0.527,0.311,neutral,neutral,0.423,0.281,True,hesitant,1807.74,766598.43,0.0001,0.1801,1.0,0.3
68433.30526351929,0.461,0.561,0.634,0.455,1.0,0.524,0.325,neutral,neutral,0.454,0.26,True,hesitant,1807.74,766598.43,0.0001,0.1801,1.0,0.3
68552.34837532043,0.461,0.561,0.634,0.455,1.0,0.523,0.319,neutral,neutral,0.454,0.26,True,hesitant,1807.74,766598.43,0.0001,0.1801,1.0,0.3
68583.56547355652,0.461,0.557,0.634,0.461,1.0,0.543,0.364,neutral,neutral,0.454,0.26,True,hesitant,1807.74,766598.43,0.0001,0.1801,1.0,0.3
68642.30132102966,0.466,0.566,0.646,0.479,1.0,0.546,0.313,neutral,fear,0.479,0.218,True,hesitant,1807.74,766598.43,0.0001,0.1801,1.0,0.3
68752.93350219727,0.467,0.569,0.646,0.48,1.0,0.549,0.299,neutral,fear,0.479,0.218,True,hesitant,1807.74,766598.43,0.0001,0.1801,1.0,0.3
68783.71858596802,0.461,0.559,0.646,0.473,1.0,0.528,0.335,neutral,fear,0.479,0.218,True,hesitant,1807.74,766598.43,0.0001,0.1801,1.0,0.3
68833.58144760132,0.454,0.558,0.638,0.441,1.0,0.526,0.347,neutral,neutral,0.489,0.299,True,hesitant,1807.74,766598.43,0.0001,0.1801,1.0,0.3
68955.04379272461,0.454,0.557,0.638,0.441,1.0,0.526,0.348,neutral,neutral,0.489,0.299,True,hesitant,1807.74,766598.43,0.0001,0.1801,1.0,0.3
68983.39629173279,0.449,0.546,0.638,0.439,1.0,0.521,0.413,neutral,neutral,0.489,0.299,True,hesitant,1807.74,766598.43,0.0001,0.1801,1.0,0.3
69039.2894744873,0.458,0.545,0.644,0.474,1.0,0.526,0.417,neutral,neutral,0.468,0.215,True,hesitant,1807.74,766598.43,0.0001,0.1801,1.0,0.3
69224.97916221619,0.455,0.54,0.644,0.472,1.0,0.52,0.438,neutral,neutral,0.468,0.215,True,hesitant,1807.74,766598.43,0.0001,0.1801,1.0,0.3
69260.63537597656,0.457,0.545,0.644,0.471,1.0,0.516,0.407,neutral,neutral,0.468,0.215,True,hesitant,1807.74,766598.43,0.0001,0.1801,1.0,0.3
69292.09876060486,0.443,0.525,0.654,0.46,1.0,0.498,0.422,neutral,neutral,0.467,0.23,True,hesitant,1904.3,636881.89,0.0001,0.1854,1.0,0.291
69404.93416786194,0.447,0.536,0.654,0.462,1.0,0.505,0.366,neutral,neutral,0.467,0.23,True,hesitant,1904.3,636881.89,0.0001,0.1854,1.0,0.291
69431.85544013977,0.449,0.539,0.654,0.463,1.0,0.51,0.351,neutral,neutral,0.467,0.23,True,hesitant,1904.3,636881.89,0.0001,0.1854,1.0,0.291
69458.9011669159,0.445,0.533,0.656,0.461,1.0,0.484,0.358,neutral,fear,0.467,0.216,True,hesitant,1904.3,636881.89,0.0001,0.1854,1.0,0.291
69566.19787216187,0.447,0.542,0.656,0.457,1.0,0.471,0.295,neutral,fear,0.467,0.216,True,hesitant,1904.3,636881.89,0.0001,0.1854,1.0,0.291
69593.38188171387,0.446,0.538,0.656,0.456,1.0,0.468,0.316,neutral,fear,0.467,0.216,True,hesitant,1904.3,636881.89,0.0001,0.1854,1.0,0.291
69635.40387153625,0.446,0.536,0.654,0.458,1.0,0.476,0.336,neutral,neutral,0.461,0.217,True,hesitant,1904.3,636881.89,0.0001,0.1854,1.0,0.291
69747.89476394653,0.448,0.542,0.654,0.459,1.0,0.478,0.298,neutral,neutral,0.461,0.217,True,hesitant,1904.3,636881.89,0.0001,0.1854,1.0,0.291
69776.31068229675,0.446,0.54,0.654,0.453,1.0,0.46,0.297,neutral,neutral,0.461,0.217,True,hesitant,1904.3,636881.89,0.0001,0.1854,1.0,0.291
69803.35593223572,0.444,0.54,0.643,0.432,1.0,0.452,0.294,neutral,neutral,0.441,0.264,True,hesitant,1904.3,636881.89,0.0001,0.1854,1.0,0.291
69912.61172294617,0.445,0.546,0.643,0.431,1.0,0.449,0.253,neutral,neutral,0.441,0.264,True,hesitant,1904.3,636881.89,0.0001,0.1854,1.0,0.291
69940.91629981995,0.447,0.545,0.643,0.436,1.0,0.463,0.271,neutral,neutral,0.441,0.264,True,hesitant,1904.3,636881.89,0.0001,0.1854,1.0,0.291
69966.34531021118,0.449,0.548,0.642,0.44,1.0,0.473,0.259,neutral,neutral,0.434,0.261,True,hesitant,1904.3,636881.89,0.0001,0.1854,1.0,0.291
70078.88102531433,0.448,0.546,0.642,0.439,1.0,0.468,0.269,neutral,neutral,0.434,0.261,True,hesitant,1904.3,636881.89,0.0001,0.1854,1.0,0.291
70109.09414291382,0.447,0.546,0.642,0.434,1.0,0.452,0.255,neutral,neutral,0.434,0.261,True,hesitant,1904.3,636881.89,0.0001,0.1854,1.0,0.291
70139.12343978882,0.446,0.544,0.646,0.438,1.0,0.447,0.26,neutral,neutral,0.443,0.247,True,hesitant,1904.3,636881.89,0.0001,0.1854,1.0,0.291
70254.01377677917,0.446,0.542,0.646,0.441,1.0,0.457,0.28,neutral,neutral,0.443,0.247,True,hesitant,1904.3,636881.89,0.0001,0.1854,1.0,0.291
70304.01134490967,0.448,0.545,0.646,0.445,1.0,0.47,0.277,neutral,neutral,0.443,0.247,True,hesitant,1904.3,636881.89,0.0001,0.1854,1.0,0.291
70336.77577972412,0.448,0.546,0.659,0.457,1.0,0.482,0.278,neutral,neutral,0.487,0.226,True,hesitant,1904.3,636881.89,0.0001,0.1854,1.0,0.291
70452.2807598114,0.445,0.546,0.659,0.45,1.0,0.459,0.254,neutral,neutral,0.487,0.226,True,hesitant,1904.3,636881.89,0.0001,0.1854,1.0,0.291
70495.55706977844,0.446,0.548,0.659,0.449,1.0,0.455,0.242,neutral,neutral,0.487,0.226,True,hesitant,1904.3,636881.89,0.0001,0.1854,1.0,0.291
70522.32193946838,0.446,0.55,0.636,0.42,1.0,0.454,0.239,neutral,neutral,0.431,0.297,True,hesitant,1904.3,636881.89,0.0001,0.1854,1.0,0.291
70635.24627685547,0.446,0.549,0.636,0.422,1.0,0.461,0.248,neutral,neutral,0.431,0.297,True,hesitant,1904.3,636881.89,0.0001,0.1854,1.0,0.291
70661.8971824646,0.446,0.549,0.636,0.423,1.0,0.464,0.25,neutral,neutral,0.431,0.297,True,hesitant,1904.3,636881.89,0.0001,0.1854,1.0,0.291
70689.46528434753,0.447,0.549,0.641,0.431,1.0,0.472,0.26,neutral,neutral,0.441,0.282,True,hesitant,1904.3,636881.89,0.0001,0.1854,1.0,0.291
70805.08637428284,0.443,0.544,0.641,0.424,1.0,0.448,0.263,neutral,neutral,0.441,0.282,True,hesitant,1904.3,636881.89,0.0001,0.1854,1.0,0.291
70830.8527469635,0.441,0.541,0.641,0.421,1.0,0.436,0.268,neutral,neutral,0.441,0.282,True,hesitant,1904.3,636881.89,0.0001,0.1854,1.0,0.291
70869.25673484802,0.444,0.542,0.664,0.456,1.0,0.437,0.258,neutral,fear,0.493,0.194,True,hesitant,1904.3,636881.89,0.0001,0.1854,1.0,0.291
71024.03378486633,0.474,0.569,0.606,0.455,1.0,0.435,0.243,neutral,fear,0.493,0.194,True,hesitant,2106.79,274857.04,0.0,0.1969,1.0,0.365
71060.3461265564,0.474,0.571,0.606,0.455,1.0,0.434,0.234,neutral,fear,0.493,0.194,True,hesitant,2106.79,274857.04,0.0,0.1969,1.0,0.365
71087.18252182007,0.475,0.573,0.596,0.443,1.0,0.439,0.222,neutral,neutral,0.458,0.226,True,hesitant,2106.79,274857.04,0.0,0.1969,1.0,0.365
71203.90582084656,0.475,0.573,0.596,0.444,1.0,0.442,0.226,neutral,neutral,0.458,0.226,True,hesitant,2106.79,274857.04,0.0,0.1969,1.0,0.365
71232.26261138916,0.476,0.574,0.596,0.446,1.0,0.447,0.227,neutral,neutral,0.458,0.226,True,hesitant,2106.79,274857.04,0.0,0.1969,1.0,0.365
71261.57903671265,0.479,0.575,0.594,0.451,1.0,0.469,0.24,neutral,neutral,0.454,0.23,True,hesitant,2106.79,274857.04,0.0,0.1969,1.0,0.365
71365.93508720398,0.48,0.577,0.594,0.454,1.0,0.48,0.236,neutral,neutral,0.454,0.23,True,hesitant,2106.79,274857.04,0.0,0.1969,1.0,0.365
71393.30959320068,0.482,0.579,0.594,0.458,1.0,0.492,0.239,neutral,neutral,0.454,0.23,True,hesitant,2106.79,274857.04,0.0,0.1969,1.0,0.365
71442.19279289246,0.484,0.583,0.603,0.469,1.0,0.491,0.214,neutral,fear,0.483,0.2,True,hesitant,2106.79,274857.04,0.0,0.1969,1.0,0.365
71549.55101013184,0.484,0.584,0.603,0.469,1.0,0.491,0.207,neutral,fear,0.483,0.2,True,hesitant,2106.79,274857.04,0.0,0.1969,1.0,0.365
71576.4582157135,0.478,0.576,0.603,0.457,1.0,0.45,0.216,neutral,fear,0.483,0.2,True,hesitant,2106.79,274857.04,0.0,0.1969,1.0,0.365
71632.6630115509,0.477,0.578,0.59,0.437,1.0,0.442,0.195,neutral,neutral,0.442,0.244,True,hesitant,2106.79,274857.04,0.0,0.1969,1.0,0.365
71742.70796775818,0.477,0.579,0.59,0.436,1.0,0.437,0.184,neutral,neutral,0.442,0.244,True,hesitant,2106.79,274857.04,0.0,0.1969,1.0,0.365
71769.81592178345,0.478,0.579,0.59,0.438,1.0,0.443,0.192,neutral,neutral,0.442,0.244,True,hesitant,2106.79,274857.04,0.0,0.1969,1.0,0.365
71798.14386367798,0.477,0.579,0.596,0.444,1.0,0.446,0.195,neutral,neutral,0.462,0.229,True,hesitant,2106.79,274857.04,0.0,0.1969,1.0,0.365
71920.53747177124,0.474,0.569,0.596,0.444,1.0,0.444,0.251,neutral,neutral,0.462,0.229,True,hesitant,2106.79,274857.04,0.0,0.1969,1.0,0.365
71946.59066200256,0.474,0.568,0.596,0.447,1.0,0.456,0.27,neutral,neutral,0.462,0.229,True,hesitant,2106.79,274857.04,0.0,0.1969,1.0,0.365
71977.0028591156,0.476,0.57,0.584,0.437,1.0,0.465,0.269,neutral,neutral,0.422,0.261,True,hesitant,2106.79,274857.04,0.0,0.1969,1.0,0.365
72098.40226173401,0.476,0.57,0.584,0.438,1.0,0.469,0.269,neutral,neutral,0.422,0.261,True,hesitant,2106.79,274857.04,0.0,0.1969,1.0,0.365
72126.49059295654,0.478,0.574,0.584,0.439,1.0,0.471,0.251,neutral,neutral,0.422,0.261,True,hesitant,2106.79,274857.04,0.0,0.1969,1.0,0.365
72153.95188331604,0.478,0.574,0.595,0.45,1.0,0.473,0.251,neutral,neutral,0.458,0.235,True,hesitant,2106.79,274857.04,0.0,0.1969,1.0,0.365
72279.45375442505,0.476,0.568,0.595,0.452,1.0,0.48,0.295,neutral,neutral,0.458,0.235,True,hesitant,2106.79,274857.04,0.0,0.1969,1.0,0.365
72308.14576148987,0.472,0.563,0.595,0.445,1.0,0.457,0.3,neutral,neutral,0.458,0.235,True,hesitant,2106.79,274857.04,0.0,0.1969,1.0,0.365
72335.91985702515,0.47,0.559,0.587,0.432,1.0,0.437,0.305,neutral,neutral,0.431,0.253,True,hesitant,2106.79,274857.04,0.0,0.1969,1.0,0.365
72443.99452209473,0.47,0.562,0.587,0.43,1.0,0.431,0.283,neutral,neutral,0.431,0.253,True,hesitant,2106.79,274857.04,0.0,0.1969,1.0,0.365
72472.70178794861,0.471,0.564,0.587,0.431,1.0,0.434,0.273,neutral,neutral,0.431,0.253,True,hesitant,2106.79,274857.04,0.0,0.1969,1.0,0.365
72519.96779441833,0.471,0.561,0.594,0.441,1.0,0.449,0.306,neutral,neutral,0.458,0.241,True,hesitant,2106.79,274857.04,0.0,0.1969,1.0,0.365
72678.58552932739,0.472,0.563,0.594,0.442,1.0,0.452,0.294,neutral,neutral,0.458,0.241,True,hesitant,2106.79,274857.04,0.0,0.1969,1.0,0.365
72712.84508705139,0.473,0.564,0.594,0.445,1.0,0.464,0.306,neutral,neutral,0.458,0.241,True,hesitant,2106.79,274857.04,0.0,0.1969,1.0,0.365
72745.06187438965,0.487,0.587,0.579,0.449,1.0,0.473,0.256,neutral,neutral,0.441,0.238,True,hesitant,2121.92,264573.6,0.0,0.2002,1.0,0.372
72883.91208648682,0.484,0.583,0.579,0.441,1.0,0.446,0.257,neutral,neutral,0.441,0.238,True,hesitant,2121.92,264573.6,0.0,0.2002,1.0,0.372
72930.2122592926,0.481,0.579,0.579,0.436,1.0,0.428,0.257,neutral,neutral,0.441,0.238,True,hesitant,2121.92,264573.6,0.0,0.2002,1.0,0.372
72957.72099494934,0.481,0.577,0.578,0.438,1.0,0.432,0.276,neutral,neutral,0.436,0.235,True,hesitant,2121.92,264573.6,0.0,0.2002,1.0,0.372
73077.6436328888,0.482,0.577,0.578,0.442,1.0,0.445,0.287,neutral,neutral,0.436,0.235,True,hesitant,2121.92,264573.6,0.0,0.2002,1.0,0.372
73109.384059906,0.481,0.574,0.578,0.442,1.0,0.446,0.303,neutral,neutral,0.436,0.235,True,hesitant,2121.92,264573.6,0.0,0.2002,1.0,0.372
73144.01745796204,0.482,0.582,0.595,0.456,1.0,0.446,0.26,neutral,fear,0.492,0.201,True,hesitant,2121.92,264573.6,0.0,0.2002,1.0,0.372
73271.15845680237,0.484,0.584,0.595,0.461,1.0,0.464,0.266,neutral,fear,0.492,0.201,True,hesitant,2121.92,264573.6,0.0,0.2002,1.0,0.372
73297.81126976013,0.486,0.586,0.595,0.463,1.0,0.472,0.265,neutral,fear,0.492,0.201,True,hesitant,2121.92,264573.6,0.0,0.2002,1.0,0.372
73326.44605636597,0.488,0.588,0.591,0.464,1.0,0.472,0.255,neutral,fear,0.472,0.198,True,hesitant,2121.92,264573.6,0.0,0.2002,1.0,0.372
73454.22697067261,0.485,0.584,0.591,0.458,1.0,0.453,0.26,neutral,fear,0.472,0.198,True,hesitant,2121.92,264573.6,0.0,0.2002,1.0,0.372
73510.32066345215,0.488,0.59,0.591,0.461,1.0,0.461,0.231,neutral,fear,0.472,0.198,True,hesitant,2121.92,264573.6,0.0,0.2002,1.0,0.372
73540.81320762634,0.487,0.59,0.588,0.455,1.0,0.464,0.23,neutral,fear,0.465,0.216,True,hesitant,2121.92,264573.6,0.0,0.2002,1.0,0.372
73669.42930221558,0.485,0.585,0.588,0.453,1.0,0.456,0.255,neutral,fear,0.465,0.216,True,hesitant,2121.92,264573.6,0.0,0.2002,1.0,0.372
73708.51922035217,0.485,0.586,0.588,0.453,1.0,0.458,0.252,neutral,fear,0.465,0.216,True,hesitant,2121.92,264573.6,0.0,0.2002,1.0,0.372
73739.27092552185,0.488,0.588,0.58,0.452,1.0,0.464,0.246,neutral,neutral,0.437,0.223,True,hesitant,2121.92,264573.6,0.0,0.2002,1.0,0.372
73875.69165229797,0.487,0.587,0.58,0.45,1.0,0.455,0.241,neutral,neutral,0.437,0.223,True,hesitant,2121.92,264573.6,0.0,0.2002,1.0,0.372
73910.99286079407,0.491,0.592,0.58,0.456,1.0,0.475,0.236,neutral,neutral,0.437,0.223,True,hesitant,2121.92,264573.6,0.0,0.2002,1.0,0.372
73940.05537033081,0.491,0.594,0.582,0.457,1.0,0.487,0.233,neutral,neutral,0.448,0.229,True,hesitant,2121.92,264573.6,0.0,0.2002,1.0,0.372
74081.27212524414,0.49,0.594,0.582,0.452,1.0,0.472,0.214,neutral,neutral,0.448,0.229,True,hesitant,2121.92,264573.6,0.0,0.2002,1.0,0.372
74110.20970344543,0.489,0.594,0.582,0.45,1.0,0.463,0.209,neutral,neutral,0.448,0.229,True,hesitant,2121.92,264573.6,0.0,0.2002,1.0,0.372
74138.96894454956,0.486,0.593,0.584,0.442,1.0,0.456,0.207,neutral,neutral,0.46,0.242,True,hesitant,2121.92,264573.6,0.0,0.2002,1.0,0.372
74255.15031814575,0.484,0.59,0.584,0.441,1.0,0.452,0.222,neutral,neutral,0.46,0.242,True,hesitant,2121.92,264573.6,0.0,0.2002,1.0,0.372
74308.5765838623,0.482,0.583,0.584,0.44,1.0,0.45,0.26,neutral,neutral,0.46,0.242,True,hesitant,2121.92,264573.6,0.0,0.2002,1.0,0.372
74337.08930015564,0.483,0.582,0.571,0.429,1.0,0.449,0.266,neutral,neutral,0.424,0.269,True,hesitant,2121.92,264573.6,0.0,0.2002,1.0,0.372
74512.20798492432,0.483,0.581,0.571,0.431,1.0,0.454,0.273,neutral,neutral,0.424,0.269,True,hesitant,2121.92,264573.6,0.0,0.2002,1.0,0.372
74545.75324058533,0.5,0.605,0.546,0.432,1.0,0.458,0.284,neutral,neutral,0.424,0.269,True,hesitant,2202.75,151454.46,0.0,0.1999,1.0,0.385
74575.76513290405,0.506,0.615,0.543,0.437,1.0,0.486,0.258,neutral,neutral,0.419,0.276,True,hesitant,2202.75,151454.46,0.0,0.1999,1.0,0.385
74681.19049072266,0.505,0.613,0.543,0.435,1.0,0.478,0.265,neutral,neutral,0.419,0.276,True,hesitant,2202.75,151454.46,0.0,0.1999,1.0,0.385
74713.57440948486,0.506,0.616,0.543,0.436,1.0,0.48,0.25,neutral,neutral,0.419,0.276,True,hesitant,2202.75,151454.46,0.0,0.1999,1.0,0.385
74742.45691299438,0.507,0.618,0.553,0.447,1.0,0.482,0.247,neutral,neutral,0.438,0.249,True,hesitant,2202.75,151454.46,0.0,0.1999,1.0,0.385
74850.33988952637,0.508,0.621,0.553,0.447,1.0,0.482,0.229,neutral,neutral,0.438,0.249,True,hesitant,2202.75,151454.46,0.0,0.1999,1.0,0.385
74882.11560249329,0.511,0.623,0.553,0.454,1.0,0.505,0.241,neutral,neutral,0.438,0.249,True,hesitant,2202.75,151454.46,0.0,0.1999,1.0,0.385
74917.32287406921,0.511,0.622,0.553,0.457,1.0,0.506,0.245,neutral,neutral,0.435,0.242,True,hesitant,2202.75,151454.46,0.0,0.1999,1.0,0.385
75047.86992073059,0.511,0.621,0.553,0.456,1.0,0.5,0.246,neutral,neutral,0.435,0.242,True,hesitant,2202.75,151454.46,0.0,0.1999,1.0,0.385
75076.37023925781,0.51,0.622,0.553,0.454,1.0,0.496,0.235,neutral,neutral,0.435,0.242,True,hesitant,2202.75,151454.46,0.0,0.1999,1.0,0.385
75105.97848892212,0.511,0.621,0.538,0.441,1.0,0.499,0.242,neutral,neutral,0.408,0.278,True,hesitant,2202.75,151454.46,0.0,0.1999,1.0,0.385
75231.42743110657,0.516,0.633,0.538,0.442,1.0,0.504,0.188,neutral,neutral,0.408,0.278,True,hesitant,2202.75,151454.46,0.0,0.1999,1.0,0.385
75262.20417022705,0.51,0.625,0.538,0.433,1.0,0.472,0.196,neutral,neutral,0.408,0.278,True,hesitant,2202.75,151454.46,0.0,0.1999,1.0,0.385
75319.9074268341,0.505,0.615,0.549,0.44,1.0,0.467,0.244,neutral,neutral,0.429,0.255,True,hesitant,2202.75,151454.46,0.0,0.1999,1.0,0.385
75431.45179748535,0.505,0.614,0.549,0.441,1.0,0.468,0.252,neutral,neutral,0.429,0.255,True,hesitant,2202.75,151454.46,0.0,0.1999,1.0,0.385
75460.91222763062,0.505,0.615,0.549,0.441,1.0,0.469,0.246,neutral,neutral,0.429,0.255,True,hesitant,2202.75,151454.46,0.0,0.1999,1.0,0.385
75490.95916748047,0.506,0.615,0.558,0.453,1.0,0.474,0.25,neutral,fear,0.446,0.228,True,hesitant,2202.75,151454.46,0.0,0.1999,1.0,0.385
75607.00607299805,0.508,0.617,0.558,0.457,1.0,0.486,0.254,neutral,fear,0.446,0.228,True,hesitant,2202.75,151454.46,0.0,0.1999,1.0,0.385
75637.12954521179,0.507,0.616,0.558,0.456,1.0,0.481,0.255,neutral,fear,0.446,0.228,True,hesitant,2202.75,151454.46,0.0,0.1999,1.0,0.385
75665.274143219,0.506,0.614,0.55,0.446,1.0,0.479,0.258,neutral,neutral,0.429,0.25,True,hesitant,2202.75,151454.46,0.0,0.1999,1.0,0.385
75772.15552330017,0.505,0.613,0.55,0.444,1.0,0.472,0.258,neutral,neutral,0.429,0.25,True,hesitant,2202.75,151454.46,0.0,0.1999,1.0,0.385
75801.7749786377,0.503,0.611,0.55,0.44,1.0,0.457,0.255,neutral,neutral,0.429,0.25,True,hesitant,2202.75,151454.46,0.0,0.1999,1.0,0.385
75848.93250465393,0.498,0.602,0.565,0.45,1.0,0.455,0.297,neutral,fear,0.464,0.222,True,hesitant,2202.75,151454.46,0.0,0.1999,1.0,0.385
75960.773229599,0.497,0.599,0.565,0.452,1.0,0.463,0.323,neutral,fear,0.464,0.222,True,hesitant,2202.75,151454.46,0.0,0.1999,1.0,0.385
75993.77965927124,0.499,0.604,0.565,0.452,1.0,0.464,0.298,neutral,fear,0.464,0.222,True,hesitant,2202.75,151454.46,0.0,0.1999,1.0,0.385
76024.0843296051,0.501,0.604,0.544,0.433,1.0,0.464,0.298,neutral,neutral,0.421,0.272,True,hesitant,2202.75,151454.46,0.0,0.1999,1.0,0.385
76197.87502288818,0.502,0.606,0.544,0.433,1.0,0.464,0.283,neutral,neutral,0.421,0.272,True,hesitant,2202.75,151454.46,0.0,0.1999,1.0,0.385
76230.34024238586,0.505,0.618,0.544,0.432,1.0,0.462,0.221,neutral,neutral,0.421,0.272,True,hesitant,2202.75,151454.46,0.0,0.1999,1.0,0.385
76264.61005210876,0.519,0.632,0.526,0.439,1.0,0.466,0.207,neutral,neutral,0.432,0.257,True,hesitant,2261.34,53476.22,0.0,0.202,1.0,0.42
76388.73481750488,0.517,0.63,0.526,0.436,1.0,0.454,0.206,neutral,neutral,0.432,0.257,True,hesitant,2261.34,53476.22,0.0,0.202,1.0,0.42
76416.9328212738,0.512,0.618,0.526,0.434,1.0,0.449,0.262,neutral,neutral,0.432,0.257,True,hesitant,2261.34,53476.22,0.0,0.202,1.0,0.42
76456.63785934448,0.512,0.617,0.523,0.432,1.0,0.446,0.267,neutral,neutral,0.425,0.261,True,hesitant,2261.34,53476.22,0.0,0.202,1.0,0.42
76563.72737884521,0.512,0.616,0.523,0.432,1.0,0.447,0.272,neutral,neutral,0.425,0.261,True,hesitant,2261.34,53476.22,0.0,0.202,1.0,0.42
76596.3568687439,0.51,0.61,0.523,0.431,1.0,0.444,0.296,neutral,neutral,0.425,0.261,True,hesitant,2261.34,53476.22,0.0,0.202,1.0,0.42
76661.59915924072,0.511,0.61,0.514,0.424,1.0,0.449,0.3,neutral,neutral,0.407,0.282,True,hesitant,2261.34,53476.22,0.0,0.202,1.0,0.42
76773.56672286987,0.506,0.602,0.514,0.416,1.0,0.422,0.316,neutral,neutral,0.407,0.282,True,hesitant,2261.34,53476.22,0.0,0.202,1.0,0.42
76804.50177192688,0.51,0.609,0.514,0.424,1.0,0.449,0.306,neutral,neutral,0.407,0.282,True,hesitant,2261.34,53476.22,0.0,0.202,1.0,0.42
76833.5497379303,0.514,0.615,0.517,0.433,1.0,0.464,0.29,neutral,neutral,0.411,0.271,True,hesitant,2261.34,53476.22,0.0,0.202,1.0,0.42
76941.21503829956,0.516,0.617,0.517,0.438,1.0,0.482,0.299,neutral,neutral,0.411,0.271,True,hesitant,2261.34,53476.22,0.0,0.202,1.0,0.42
76971.26960754395,0.518,0.618,0.517,0.441,1.0,0.491,0.304,neutral,neutral,0.411,0.271,True,hesitant,2261.34,53476.22,0.0,0.202,1.0,0.42
77000.39768218994,0.515,0.615,0.525,0.446,1.0,0.494,0.319,neutral,neutral,0.431,0.262,True,hesitant,2261.34,53476.22,0.0,0.202,1.0,0.42
77109.38692092896,0.513,0.613,0.525,0.441,1.0,0.478,0.318,neutral,neutral,0.431,0.262,True,hesitant,2261.34,53476.22,0.0,0.202,1.0,0.42
77137.27855682373,0.512,0.612,0.525,0.438,1.0,0.47,0.314,neutral,neutral,0.431,0.262,True,hesitant,2261.34,53476.22,0.0,0.202,1.0,0.42
77168.07460784912,0.514,0.613,0.516,0.435,1.0,0.484,0.32,neutral,neutral,0.413,0.282,True,hesitant,2261.34,53476.22,0.0,0.202,1.0,0.42
77280.78722953796,0.513,0.616,0.516,0.428,1.0,0.461,0.285,neutral,neutral,0.413,0.282,True,hesitant,2261.34,53476.22,0.0,0.202,1.0,0.42
77312.49737739563,0.511,0.614,0.516,0.424,1.0,0.449,0.28,neutral,neutral,0.413,0.282,True,hesitant,2261.34,53476.22,0.0,0.202,1.0,0.42
77344.12455558777,0.514,0.617,0.51,0.421,1.0,0.457,0.274,neutral,neutral,0.403,0.297,True,hesitant,2261.34,53476.22,0.0,0.202,1.0,0.42
77447.63660430908,0.513,0.614,0.51,0.423,1.0,0.465,0.297,neutral,neutral,0.403,0.297,True,hesitant,2261.34,53476.22,0.0,0.202,1.0,0.42
77477.99873352051,0.514,0.615,0.51,0.424,1.0,0.47,0.296,neutral,neutral,0.403,0.297,True,hesitant,2261.34,53476.22,0.0,0.202,1.0,0.42
77527.911901474,0.516,0.618,0.508,0.424,1.0,0.486,0.296,neutral,neutral,0.402,0.311,True,hesitant,2261.34,53476.22,0.0,0.202,1.0,0.42
77632.24267959595,0.519,0.625,0.508,0.428,1.0,0.499,0.273,neutral,neutral,0.402,0.311,True,hesitant,2261.34,53476.22,0.0,0.202,1.0,0.42
77659.07883644104,0.516,0.613,0.508,0.43,1.0,0.505,0.341,neutral,neutral,0.402,0.311,True,hesitant,2261.34,53476.22,0.0,0.202,1.0,0.42
77721.21787071228,0.508,0.611,0.55,0.457,1.0,0.502,0.353,neutral,disgust,0.496,0.24,True,hesitant,2261.34,53476.22,0.0,0.202,1.0,0.42
77823.2147693634,0.502,0.6,0.55,0.448,1.0,0.473,0.379,neutral,disgust,0.496,0.24,True,hesitant,2261.34,53476.22,0.0,0.202,1.0,0.42
77859.44986343384,0.503,0.603,0.55,0.448,1.0,0.47,0.359,neutral,disgust,0.496,0.24,True,hesitant,2261.34,53476.22,0.0,0.202,1.0,0.42
77897.74298667908,0.507,0.606,0.541,0.446,1.0,0.49,0.362,neutral,neutral,0.473,0.259,True,hesitant,2261.34,53476.22,0.0,0.202,1.0,0.42
78047.91140556335,0.462,0.56,0.622,0.446,1.0,0.491,0.393,neutral,neutral,0.473,0.259,True,hesitant,1970.25,550975.15,0.0,0.1915,1.0,0.311
78081.90035820007,0.464,0.563,0.622,0.448,1.0,0.497,0.382,neutral,neutral,0.473,0.259,True,hesitant,1970.25,550975.15,0.0,0.1915,1.0,0.311
78115.66376686096,0.472,0.569,0.593,0.434,1.0,0.502,0.36,neutral,neutral,0.401,0.297,True,hesitant,1970.25,550975.15,0.0,0.1915,1.0,0.311
78226.88436508179,0.472,0.569,0.593,0.436,1.0,0.51,0.366,neutral,neutral,0.401,0.297,True,hesitant,1970.25,550975.15,0.0,0.1915,1.0,0.311
78255.49554824829,0.473,0.569,0.593,0.437,1.0,0.514,0.369,neutral,neutral,0.401,0.297,True,hesitant,1970.25,550975.15,0.0,0.1915,1.0,0.311
78285.19415855408,0.473,0.578,0.627,0.467,1.0,0.517,0.321,neutral,neutral,0.473,0.227,True,hesitant,1970.25,550975.15,0.0,0.1915,1.0,0.311
78415.22407531738,0.474,0.577,0.627,0.471,1.0,0.533,0.343,neutral,neutral,0.473,0.227,True,hesitant,1970.25,550975.15,0.0,0.1915,1.0,0.311
78449.38063621521,0.475,0.575,0.627,0.477,1.0,0.552,0.37,neutral,neutral,0.473,0.227,True,hesitant,1970.25,550975.15,0.0,0.1915,1.0,0.311
78488.57426643372,0.477,0.578,0.628,0.482,1.0,0.567,0.369,neutral,neutral,0.475,0.225,True,hesitant,1970.25,550975.15,0.0,0.1915,1.0,0.311
78629.03904914856,0.481,0.589,0.628,0.481,1.0,0.564,0.308,neutral,neutral,0.475,0.225,True,hesitant,1970.25,550975.15,0.0,0.1915,1.0,0.311
78654.24466133118,0.483,0.593,0.628,0.483,1.0,0.571,0.294,neutral,neutral,0.475,0.225,True,hesitant,1970.25,550975.15,0.0,0.1915,1.0,0.311
78681.82253837585,0.483,0.598,0.629,0.481,1.0,0.572,0.264,neutral,neutral,0.482,0.232,True,hesitant,1970.25,550975.15,0.0,0.1915,1.0,0.311
78807.67607688904,0.48,0.594,0.629,0.473,1.0,0.547,0.263,neutral,neutral,0.482,0.232,True,hesitant,1970.25,550975.15,0.0,0.1915,1.0,0.311
78836.77792549133,0.477,0.588,0.629,0.472,1.0,0.541,0.286,neutral,neutral,0.482,0.232,True,hesitant,1970.25,550975.15,0.0,0.1915,1.0,0.311
78872.78127670288,0.479,0.59,0.621,0.465,1.0,0.536,0.274,neutral,neutral,0.461,0.246,True,hesitant,1970.25,550975.15,0.0,0.1915,1.0,0.311
78982.52606391907,0.481,0.592,0.621,0.469,1.0,0.552,0.28,neutral,neutral,0.461,0.246,True,hesitant,1970.25,550975.15,0.0,0.1915,1.0,0.311
79012.26329803467,0.481,0.592,0.621,0.472,1.0,0.561,0.285,neutral,neutral,0.461,0.246,True,hesitant,1970.25,550975.15,0.0,0.1915,1.0,0.311
79044.08860206604,0.482,0.596,0.635,0.487,1.0,0.567,0.27,neutral,neutral,0.496,0.214,True,hesitant,1970.25,550975.15,0.0,0.1915,1.0,0.311
79173.33793640137,0.474,0.586,0.635,0.471,1.0,0.514,0.273,neutral,neutral,0.496,0.214,True,hesitant,1970.25,550975.15,0.0,0.1915,1.0,0.311
79204.46538925171,0.472,0.582,0.635,0.468,1.0,0.505,0.287,neutral,neutral,0.496,0.214,True,hesitant,1970.25,550975.15,0.0,0.1915,1.0,0.311
79238.51656913757,0.473,0.588,0.612,0.439,1.0,0.5,0.247,neutral,neutral,0.45,0.284,True,hesitant,1970.25,550975.15,0.0,0.1915,1.0,0.311
79365.40794372559,0.476,0.593,0.612,0.441,1.0,0.506,0.228,neutral,neutral,0.45,0.284,True,hesitant,1970.25,550975.15,0.0,0.1915,1.0,0.311
79396.16680145264,0.481,0.595,0.612,0.455,1.0,0.554,0.265,neutral,neutral,0.45,0.284,True,hesitant,1970.25,550975.15,0.0,0.1915,1.0,0.311
79427.21700668335,0.486,0.6,0.644,0.506,1.0,0.578,0.267,neutral,fear,0.513,0.173,True,hesitant,1970.25,550975.15,0.0,0.1915,1.0,0.311
79545.41349411011,0.485,0.595,0.644,0.507,1.0,0.582,0.294,neutral,fear,0.513,0.173,True,hesitant,1970.25,550975.15,0.0,0.1915,1.0,0.311
79581.46858215332,0.486,0.595,0.644,0.51,1.0,0.591,0.306,neutral,fear,0.513,0.173,True,hesitant,1970.25,550975.15,0.0,0.1915,1.0,0.311
79628.21340560913,0.484,0.594,0.639,0.499,1.0,0.593,0.309,neutral,disgust,0.505,0.201,True,hesitant,1970.25,550975.15,0.0,0.1915,1.0,0.311
79829.11777496338,0.46,0.555,0.658,0.487,1.0,0.552,0.306,neutral,disgust,0.505,0.201,True,hesitant,1731.8,861723.77,0.0,0.1791,1.0,0.302
79860.09526252747,0.452,0.542,0.658,0.474,1.0,0.509,0.338,neutral,disgust,0.505,0.201,True,hesitant,1731.8,861723.77,0.0,0.1791,1.0,0.302
79922.16873168945,0.452,0.542,0.656,0.474,1.0,0.51,0.338,neutral,disgust,0.494,0.203,True,hesitant,1731.8,861723.77,0.0,0.1791,1.0,0.302
80062.23678588867,0.45,0.54,0.656,0.469,1.0,0.495,0.335,neutral,disgust,0.494,0.203,True,hesitant,1731.8,861723.77,0.0,0.1791,1.0,0.302
80090.75975418091,0.449,0.539,0.656,0.467,1.0,0.486,0.334,neutral,disgust,0.494,0.203,True,hesitant,1731.8,861723.77,0.0,0.1791,1.0,0.302
80127.95615196228,0.442,0.524,0.63,0.431,1.0,0.46,0.406,neutral,neutral,0.421,0.272,True,hesitant,1731.8,861723.77,0.0,0.1791,1.0,0.302
80248.04139137268,0.442,0.524,0.63,0.429,1.0,0.452,0.395,neutral,neutral,0.421,0.272,True,hesitant,1731.8,861723.77,0.0,0.1791,1.0,0.302
80278.19085121155,0.439,0.515,0.63,0.43,1.0,0.454,0.455,neutral,neutral,0.421,0.272,True,hesitant,1731.8,861723.77,0.0,0.1791,1.0,0.302
80321.24185562134,0.439,0.517,0.623,0.421,1.0,0.453,0.447,neutral,neutral,0.405,0.294,True,hesitant,1731.8,861723.77,0.0,0.1791,1.0,0.302
80438.29607963562,0.441,0.523,0.623,0.421,1.0,0.453,0.405,neutral,neutral,0.405,0.294,True,hesitant,1731.8,861723.77,0.0,0.1791,1.0,0.302
80470.03483772278,0.443,0.524,0.623,0.425,1.0,0.468,0.414,neutral,neutral,0.405,0.294,True,hesitant,1731.8,861723.77,0.0,0.1791,1.0,0.302
80527.94814109802,0.444,0.528,0.631,0.435,1.0,0.469,0.386,neutral,neutral,0.424,0.27,True,hesitant,1731.8,861723.77,0.0,0.1791,1.0,0.302
80649.47700500488,0.445,0.529,0.631,0.435,1.0,0.469,0.378,neutral,neutral,0.424,0.27,True,hesitant,1731.8,861723.77,0.0,0.1791,1.0,0.302
80677.38509178162,0.446,0.531,0.631,0.437,1.0,0.475,0.374,neutral,neutral,0.424,0.27,True,hesitant,1731.8,861723.77,0.0,0.1791,1.0,0.302
80720.07846832275,0.448,0.533,0.632,0.443,1.0,0.481,0.368,neutral,neutral,0.417,0.257,True,hesitant,1731.8,861723.77,0.0,0.1791,1.0,0.302
80839.99419212341,0.451,0.54,0.632,0.444,1.0,0.483,0.329,neutral,neutral,0.417,0.257,True,hesitant,1731.8,861723.77,0.0,0.1791,1.0,0.302
80868.85142326355,0.45,0.537,0.632,0.444,1.0,0.483,0.341,neutral,neutral,0.417,0.257,True,hesitant,1731.8,861723.77,0.0,0.1791,1.0,0.302
80934.6604347229,0.449,0.538,0.623,0.428,1.0,0.5,0.368,neutral,neutral,0.416,0.312,True,hesitant,1731.8,861723.77,0.0,0.1791,1.0,0.302
81055.26804924011,0.45,0.538,0.623,0.432,1.0,0.513,0.377,neutral,neutral,0.416,0.312,True,hesitant,1731.8,861723.77,0.0,0.1791,1.0,0.302
81082.37409591675,0.452,0.543,0.623,0.435,1.0,0.523,0.36,neutral,neutral,0.416,0.312,True,hesitant,1731.8,861723.77,0.0,0.1791,1.0,0.302
81122.84255027771,0.451,0.539,0.637,0.45,1.0,0.533,0.386,neutral,neutral,0.453,0.279,True,hesitant,1731.8,861723.77,0.0,0.1791,1.0,0.302
81234.3487739563,0.454,0.548,0.637,0.452,1.0,0.537,0.334,neutral,neutral,0.453,0.279,True,hesitant,1731.8,861723.77,0.0,0.1791,1.0,0.302
81263.58008384705,0.452,0.542,0.637,0.452,1.0,0.539,0.371,neutral,neutral,0.453,0.279,True,hesitant,1731.8,861723.77,0.0,0.1791,1.0,0.302
81293.8551902771,0.453,0.54,0.655,0.478,1.0,0.54,0.382,neutral,neutral,0.496,0.216,True,hesitant,1731.8,861723.77,0.0,0.1791,1.0,0.302
81463.8934135437,0.452,0.537,0.655,0.479,1.0,0.545,0.404,neutral,neutral,0.496,0.216,True,hesitant,1731.8,861723.77,0.0,0.1791,1.0,0.302
81497.03550338745,0.453,0.536,0.655,0.481,1.0,0.55,0.417,neutral,neutral,0.496,0.216,True,hesitant,1731.8,861723.77,0.0,0.1791,1.0,0.302
81532.634973526,0.464,0.549,0.631,0.474,1.0,0.54,0.445,neutral,disgust,0.524,0.226,True,hesitant,1334.5,1156246.57,0.0001,0.1584,1.0,0.336
81663.90681266785,0.461,0.545,0.631,0.472,1.0,0.534,0.46,neutral,disgust,0.524,0.226,True,hesitant,1334.5,1156246.57,0.0001,0.1584,1.0,0.336
81690.42372703552,0.459,0.541,0.631,0.468,1.0,0.522,0.471,neutral,disgust,0.524,0.226,True,hesitant,1334.5,1156246.57,0.0001,0.1584,1.0,0.336
81730.28445243835,0.451,0.521,0.635,0.468,1.0,0.498,0.565,neutral,disgust,0.537,0.209,True,hesitant,1334.5,1156246.57,0.0001,0.1584,1.0,0.336
81851.9549369812,0.455,0.526,0.635,0.478,1.0,0.531,0.571,neutral,disgust,0.537,0.209,True,hesitant,1334.5,1156246.57,0.0001,0.1584,1.0,0.336
81878.21531295776,0.459,0.531,0.635,0.484,1.0,0.551,0.562,neutral,disgust,0.537,0.209,True,hesitant,1334.5,1156246.57,0.0001,0.1584,1.0,0.336
81922.78838157654,0.455,0.521,0.618,0.463,1.0,0.516,0.587,neutral,disgust,0.477,0.237,True,hesitant,1334.5,1156246.57,0.0001,0.1584,1.0,0.336
82074.73516464233,0.449,0.517,0.618,0.447,1.0,0.465,0.559,neutral,disgust,0.477,0.237,True,hesitant,1334.5,1156246.57,0.0001,0.1584,1.0,0.336
82103.2886505127,0.447,0.516,0.618,0.442,1.0,0.449,0.548,neutral,disgust,0.477,0.237,True,hesitant,1334.5,1156246.57,0.0001,0.1584,1.0,0.336
82132.66658782959,0.452,0.52,0.601,0.435,1.0,0.469,0.548,neutral,neutral,0.423,0.27,True,hesitant,1334.5,1156246.57,0.0001,0.1584,1.0,0.336
82243.77274513245,0.458,0.531,0.601,0.441,1.0,0.487,0.5,neutral,neutral,0.423,0.27,True,hesitant,1334.5,1156246.57,0.0001,0.1584,1.0,0.336
82273.40412139893,0.461,0.537,0.601,0.446,1.0,0.505,0.486,neutral,neutral,0.423,0.27,True,hesitant,1334.5,1156246.57,0.0001,0.1584,1.0,0.336
82323.23598861694,0.462,0.546,0.614,0.454,1.0,0.51,0.435,neutral,neutral,0.467,0.254,True,hesitant,1334.5,1156246.57,0.0001,0.1584,1.0,0.336
82445.1813697815,0.464,0.55,0.614,0.454,1.0,0.512,0.414,neutral,neutral,0.467,0.254,True,hesitant,1334.5,1156246.57,0.0001,0.1584,1.0,0.336
97119.98057365417,0.48,0.585,0.597,0.448,1.0,0.551,0.35,neutral,neutral,0.431,0.323,True,hesitant,1660.07,844975.6,0.0001,0.1784,1.0,0.303
97257.07197189331,0.479,0.582,0.597,0.447,1.0,0.548,0.362,neutral,neutral,0.431,0.323,True,hesitant,1660.07,844975.6,0.0001,0.1784,1.0,0.303
97298.05040359497,0.478,0.578,0.597,0.448,1.0,0.554,0.389,neutral,neutral,0.431,0.323,True,hesitant,1660.07,844975.6,0.0001,0.1784,1.0,0.303
97330.37209510803,0.481,0.579,0.612,0.475,1.0,0.556,0.379,neutral,surprise,0.435,0.252,True,hesitant,1660.07,844975.6,0.0001,0.1784,1.0,0.303
97496.91534042358,0.487,0.583,0.612,0.49,1.0,0.604,0.409,neutral,surprise,0.435,0.252,True,hesitant,1660.07,844975.6,0.0001,0.1784,1.0,0.303
97531.23545646667,0.485,0.579,0.612,0.488,1.0,0.599,0.421,neutral,surprise,0.435,0.252,True,hesitant,1660.07,844975.6,0.0001,0.1784,1.0,0.303
97567.0177936554,0.496,0.599,0.582,0.467,1.0,0.594,0.387,neutral,neutral,0.402,0.302,True,hesitant,1897.72,612930.38,0.0,0.1891,1.0,0.285
97711.18593215942,0.49,0.587,0.582,0.46,1.0,0.572,0.43,neutral,neutral,0.402,0.302,True,hesitant,1897.72,612930.38,0.0,0.1891,1.0,0.285
97737.8478050232,0.49,0.586,0.582,0.463,1.0,0.583,0.446,neutral,neutral,0.402,0.302,True,hesitant,1897.72,612930.38,0.0,0.1891,1.0,0.285
97771.05832099915,0.485,0.584,0.594,0.461,1.0,0.574,0.444,neutral,neutral,0.431,0.305,True,hesitant,1897.72,612930.38,0.0,0.1891,1.0,0.285
97893.52893829346,0.485,0.589,0.594,0.457,1.0,0.56,0.407,neutral,neutral,0.431,0.305,True,hesitant,1897.72,612930.38,0.0,0.1891,1.0,0.285
97921.90933227539,0.485,0.589,0.594,0.455,1.0,0.554,0.402,neutral,neutral,0.431,0.305,True,hesitant,1897.72,612930.38,0.0,0.1891,1.0,0.285
97949.73015785217,0.489,0.592,0.578,0.448,1.0,0.549,0.379,neutral,neutral,0.399,0.313,True,hesitant,1897.72,612930.38,0.0,0.1891,1.0,0.285
98073.45747947693,0.491,0.597,0.578,0.448,1.0,0.548,0.354,neutral,neutral,0.399,0.313,True,hesitant,1897.72,612930.38,0.0,0.1891,1.0,0.285
98106.26578330994,0.49,0.595,0.578,0.448,1.0,0.548,0.363,neutral,neutral,0.399,0.313,True,hesitant,1897.72,612930.38,0.0,0.1891,1.0,0.285
98136.77740097046,0.489,0.602,0.589,0.448,1.0,0.551,0.334,neutral,neutral,0.425,0.316,True,hesitant,1897.72,612930.38,0.0,0.1891,1.0,0.285
98260.46371459961,0.488,0.602,0.589,0.444,1.0,0.538,0.32,neutral,neutral,0.425,0.316,True,hesitant,1897.72,612930.38,0.0,0.1891,1.0,0.285
98290.363073349,0.487,0.598,0.589,0.447,1.0,0.549,0.35,neutral,neutral,0.425,0.316,True,hesitant,1897.72,612930.38,0.0,0.1891,1.0,0.285
98319.24271583557,0.489,0.604,0.598,0.457,1.0,0.564,0.334,neutral,neutral,0.438,0.3,True,hesitant,1897.72,612930.38,0.0,0.1891,1.0,0.285
98446.772813797,0.489,0.605,0.598,0.454,1.0,0.557,0.324,neutral,neutral,0.438,0.3,True,hesitant,1897.72,612930.38,0.0,0.1891,1.0,0.285
98493.62421035767,0.485,0.593,0.598,0.455,1.0,0.56,0.384,neutral,neutral,0.438,0.3,True,hesitant,1897.72,612930.38,0.0,0.1891,1.0,0.285
98523.77676963806,0.489,0.608,0.604,0.458,1.0,0.556,0.305,neutral,neutral,0.448,0.29,True,hesitant,1897.72,612930.38,0.0,0.1891,1.0,0.285
98648.27966690063,0.486,0.603,0.604,0.454,1.0,0.541,0.316,neutral,neutral,0.448,0.29,True,hesitant,1897.72,612930.38,0.0,0.1891,1.0,0.285
98688.12584877014,0.461,0.566,0.604,0.415,1.0,0.411,0.373,neutral,neutral,0.448,0.29,True,hesitant,1897.72,612930.38,0.0,0.1891,1.0,0.285
98717.85974502563,0.468,0.56,0.592,0.431,1.0,0.405,0.397,neutral,surprise,0.391,0.241,True,hesitant,1897.72,612930.38,0.0,0.1891,1.0,0.285
98844.67124938965,0.462,0.546,0.592,0.426,1.0,0.389,0.45,neutral,surprise,0.391,0.241,True,hesitant,1897.72,612930.38,0.0,0.1891,1.0,0.285
98899.31201934814,0.464,0.538,0.592,0.442,1.0,0.44,0.539,neutral,surprise,0.391,0.241,True,hesitant,1897.72,612930.38,0.0,0.1891,1.0,0.285
98929.35085296631,0.463,0.533,0.569,0.417,1.0,0.441,0.573,neutral,neutral,0.374,0.306,True,hesitant,1897.72,612930.38,0.0,0.1891,1.0,0.285
99046.59700393677,0.454,0.515,0.569,0.411,1.0,0.42,0.644,neutral,neutral,0.374,0.306,True,hesitant,1897.72,612930.38,0.0,0.1891,1.0,0.285
99091.0861492157,0.452,0.505,0.569,0.414,1.0,0.428,0.706,neutral,neutral,0.374,0.306,True,hesitant,1897.72,612930.38,0.0,0.1891,1.0,0.285
99122.3635673523,0.454,0.506,0.556,0.404,1.0,0.417,0.719,neutral,neutral,0.381,0.372,False,hesitant,1897.72,612930.38,0.0,0.1891,1.0,0.285
99302.14715003967,0.463,0.51,0.556,0.432,1.0,0.51,0.787,neutral,neutral,0.381,0.372,False,hesitant,1897.72,612930.38,0.0,0.1891,1.0,0.285
99337.39399909973,0.47,0.512,0.556,0.45,1.0,0.573,0.84,neutral,neutral,0.381,0.372,False,hesitant,1897.72,612930.38,0.0,0.1891,1.0,0.285
99376.46055221558,0.485,0.513,0.531,0.472,1.0,0.586,0.926,neutral,neutral,0.43,0.327,False,hesitant,2135.89,270115.5,0.0,0.1937,1.0,0.397
99497.86686897278,0.483,0.51,0.531,0.469,1.0,0.575,0.933,backward,neutral,0.43,0.327,False,hesitant,2135.89,270115.5,0.0,0.1937,1.0,0.397
99525.32267570496,0.471,0.489,0.531,0.453,1.0,0.522,0.991,backward,neutral,0.43,0.327,False,hesitant,2135.89,270115.5,0.0,0.1937,1.0,0.397
99552.39653587341,0.47,0.492,0.538,0.455,1.0,0.513,0.968,backward,neutral,0.448,0.334,False,hesitant,2135.89,270115.5,0.0,0.1937,1.0,0.397
99672.27911949158,0.467,0.488,0.538,0.448,1.0,0.49,0.967,backward,neutral,0.448,0.334,False,hesitant,2135.89,270115.5,0.0,0.1937,1.0,0.397
99701.10535621643,0.464,0.484,0.538,0.442,1.0,0.47,0.969,neutral,neutral,0.448,0.334,False,hesitant,2135.89,270115.5,0.0,0.1937,1.0,0.397
99729.02631759644,0.472,0.494,0.522,0.441,1.0,0.478,0.932,neutral,neutral,0.417,0.353,False,hesitant,2135.89,270115.5,0.0,0.1937,1.0,0.397
99851.9835472107,0.479,0.503,0.522,0.451,1.0,0.512,0.92,neutral,neutral,0.417,0.353,False,hesitant,2135.89,270115.5,0.0,0.1937,1.0,0.397
99890.89941978455,0.475,0.5,0.522,0.443,1.0,0.484,0.904,neutral,neutral,0.417,0.353,False,hesitant,2135.89,270115.5,0.0,0.1937,1.0,0.397
99921.01120948792,0.476,0.511,0.533,0.446,1.0,0.469,0.826,neutral,neutral,0.438,0.339,False,hesitant,2135.89,270115.5,0.0,0.1937,1.0,0.397
100040.91668128967,0.481,0.522,0.533,0.45,1.0,0.484,0.783,neutral,neutral,0.438,0.339,False,hesitant,2135.89,270115.5,0.0,0.1937,1.0,0.397
100102.16856002808,0.491,0.534,0.533,0.47,1.0,0.55,0.786,neutral,neutral,0.438,0.339,False,hesitant,2135.89,270115.5,0.0,0.1937,1.0,0.397
100132.14564323425,0.489,0.539,0.531,0.453,1.0,0.492,0.7,neutral,neutral,0.429,0.328,False,hesitant,2135.89,270115.5,0.0,0.1937,1.0,0.397
100266.52145385742,0.492,0.548,0.531,0.453,1.0,0.489,0.645,neutral,neutral,0.429,0.328,False,hesitant,2135.89,270115.5,0.0,0.1937,1.0,0.397
100308.67505073547,0.498,0.565,0.531,0.455,1.0,0.496,0.565,backward,neutral,0.429,0.328,False,hesitant,2135.89,270115.5,0.0,0.1937,1.0,0.397
100337.45908737183,0.505,0.579,0.531,0.46,1.0,0.514,0.505,backward,neutral,0.428,0.325,False,hesitant,2135.89,270115.5,0.0,0.1937,1.0,0.397
100464.14732933044,0.507,0.585,0.531,0.459,1.0,0.51,0.472,backward,neutral,0.428,0.325,False,hesitant,2135.89,270115.5,0.0,0.1937,1.0,0.397
100498.09980392456,0.502,0.58,0.531,0.45,1.0,0.48,0.467,backward,neutral,0.428,0.325,False,hesitant,2135.89,270115.5,0.0,0.1937,1.0,0.397
100531.67390823364,0.499,0.591,0.544,0.441,1.0,0.474,0.415,backward,neutral,0.471,0.37,False,hesitant,2135.89,270115.5,0.0,0.1937,1.0,0.397
100649.63340759277,0.494,0.585,0.544,0.431,1.0,0.44,0.413,neutral,neutral,0.471,0.37,False,hesitant,2135.89,270115.5,0.0,0.1937,1.0,0.397
100707.692861557,0.493,0.584,0.544,0.43,1.0,0.435,0.415,neutral,neutral,0.471,0.37,False,hesitant,2135.89,270115.5,0.0,0.1937,1.0,0.397
100739.86458778381,0.504,0.596,0.545,0.453,1.0,0.444,0.344,neutral,neutral,0.457,0.305,False,hesitant,2135.89,270115.5,0.0,0.1937,1.0,0.397
100865.10348320007,0.506,0.599,0.545,0.456,1.0,0.455,0.342,neutral,neutral,0.457,0.305,False,hesitant,2135.89,270115.5,0.0,0.1937,1.0,0.397
100897.72152900696,0.5,0.588,0.545,0.451,1.0,0.438,0.38,neutral,neutral,0.457,0.305,False,hesitant,2135.89,270115.5,0.0,0.1937,1.0,0.397
100927.33454704285,0.498,0.591,0.543,0.439,1.0,0.437,0.366,neutral,neutral,0.458,0.33,False,hesitant,2135.89,270115.5,0.0,0.1937,1.0,0.397
101125.25701522827,0.501,0.596,0.543,0.44,1.0,0.439,0.344,neutral,neutral,0.458,0.33,False,hesitant,2135.89,270115.5,0.0,0.1937,1.0,0.397
101156.53014183044,0.545,0.631,0.476,0.47,1.0,0.452,0.34,backward,neutral,0.458,0.33,False,hesitant,1172.94,1049885.2,0.0088,0.124,0.615,0.505
101192.22927093506,0.548,0.632,0.477,0.48,1.0,0.453,0.337,backward,neutral,0.459,0.31,False,hesitant,1172.94,1049885.2,0.0088,0.124,0.615,0.505
101310.71448326111,0.519,0.574,0.477,0.449,1.0,0.347,0.512,backward,neutral,0.459,0.31,False,hesitant,1172.94,1049885.2,0.0088,0.124,0.615,0.505
101340.53683280945,0.501,0.546,0.477,0.423,1.0,0.262,0.567,backward,neutral,0.459,0.31,False,hesitant,1172.94,1049885.2,0.0088,0.124,0.615,0.505
101370.17560005188,0.493,0.533,0.465,0.396,1.0,0.227,0.605,backward,neutral,0.438,0.344,False,hesitant,1172.94,1049885.2,0.0088,0.124,0.615,0.505
101487.12992668152,0.482,0.499,0.465,0.401,1.0,0.245,0.789,neutral,neutral,0.438,0.344,False,hesitant,1172.94,1049885.2,0.0088,0.124,0.615,0.505
101517.10152626038,0.482,0.494,0.465,0.406,1.0,0.26,0.825,neutral,neutral,0.438,0.344,False,hesitant,1172.94,1049885.2,0.0088,0.124,0.615,0.505
101545.95565795898,0.487,0.498,0.467,0.419,1.0,0.279,0.809,neutral,neutral,0.437,0.294,False,hesitant,1172.94,1049885.2,0.0088,0.124,0.615,0.505
101664.18480873108,0.493,0.506,0.467,0.431,1.0,0.319,0.812,backward,neutral,0.437,0.294,False,hesitant,1172.94,1049885.2,0.0088,0.124,0.615,0.505
101703.51243019104,0.502,0.503,0.467,0.465,1.0,0.431,0.933,backward,neutral,0.437,0.294,False,hesitant,1172.94,1049885.2,0.0088,0.124,0.615,0.505
101732.04779624939,0.515,0.524,0.425,0.433,1.0,0.496,0.94,backward,neutral,0.37,0.391,True,hesitant,1172.94,1049885.2,0.0088,0.124,0.615,0.505
101859.77149009705,0.525,0.535,0.425,0.456,1.0,0.573,0.959,backward,neutral,0.37,0.391,True,hesitant,1172.94,1049885.2,0.0088,0.124,0.615,0.505
101910.46357154846,0.525,0.531,0.425,0.461,1.0,0.587,0.992,backward,neutral,0.37,0.391,True,hesitant,1172.94,1049885.2,0.0088,0.124,0.615,0.505
101943.66788864136,0.517,0.522,0.442,0.464,1.0,0.563,1.0,backward,neutral,0.398,0.365,True,hesitant,1172.94,1049885.2,0.0088,0.124,0.615,0.505
102072.32904434204,0.517,0.522,0.442,0.464,1.0,0.561,1.0,backward,neutral,0.398,0.365,True,hesitant,1172.94,1049885.2,0.0088,0.124,0.615,0.505
102104.19917106628,0.539,0.549,0.442,0.505,1.0,0.698,1.0,backward,neutral,0.398,0.365,True,hesitant,1172.94,1049885.2,0.0088,0.124,0.615,0.505
102137.57157325745,0.535,0.54,0.435,0.494,1.0,0.657,1.0,backward,neutral,0.382,0.35,True,hesitant,1172.94,1049885.2,0.0088,0.124,0.615,0.505
102254.8987865448,0.534,0.538,0.435,0.492,1.0,0.65,1.0,backward,neutral,0.382,0.35,True,hesitant,1172.94,1049885.2,0.0088,0.124,0.615,0.505
102305.51528930664,0.537,0.544,0.435,0.495,1.0,0.659,0.982,backward,neutral,0.382,0.35,True,hesitant,1172.94,1049885.2,0.0088,0.124,0.615,0.505
102333.58240127563,0.529,0.571,0.434,0.437,1.0,0.594,0.83,backward,neutral,0.393,0.446,True,hesitant,1172.94,1049885.2,0.0088,0.124,0.615,0.505
102457.1635723114,0.527,0.564,0.434,0.437,1.0,0.592,0.863,backward,neutral,0.393,0.446,True,hesitant,1172.94,1049885.2,0.0088,0.124,0.615,0.505
102500.30159950256,0.513,0.545,0.434,0.414,1.0,0.517,0.887,backward,neutral,0.393,0.446,True,hesitant,1172.94,1049885.2,0.0088,0.124,0.615,0.505
102528.83863449097,0.513,0.53,0.435,0.433,1.0,0.488,0.891,backward,neutral,0.387,0.377,True,hesitant,1172.94,1049885.2,0.0088,0.124,0.615,0.505
102649.64175224304,0.52,0.545,0.435,0.439,1.0,0.506,0.834,backward,neutral,0.387,0.377,True,hesitant,1172.94,1049885.2,0.0088,0.124,0.615,0.505
102708.66990089417,0.519,0.545,0.435,0.435,1.0,0.493,0.823,backward,neutral,0.387,0.377,True,hesitant,1172.94,1049885.2,0.0088,0.124,0.615,0.505
102744.03405189514,0.522,0.554,0.429,0.426,1.0,0.482,0.766,backward,neutral,0.377,0.382,True,hesitant,1172.94,1049885.2,0.0088,0.124,0.615,0.505
102928.05099487305,0.501,0.543,0.472,0.422,1.0,0.487,0.739,backward,neutral,0.377,0.382,True,hesitant,440.74,512317.82,0.0071,0.1107,0.692,0.474
102959.49292182922,0.502,0.544,0.472,0.424,1.0,0.491,0.736,backward,neutral,0.377,0.382,True,hesitant,440.74,512317.82,0.0071,0.1107,0.692,0.474
102987.09988594055,0.506,0.551,0.475,0.431,1.0,0.465,0.654,backward,neutral,0.376,0.347,True,hesitant,440.74,512317.82,0.0071,0.1107,0.692,0.474
103103.42335700989,0.51,0.564,0.475,0.428,1.0,0.457,0.574,backward,neutral,0.376,0.347,True,hesitant,440.74,512317.82,0.0071,0.1107,0.692,0.474
103136.33060455322,0.508,0.563,0.475,0.425,1.0,0.446,0.568,backward,neutral,0.376,0.347,True,hesitant,440.74,512317.82,0.0071,0.1107,0.692,0.474
103165.64345359802,0.504,0.563,0.471,0.407,1.0,0.429,0.562,backward,neutral,0.374,0.384,True,hesitant,440.74,512317.82,0.0071,0.1107,0.692,0.474
103281.22878074646,0.501,0.562,0.471,0.396,1.0,0.392,0.536,backward,neutral,0.374,0.384,True,hesitant,440.74,512317.82,0.0071,0.1107,0.692,0.474
103310.82797050476,0.504,0.57,0.471,0.399,1.0,0.402,0.498,backward,neutral,0.374,0.384,True,hesitant,440.74,512317.82,0.0071,0.1107,0.692,0.474
103340.52801132202,0.508,0.583,0.474,0.398,1.0,0.41,0.428,backward,neutral,0.383,0.389,True,hesitant,440.74,512317.82,0.0071,0.1107,0.692,0.474
103456.09283447266,0.504,0.576,0.474,0.395,1.0,0.4,0.461,backward,neutral,0.383,0.389,True,hesitant,440.74,512317.82,0.0071,0.1107,0.692,0.474
103506.57916069031,0.5,0.571,0.474,0.387,1.0,0.376,0.465,backward,neutral,0.383,0.389,True,hesitant,440.74,512317.82,0.0071,0.1107,0.692,0.474
103538.9928817749,0.503,0.58,0.468,0.379,1.0,0.365,0.409,backward,neutral,0.373,0.407,True,hesitant,440.74,512317.82,0.0071,0.1107,0.692,0.474
103657.6828956604,0.5,0.578,0.468,0.373,1.0,0.346,0.403,backward,neutral,0.373,0.407,True,hesitant,440.74,512317.82,0.0071,0.1107,0.692,0.474
103703.81307601929,0.5,0.574,0.468,0.375,1.0,0.352,0.435,backward,neutral,0.373,0.407,True,hesitant,440.74,512317.82,0.0071,0.1107,0.692,0.474
103733.58392715454,0.5,0.574,0.475,0.384,1.0,0.353,0.424,backward,neutral,0.386,0.386,True,hesitant,440.74,512317.82,0.0071,0.1107,0.692,0.474
103851.84049606323,0.505,0.583,0.475,0.39,1.0,0.373,0.394,backward,neutral,0.386,0.386,True,hesitant,440.74,512317.82,0.0071,0.1107,0.692,0.474
103914.32356834412,0.502,0.575,0.475,0.39,1.0,0.373,0.435,backward,neutral,0.386,0.386,True,hesitant,440.74,512317.82,0.0071,0.1107,0.692,0.474
103942.23356246948,0.504,0.575,0.481,0.402,1.0,0.381,0.438,neutral,neutral,0.396,0.355,True,hesitant,440.74,512317.82,0.0071,0.1107,0.692,0.474
104062.36124038696,0.501,0.577,0.481,0.393,1.0,0.351,0.391,neutral,neutral,0.396,0.355,True,hesitant,440.74,512317.82,0.0071,0.1107,0.692,0.474
104097.07117080688,0.501,0.579,0.481,0.389,1.0,0.339,0.373,neutral,neutral,0.396,0.355,True,hesitant,440.74,512317.82,0.0071,0.1107,0.692,0.474
104126.14631652832,0.502,0.576,0.496,0.415,1.0,0.331,0.363,neutral,neutral,0.423,0.282,True,hesitant,440.74,512317.82,0.0071,0.1107,0.692,0.474
104242.1703338623,0.502,0.573,0.496,0.416,1.0,0.332,0.383,neutral,neutral,0.423,0.282,True,hesitant,440.74,512317.82,0.0071,0.1107,0.692,0.474
104268.32962036133,0.502,0.573,0.496,0.416,1.0,0.333,0.382,neutral,neutral,0.423,0.282,True,hesitant,440.74,512317.82,0.0071,0.1107,0.692,0.474
104298.05207252502,0.497,0.588,0.488,0.374,1.0,0.335,0.327,neutral,neutral,0.423,0.395,True,hesitant,440.74,512317.82,0.0071,0.1107,0.692,0.474
104424.50428009033,0.498,0.589,0.488,0.374,1.0,0.335,0.321,neutral,neutral,0.423,0.395,True,hesitant,440.74,512317.82,0.0071,0.1107,0.692,0.474
104454.32782173157,0.498,0.589,0.488,0.374,1.0,0.338,0.323,neutral,neutral,0.423,0.395,True,hesitant,440.74,512317.82,0.0071,0.1107,0.692,0.474
104485.111951828,0.502,0.584,0.478,0.384,1.0,0.329,0.331,neutral,neutral,0.388,0.361,True,hesitant,440.74,512317.82,0.0071,0.1107,0.692,0.474
104667.73986816406,0.505,0.59,0.478,0.385,1.0,0.333,0.304,backward,neutral,0.388,0.361,True,hesitant,440.74,512317.82,0.0071,0.1107,0.692,0.474
104710.34359931946,0.423,0.515,0.619,0.364,1.0,0.334,0.302,backward,neutral,0.388,0.361,True,hesitant,1484.55,1061130.77,0.0001,0.1859,1.0,0.29
104737.3833656311,0.421,0.512,0.626,0.371,1.0,0.335,0.311,backward,neutral,0.402,0.346,True,hesitant,1484.55,1061130.77,0.0001,0.1859,1.0,0.29
104856.54091835022,0.425,0.52,0.626,0.375,1.0,0.348,0.274,backward,neutral,0.402,0.346,True,hesitant,1484.55,1061130.77,0.0001,0.1859,1.0,0.29
104915.23337364197,0.427,0.522,0.626,0.378,1.0,0.358,0.272,neutral,neutral,0.402,0.346,True,hesitant,1484.55,1061130.77,0.0001,0.1859,1.0,0.29
104944.28396224976,0.429,0.525,0.629,0.384,1.0,0.361,0.25,neutral,neutral,0.408,0.338,True,hesitant,1484.55,1061130.77,0.0001,0.1859,1.0,0.29
105067.07978248596,0.427,0.519,0.629,0.386,1.0,0.368,0.302,neutral,neutral,0.408,0.338,True,hesitant,1484.55,1061130.77,0.0001,0.1859,1.0,0.29
105107.04493522644,0.429,0.52,0.629,0.39,1.0,0.382,0.306,neutral,neutral,0.408,0.338,True,hesitant,1484.55,1061130.77,0.0001,0.1859,1.0,0.29
105137.69268989563,0.431,0.522,0.634,0.4,1.0,0.384,0.284,neutral,neutral,0.411,0.312,True,hesitant,1484.55,1061130.77,0.0001,0.1859,1.0,0.29
105255.13291358948,0.429,0.514,0.634,0.402,1.0,0.392,0.346,neutral,neutral,0.411,0.312,True,hesitant,1484.55,1061130.77,0.0001,0.1859,1.0,0.29
105281.29363059998,0.43,0.515,0.634,0.404,1.0,0.397,0.346,neutral,neutral,0.411,0.312,True,hesitant,1484.55,1061130.77,0.0001,0.1859,1.0,0.29
105317.78979301453,0.43,0.521,0.63,0.394,1.0,0.392,0.31,neutral,neutral,0.405,0.329,True,hesitant,1484.55,1061130.77,0.0001,0.1859,1.0,0.29
105433.6793422699,0.427,0.517,0.63,0.388,1.0,0.372,0.314,neutral,neutral,0.405,0.329,True,hesitant,1484.55,1061130.77,0.0001,0.1859,1.0,0.29
105463.53197097778,0.426,0.516,0.63,0.386,1.0,0.368,0.318,neutral,neutral,0.405,0.329,True,hesitant,1484.55,1061130.77,0.0001,0.1859,1.0,0.29
105490.8971786499,0.425,0.513,0.625,0.38,1.0,0.366,0.337,neutral,neutral,0.396,0.345,True,hesitant,1484.55,1061130.77,0.0001,0.1859,1.0,0.29
105612.29038238525,0.428,0.517,0.625,0.387,1.0,0.391,0.339,neutral,neutral,0.396,0.345,True,hesitant,1484.55,1061130.77,0.0001,0.1859,1.0,0.29
105644.02556419373,0.431,0.521,0.625,0.393,1.0,0.409,0.33,backward,neutral,0.396,0.345,True,hesitant,1484.55,1061130.77,0.0001,0.1859,1.0,0.29
105676.70679092407,0.447,0.534,0.621,0.425,1.0,0.545,0.389,backward,neutral,0.398,0.365,True,hesitant,1484.55,1061130.77,0.0001,0.1859,1.0,0.29
105792.3755645752,0.443,0.529,0.621,0.419,1.0,0.523,0.404,backward,neutral,0.398,0.365,True,hesitant,1484.55,1061130.77,0.0001,0.1859,1.0,0.29
105818.90749931335,0.441,0.525,0.621,0.414,1.0,0.509,0.412,neutral,neutral,0.398,0.365,True,hesitant,1484.55,1061130.77,0.0001,0.1859,1.0,0.29
105851.41921043396,0.437,0.522,0.621,0.406,1.0,0.47,0.388,neutral,neutral,0.392,0.358,True,hesitant,1484.55,1061130.77,0.0001,0.1859,1.0,0.29
105969.99716758728,0.435,0.52,0.621,0.402,1.0,0.456,0.385,neutral,neutral,0.392,0.358,True,hesitant,1484.55,1061130.77,0.0001,0.1859,1.0,0.29
105997.12085723877,0.434,0.519,0.621,0.4,1.0,0.449,0.388,neutral,neutral,0.392,0.358,True,hesitant,1484.55,1061130.77,0.0001,0.1859,1.0,0.29
106049.27968978882,0.434,0.524,0.62,0.392,1.0,0.433,0.34,backward,neutral,0.392,0.363,True,hesitant,1484.55,1061130.77,0.0001,0.1859,1.0,0.29
106163.80667686462,0.434,0.525,0.62,0.391,1.0,0.428,0.333,backward,neutral,0.392,0.363,True,hesitant,1484.55,1061130.77,0.0001,0.1859,1.0,0.29
106197.64423370361,0.434,0.523,0.62,0.392,1.0,0.432,0.348,backward,neutral,0.392,0.363,True,hesitant,1484.55,1061130.77,0.0001,0.1859,1.0,0.29
106244.98987197876,0.432,0.519,0.629,0.401,1.0,0.422,0.354,backward,neutral,0.409,0.339,True,hesitant,1484.55,1061130.77,0.0001,0.1859,1.0,0.29
106438.09866905212,0.469,0.578,0.588,0.41,1.0,0.452,0.338,backward,neutral,0.409,0.339,True,hesitant,2285.71,0.0,0.0,0.2018,1.0,0.264
106476.05276107788,0.467,0.578,0.588,0.402,1.0,0.428,0.317,backward,neutral,0.409,0.339,True,hesitant,2285.71,0.0,0.0,0.2018,1.0,0.264
106514.18042182922,0.468,0.579,0.584,0.398,1.0,0.432,0.318,backward,neutral,0.406,0.349,True,hesitant,2285.71,0.0,0.0,0.2018,1.0,0.264
106638.50426673889,0.464,0.572,0.584,0.393,1.0,0.415,0.333,backward,neutral,0.406,0.349,True,hesitant,2285.71,0.0,0.0,0.2018,1.0,0.264
106666.29719734192,0.469,0.585,0.584,0.394,1.0,0.418,0.275,backward,neutral,0.406,0.349,True,hesitant,2285.71,0.0,0.0,0.2018,1.0,0.264
106696.20442390442,0.468,0.587,0.594,0.403,1.0,0.421,0.26,backward,neutral,0.415,0.324,True,hesitant,2285.71,0.0,0.0,0.2018,1.0,0.264
106812.7019405365,0.469,0.587,0.594,0.404,1.0,0.425,0.266,backward,neutral,0.415,0.324,True,hesitant,2285.71,0.0,0.0,0.2018,1.0,0.264
106840.82746505737,0.472,0.593,0.594,0.407,1.0,0.436,0.245,backward,neutral,0.415,0.324,True,hesitant,2285.71,0.0,0.0,0.2018,1.0,0.264
106871.85025215149,0.473,0.595,0.607,0.424,1.0,0.466,0.261,neutral,neutral,0.433,0.305,True,hesitant,2285.71,0.0,0.0,0.2018,1.0,0.264
107132.78079032898,0.47,0.592,0.607,0.418,1.0,0.445,0.256,neutral,neutral,0.433,0.305,True,hesitant,2285.71,0.0,0.0,0.2018,1.0,0.264
107176.00965499878,0.47,0.592,0.607,0.417,1.0,0.44,0.251,neutral,neutral,0.433,0.305,True,hesitant,2285.71,0.0,0.0,0.2018,1.0,0.264
107226.20630264282,0.474,0.595,0.566,0.38,1.0,0.432,0.249,neutral,neutral,0.392,0.394,True,hesitant,2285.71,0.0,0.0,0.2018,1.0,0.264
107457.59797096252,0.465,0.582,0.566,0.366,1.0,0.386,0.272,neutral,neutral,0.392,0.394,True,hesitant,2285.71,0.0,0.0,0.2018,1.0,0.264
107507.24244117737,0.464,0.582,0.566,0.363,1.0,0.376,0.259,neutral,neutral,0.392,0.394,True,hesitant,2285.71,0.0,0.0,0.2018,1.0,0.264
107548.15649986267,0.459,0.576,0.601,0.392,1.0,0.368,0.261,neutral,neutral,0.426,0.315,True,hesitant,2285.71,0.0,0.0,0.2018,1.0,0.264
107785.36057472229,0.468,0.582,0.601,0.414,1.0,0.444,0.306,neutral,neutral,0.426,0.315,True,hesitant,2285.71,0.0,0.0,0.2018,1.0,0.264
107834.00392532349,0.467,0.575,0.601,0.421,1.0,0.466,0.366,neutral,neutral,0.426,0.315,True,hesitant,2285.71,0.0,0.0,0.2018,1.0,0.264
107878.23009490967,0.48,0.582,0.645,0.506,1.0,0.65,0.505,neutral,neutral,0.491,0.23,True,hesitant,2285.71,0.0,0.0,0.2018,1.0,0.264
108264.39547538757,0.479,0.572,0.645,0.516,1.0,0.684,0.593,neutral,neutral,0.491,0.23,True,hesitant,2285.71,0.0,0.0,0.2018,1.0,0.264
108321.40111923218,0.474,0.553,0.645,0.52,1.0,0.696,0.698,neutral,neutral,0.491,0.23,True,hesitant,2285.71,0.0,0.0,0.2018,1.0,0.264
108393.22066307068,0.479,0.55,0.641,0.535,1.0,0.686,0.701,neutral,disgust,0.454,0.183,True,hesitant,2285.71,0.0,0.0,0.2007,1.0,0.265
108652.30655670166,0.473,0.537,0.641,0.53,1.0,0.669,0.743,neutral,disgust,0.454,0.183,True,hesitant,2285.71,0.0,0.0,0.2007,1.0,0.265
108719.91968154907,0.478,0.545,0.641,0.54,1.0,0.7,0.736,neutral,disgust,0.454,0.183,True,hesitant,2285.71,0.0,0.0,0.2007,1.0,0.265
108764.34373855591,0.477,0.549,0.652,0.543,1.0,0.727,0.745,neutral,disgust,0.493,0.195,True,hesitant,2285.71,0.0,0.0,0.2007,1.0,0.265
108954.1974067688,0.455,0.516,0.652,0.509,1.0,0.613,0.788,neutral,disgust,0.493,0.195,True,hesitant,2285.71,0.0,0.0,0.2007,1.0,0.265
108994.01593208313,0.45,0.495,0.652,0.517,1.0,0.642,0.922,neutral,disgust,0.493,0.195,True,hesitant,2285.71,0.0,0.0,0.2007,1.0,0.265
109044.03924942017,0.442,0.473,0.638,0.499,1.0,0.609,1.0,neutral,disgust,0.465,0.217,True,hesitant,2285.71,0.0,0.0,0.2007,1.0,0.265
109237.41483688354,0.432,0.461,0.638,0.481,1.0,0.55,1.0,neutral,disgust,0.465,0.217,True,hesitant,2285.71,0.0,0.0,0.2007,1.0,0.265
109266.32761955261,0.42,0.446,0.638,0.459,1.0,0.477,1.0,neutral,disgust,0.465,0.217,True,hesitant,2285.71,0.0,0.0,0.2007,1.0,0.265
109317.25001335144,0.413,0.442,0.666,0.472,1.0,0.46,1.0,neutral,disgust,0.522,0.17,True,hesitant,2285.71,0.0,0.0,0.2007,1.0,0.265
109469.03872489929,0.412,0.44,0.666,0.47,1.0,0.454,1.0,neutral,disgust,0.522,0.17,True,hesitant,2285.71,0.0,0.0,0.2007,1.0,0.265
109498.14438819885,0.418,0.458,0.666,0.468,1.0,0.449,0.909,backward,disgust,0.522,0.17,True,hesitant,2285.71,0.0,0.0,0.2007,1.0,0.265
109530.348777771,0.416,0.447,0.647,0.452,1.0,0.441,0.956,neutral,disgust,0.484,0.206,True,hesitant,2285.71,0.0,0.0,0.2007,1.0,0.265
119839.24579620361,0.491,0.59,0.556,0.431,1.0,0.449,0.328,backward,neutral,0.443,0.263,True,hesitant,2222.23,118836.19,0.0,0.2001,1.0,0.388
119971.38476371765,0.483,0.581,0.556,0.415,1.0,0.394,0.325,backward,neutral,0.443,0.263,True,hesitant,2222.23,118836.19,0.0,0.2001,1.0,0.388
120004.12321090698,0.481,0.579,0.556,0.411,1.0,0.382,0.32,backward,neutral,0.443,0.263,True,hesitant,2222.23,118836.19,0.0,0.2001,1.0,0.388
120035.26997566223,0.482,0.58,0.555,0.411,1.0,0.376,0.311,backward,neutral,0.439,0.258,True,hesitant,2222.23,118836.19,0.0,0.2001,1.0,0.388
120155.05862236023,0.487,0.591,0.555,0.416,1.0,0.393,0.266,backward,neutral,0.439,0.258,True,hesitant,2222.23,118836.19,0.0,0.2001,1.0,0.388
120215.89922904968,0.488,0.591,0.555,0.419,1.0,0.402,0.277,backward,neutral,0.439,0.258,True,hesitant,2222.23,118836.19,0.0,0.2001,1.0,0.388
120246.90651893616,0.493,0.593,0.545,0.422,1.0,0.41,0.275,backward,neutral,0.407,0.255,True,hesitant,2222.23,118836.19,0.0,0.2001,1.0,0.388
120364.34650421143,0.496,0.599,0.545,0.424,1.0,0.415,0.25,backward,neutral,0.407,0.255,True,hesitant,2222.23,118836.19,0.0,0.2001,1.0,0.388
120404.30808067322,0.5,0.604,0.545,0.432,1.0,0.443,0.251,backward,neutral,0.407,0.255,True,hesitant,2222.23,118836.19,0.0,0.2001,1.0,0.388
120435.2445602417,0.501,0.609,0.55,0.434,1.0,0.461,0.242,backward,neutral,0.427,0.266,True,hesitant,2222.23,118836.19,0.0,0.2001,1.0,0.388
120564.26119804382,0.501,0.608,0.55,0.436,1.0,0.467,0.255,backward,neutral,0.427,0.266,True,hesitant,2222.23,118836.19,0.0,0.2001,1.0,0.388
120613.78192901611,0.51,0.617,0.55,0.454,1.0,0.528,0.265,backward,neutral,0.427,0.266,True,hesitant,2222.23,118836.19,0.0,0.2001,1.0,0.388
120644.07229423523,0.515,0.63,0.556,0.464,1.0,0.537,0.208,backward,neutral,0.439,0.246,True,hesitant,2222.23,118836.19,0.0,0.2001,1.0,0.388
120856.86779022217,0.514,0.628,0.556,0.463,1.0,0.534,0.214,backward,neutral,0.439,0.246,True,hesitant,2222.23,118836.19,0.0,0.2001,1.0,0.388
120892.06004142761,0.499,0.619,0.591,0.463,1.0,0.53,0.238,backward,neutral,0.439,0.246,True,hesitant,1570.18,904411.59,0.0001,0.1674,1.0,0.321
120944.88334655762,0.498,0.622,0.592,0.458,1.0,0.538,0.229,backward,neutral,0.449,0.264,True,hesitant,1570.18,904411.59,0.0001,0.1674,1.0,0.321
121062.28733062744,0.499,0.623,0.592,0.459,1.0,0.542,0.227,backward,neutral,0.449,0.264,True,hesitant,1570.18,904411.59,0.0001,0.1674,1.0,0.321
121088.29736709595,0.5,0.613,0.592,0.477,1.0,0.602,0.34,backward,neutral,0.449,0.264,True,hesitant,1570.18,904411.59,0.0001,0.1674,1.0,0.321
121137.59064674377,0.502,0.62,0.639,0.53,1.0,0.631,0.346,neutral,disgust,0.548,0.153,True,hesitant,1570.18,904411.59,0.0001,0.1674,1.0,0.321
121252.19798088074,0.503,0.622,0.639,0.53,1.0,0.632,0.335,neutral,disgust,0.548,0.153,True,hesitant,1570.18,904411.59,0.0001,0.1674,1.0,0.321
121283.69331359863,0.497,0.61,0.639,0.523,1.0,0.607,0.372,neutral,disgust,0.548,0.153,True,hesitant,1570.18,904411.59,0.0001,0.1674,1.0,0.321
121314.2602443695,0.497,0.602,0.603,0.492,1.0,0.595,0.388,neutral,neutral,0.46,0.221,True,hesitant,1570.18,904411.59,0.0001,0.1674,1.0,0.321
121437.39295005798,0.499,0.606,0.603,0.492,1.0,0.593,0.368,neutral,neutral,0.46,0.221,True,hesitant,1570.18,904411.59,0.0001,0.1674,1.0,0.321
121467.56768226624,0.495,0.602,0.603,0.485,1.0,0.572,0.366,neutral,neutral,0.46,0.221,True,hesitant,1570.18,904411.59,0.0001,0.1674,1.0,0.321
121495.6362247467,0.489,0.606,0.648,0.513,1.0,0.568,0.352,neutral,fear,0.575,0.148,True,hesitant,1570.18,904411.59,0.0001,0.1674,1.0,0.321
121627.65002250671,0.488,0.603,0.648,0.511,1.0,0.559,0.356,neutral,fear,0.575,0.148,True,hesitant,1570.18,904411.59,0.0001,0.1674,1.0,0.321
121655.12418746948,0.485,0.599,0.648,0.507,1.0,0.548,0.365,neutral,fear,0.575,0.148,True,hesitant,1570.18,904411.59,0.0001,0.1674,1.0,0.321
121683.41374397278,0.487,0.595,0.639,0.508,1.0,0.569,0.405,neutral,disgust,0.548,0.161,True,hesitant,1570.18,904411.59,0.0001,0.1674,1.0,0.321
