timestamp_ms,performance_score,confidence_score,stress_score,engagement_score,posture_score,openness_score,fidget_score,lean,dominant_emotion,face_stress,face_confidence,eye_contact,tone_label,pitch_mean,pitch_variance,energy,speaking_rate,pause_ratio,tone_overall
498.3959197998047,0.468,0.682,0.78,0.507,1.0,0.453,0.0,neutral,sad,0.554,0.092,True,unknown,0.0,0.0,0.0,0.0,0.0,0.0
698.3547210693359,0.39,0.45,0.78,0.519,1.0,0.492,1.0,neutral,sad,0.554,0.092,True,unknown,0.0,0.0,0.0,0.0,0.0,0.0
730.3676605224609,0.415,0.484,0.776,0.558,1.0,0.635,1.0,neutral,fear,0.557,0.108,True,unknown,0.0,0.0,0.0,0.0,0.0,0.0
864.1338348388672,0.406,0.471,0.776,0.541,1.0,0.58,1.0,neutral,fear,0.557,0.108,True,unknown,0.0,0.0,0.0,0.0,0.0,0.0
893.1965827941895,0.403,0.468,0.776,0.537,1.0,0.566,1.0,neutral,fear,0.557,0.108,True,unknown,0.0,0.0,0.0,0.0,0.0,0.0
925.1048564910889,0.396,0.457,0.763,0.511,1.0,0.52,1.0,neutral,fear,0.561,0.153,True,unknown,0.0,0.0,0.0,0.0,0.0,0.0
1055.3646087646484,0.39,0.449,0.763,0.501,1.0,0.485,1.0,neutral,fear,0.561,0.153,True,unknown,0.0,0.0,0.0,0.0,0.0,0.0
1082.7381610870361,0.388,0.446,0.763,0.498,1.0,0.476,1.0,neutral,fear,0.561,0.153,True,unknown,0.0,0.0,0.0,0.0,0.0,0.0
1116.544485092163,0.394,0.441,0.736,0.491,1.0,0.456,1.0,neutral,fear,0.504,0.142,True,unknown,0.0,0.0,0.0,0.0,0.0,0.0
1242.8944110870361,0.389,0.434,0.736,0.482,1.0,0.428,1.0,neutral,fear,0.504,0.142,True,unknown,0.0,0.0,0.0,0.0,0.0,0.0
1273.9617824554443,0.397,0.445,0.736,0.495,1.0,0.469,1.0,neutral,fear,0.504,0.142,True,unknown,0.0,0.0,0.0,0.0,0.0,0.0
1305.6094646453857,0.392,0.448,0.76,0.504,1.0,0.487,1.0,neutral,fear,0.545,0.137,True,unknown,0.0,0.0,0.0,0.0,0.0,0.0
1425.3559112548828,0.375,0.425,0.76,0.474,1.0,0.385,1.0,neutral,fear,0.545,0.137,True,unknown,0.0,0.0,0.0,0.0,0.0,0.0
1455.0576210021973,0.366,0.413,0.76,0.459,1.0,0.338,1.0,neutral,fear,0.545,0.137,True,unknown,0.0,0.0,0.0,0.0,0.0,0.0
1485.206127166748,0.381,0.422,0.735,0.467,1.0,0.372,1.0,neutral,fear,0.512,0.157,True,unknown,0.0,0.0,0.0,0.0,0.0,0.0
1634.1638565063477,0.39,0.434,0.735,0.483,1.0,0.424,1.0,neutral,fear,0.512,0.157,True,unknown,0.0,0.0,0.0,0.0,0.0,0.0
1664.522409439087,0.408,0.459,0.735,0.514,1.0,0.529,1.0,neutral,fear,0.512,0.157,True,unknown,0.0,0.0,0.0,0.0,0.0,0.0
1694.4615840911865,0.408,0.46,0.736,0.515,1.0,0.538,1.0,neutral,fear,0.507,0.148,True,unknown,0.0,0.0,0.0,0.0,0.0,0.0
1830.251693725586,0.408,0.46,0.736,0.515,1.0,0.536,1.0,neutral,fear,0.507,0.148,True,unknown,0.0,0.0,0.0,0.0,0.0,0.0
1855.7417392730713,0.408,0.46,0.736,0.514,1.0,0.533,1.0,neutral,fear,0.507,0.148,True,unknown,0.0,0.0,0.0,0.0,0.0,0.0
1884.2730522155762,0.413,0.456,0.707,0.504,1.0,0.518,1.0,neutral,sad,0.463,0.161,True,unknown,0.0,0.0,0.0,0.0,0.0,0.0
2006.0946941375732,0.422,0.468,0.707,0.518,1.0,0.567,1.0,neutral,sad,0.463,0.161,True,unknown,0.0,0.0,0.0,0.0,0.0,0.0
2035.5536937713623,0.432,0.481,0.707,0.536,1.0,0.625,1.0,neutral,sad,0.463,0.161,True,unknown,0.0,0.0,0.0,0.0,0.0,0.0
2068.936824798584,0.465,0.498,0.63,0.538,1.0,0.697,1.0,neutral,sad,0.343,0.184,True,unknown,0.0,0.0,0.0,0.0,0.0,0.0
2189.556121826172,0.401,0.41,0.63,0.425,1.0,0.32,1.0,neutral,sad,0.343,0.184,True,unknown,0.0,0.0,0.0,0.0,0.0,0.0
2221.173048019409,0.437,0.459,0.63,0.488,1.0,0.529,1.0,neutral,sad,0.343,0.184,True,unknown,0.0,0.0,0.0,0.0,0.0,0.0
2254.8317909240723,0.504,0.564,0.586,0.539,1.0,0.95,1.0,neutral,neutral,0.406,0.378,False,unknown,0.0,0.0,0.0,0.0,0.0,0.0
2368.8628673553467,0.512,0.574,0.586,0.554,1.0,1.0,1.0,neutral,neutral,0.406,0.378,False,unknown,0.0,0.0,0.0,0.0,0.0,0.0
2399.052858352661,0.499,0.557,0.586,0.53,1.0,0.92,1.0,neutral,neutral,0.406,0.378,False,unknown,0.0,0.0,0.0,0.0,0.0,0.0
2453.3462524414062,0.491,0.547,0.61,0.544,1.0,0.887,1.0,neutral,neutral,0.42,0.341,False,unknown,0.0,0.0,0.0,0.0,0.0,0.0
2583.4381580352783,0.486,0.54,0.61,0.534,1.0,0.854,1.0,neutral,neutral,0.42,0.341,False,unknown,0.0,0.0,0.0,0.0,0.0,0.0
2616.483211517334,0.47,0.519,0.61,0.505,1.0,0.759,1.0,neutral,neutral,0.42,0.341,False,unknown,0.0,0.0,0.0,0.0,0.0,0.0
2647.282838821411,0.47,0.518,0.598,0.495,1.0,0.745,1.0,neutral,neutral,0.413,0.36,False,unknown,0.0,0.0,0.0,0.0,0.0,0.0
2934.276819229126,0.446,0.487,0.598,0.451,1.0,0.6,1.0,neutral,neutral,0.413,0.36,False,unknown,0.0,0.0,0.0,0.0,0.0,0.0
2995.502471923828,0.445,0.484,0.598,0.448,1.0,0.59,1.0,neutral,neutral,0.413,0.36,False,unknown,0.0,0.0,0.0,0.0,0.0,0.0
3057.6369762420654,0.435,0.435,0.615,0.493,1.0,0.43,1.0,neutral,surprise,0.24,0.109,False,unknown,0.0,0.0,0.0,0.0,0.0,0.0
4166.918516159058,0.445,0.448,0.615,0.51,1.0,0.485,1.0,neutral,surprise,0.24,0.109,False,unknown,0.0,0.0,0.0,0.0,0.0,0.0
4212.749481201172,0.459,0.468,0.615,0.535,1.0,0.57,1.0,neutral,surprise,0.24,0.109,False,unknown,0.0,0.0,0.0,0.0,0.0,0.0
4262.666702270508,0.449,0.487,0.606,0.469,1.0,0.609,1.0,neutral,neutral,0.417,0.346,False,unknown,0.0,0.0,0.0,0.0,0.0,0.0
4668.365955352783,0.45,0.489,0.606,0.471,1.0,0.616,1.0,neutral,neutral,0.417,0.346,False,unknown,0.0,0.0,0.0,0.0,0.0,0.0
4713.002681732178,0.459,0.5,0.606,0.486,1.0,0.668,1.0,neutral,neutral,0.417,0.346,False,unknown,0.0,0.0,0.0,0.0,0.0,0.0
4777.350187301636,0.459,0.495,0.604,0.49,1.0,0.661,1.0,neutral,neutral,0.39,0.305,True,unknown,0.0,0.0,0.0,0.0,0.0,0.0
5028.907775878906,0.466,0.504,0.604,0.502,1.0,0.703,1.0,neutral,neutral,0.39,0.305,True,unknown,0.0,0.0,0.0,0.0,0.0,0.0
5073.639631271362,0.457,0.492,0.604,0.486,1.0,0.65,1.0,neutral,neutral,0.39,0.305,True,unknown,0.0,0.0,0.0,0.0,0.0,0.0
5114.53652381897,0.466,0.504,0.605,0.505,1.0,0.706,1.0,neutral,neutral,0.384,0.294,True,unknown,0.0,0.0,0.0,0.0,0.0,0.0
5278.641939163208,0.471,0.511,0.605,0.514,1.0,0.736,1.0,neutral,neutral,0.384,0.294,True,unknown,0.0,0.0,0.0,0.0,0.0,0.0
5312.917232513428,0.479,0.521,0.605,0.527,1.0,0.78,1.0,neutral,neutral,0.384,0.294,True,unknown,0.0,0.0,0.0,0.0,0.0,0.0
5346.496105194092,0.46,0.496,0.598,0.487,1.0,0.665,1.0,neutral,neutral,0.386,0.314,True,unknown,0.0,0.0,0.0,0.0,0.0,0.0
5485.294580459595,0.459,0.494,0.598,0.483,1.0,0.653,1.0,neutral,neutral,0.386,0.314,True,unknown,0.0,0.0,0.0,0.0,0.0,0.0
5516.000032424927,0.454,0.488,0.598,0.475,1.0,0.626,1.0,neutral,neutral,0.386,0.314,True,unknown,0.0,0.0,0.0,0.0,0.0,0.0
5544.201850891113,0.453,0.486,0.604,0.481,1.0,0.627,1.0,neutral,neutral,0.383,0.295,True,unknown,0.0,0.0,0.0,0.0,0.0,0.0
5703.648328781128,0.451,0.484,0.604,0.476,1.0,0.611,0.993,neutral,neutral,0.383,0.295,True,unknown,0.0,0.0,0.0,0.0,0.0,0.0
5741.778135299683,0.451,0.485,0.604,0.476,1.0,0.612,0.993,neutral,neutral,0.383,0.295,True,unknown,0.0,0.0,0.0,0.0,0.0,0.0
5772.876739501953,0.456,0.497,0.614,0.49,1.0,0.611,0.928,neutral,sad,0.373,0.257,True,unknown,0.0,0.0,0.0,0.0,0.0,0.0
5941.2336349487305,0.464,0.514,0.614,0.496,1.0,0.629,0.873,neutral,sad,0.373,0.257,True,unknown,0.0,0.0,0.0,0.0,0.0,0.0
5978.904724121094,0.466,0.52,0.614,0.496,1.0,0.631,0.846,neutral,sad,0.373,0.257,True,unknown,0.0,0.0,0.0,0.0,0.0,0.0
6015.6214237213135,0.527,0.569,0.475,0.481,1.0,0.624,0.747,neutral,neutral,0.38,0.295,True,hesitant,2194.45,181144.82,0.0001,0.1948,1.0,0.454
6168.723106384277,0.533,0.587,0.475,0.481,1.0,0.626,0.66,neutral,neutral,0.38,0.295,True,hesitant,2194.45,181144.82,0.0001,0.1948,1.0,0.454
6199.22137260437,0.546,0.612,0.475,0.492,1.0,0.662,0.567,neutral,neutral,0.38,0.295,True,hesitant,2194.45,181144.82,0.0001,0.1948,1.0,0.454
6231.37640953064,0.549,0.615,0.479,0.506,1.0,0.69,0.579,neutral,neutral,0.386,0.28,True,hesitant,2194.45,181144.82,0.0001,0.1948,1.0,0.454
6361.797332763672,0.547,0.613,0.479,0.501,1.0,0.671,0.571,neutral,neutral,0.386,0.28,True,hesitant,2194.45,181144.82,0.0001,0.1948,1.0,0.454
6392.870187759399,0.56,0.646,0.479,0.504,1.0,0.682,0.417,neutral,neutral,0.386,0.28,True,hesitant,2194.45,181144.82,0.0001,0.1948,1.0,0.454
6426.468133926392,0.565,0.653,0.475,0.508,1.0,0.689,0.394,neutral,sad,0.375,0.272,True,hesitant,2194.45,181144.82,0.0001,0.1948,1.0,0.454
6580.316781997681,0.569,0.663,0.475,0.511,1.0,0.699,0.351,neutral,sad,0.375,0.272,True,hesitant,2194.45,181144.82,0.0001,0.1948,1.0,0.454
6612.560272216797,0.577,0.669,0.475,0.529,1.0,0.76,0.382,neutral,sad,0.375,0.272,True,hesitant,2194.45,181144.82,0.0001,0.1948,1.0,0.454
6649.044990539551,0.574,0.665,0.479,0.529,1.0,0.755,0.396,neutral,sad,0.385,0.274,True,hesitant,2194.45,181144.82,0.0001,0.1948,1.0,0.454
6772.823333740234,0.574,0.666,0.479,0.528,1.0,0.753,0.389,neutral,sad,0.385,0.274,True,hesitant,2194.45,181144.82,0.0001,0.1948,1.0,0.454
6807.299613952637,0.571,0.661,0.479,0.524,1.0,0.74,0.4,neutral,sad,0.385,0.274,True,hesitant,2194.45,181144.82,0.0001,0.1948,1.0,0.454
6859.015941619873,0.575,0.66,0.475,0.533,1.0,0.783,0.449,neutral,neutral,0.377,0.284,True,hesitant,2194.45,181144.82,0.0001,0.1948,1.0,0.454
6976.744890213013,0.559,0.63,0.475,0.516,1.0,0.724,0.541,neutral,neutral,0.377,0.284,True,hesitant,2194.45,181144.82,0.0001,0.1948,1.0,0.454
7010.193109512329,0.558,0.629,0.475,0.515,1.0,0.723,0.546,neutral,neutral,0.377,0.284,True,hesitant,2194.45,181144.82,0.0001,0.1948,1.0,0.454
7041.334629058838,0.56,0.621,0.482,0.539,1.0,0.796,0.66,neutral,neutral,0.395,0.284,True,hesitant,2194.45,181144.82,0.0001,0.1948,1.0,0.454
7169.950008392334,0.56,0.62,0.482,0.539,1.0,0.796,0.662,neutral,neutral,0.395,0.284,True,hesitant,2194.45,181144.82,0.0001,0.1948,1.0,0.454
7200.015306472778,0.551,0.605,0.482,0.528,1.0,0.762,0.705,neutral,neutral,0.395,0.284,True,hesitant,2194.45,181144.82,0.0001,0.1948,1.0,0.454
7252.854347229004,0.547,0.62,0.485,0.498,1.0,0.752,0.628,neutral,neutral,0.422,0.375,False,hesitant,2194.45,181144.82,0.0001,0.1948,1.0,0.454
7376.407146453857,0.547,0.621,0.485,0.498,1.0,0.753,0.624,neutral,neutral,0.422,0.375,False,hesitant,2194.45,181144.82,0.0001,0.1948,1.0,0.454
7406.369924545288,0.549,0.619,0.485,0.508,1.0,0.786,0.668,neutral,neutral,0.422,0.375,False,hesitant,2194.45,181144.82,0.0001,0.1948,1.0,0.454
7440.145015716553,0.547,0.611,0.484,0.508,1.0,0.757,0.674,neutral,neutral,0.413,0.346,False,hesitant,2194.45,181144.82,0.0001,0.1948,1.0,0.454
7563.387870788574,0.552,0.624,0.484,0.509,1.0,0.762,0.614,neutral,neutral,0.413,0.346,False,hesitant,2194.45,181144.82,0.0001,0.1948,1.0,0.454
7592.610120773315,0.55,0.622,0.484,0.506,1.0,0.751,0.611,neutral,neutral,0.413,0.346,False,hesitant,2194.45,181144.82,0.0001,0.1948,1.0,0.454
7653.332948684692,0.548,0.603,0.489,0.526,1.0,0.749,0.699,neutral,neutral,0.412,0.288,True,hesitant,2194.45,181144.82,0.0001,0.1948,1.0,0.454
7867.6488399505615,0.541,0.593,0.489,0.515,1.0,0.712,0.712,neutral,neutral,0.412,0.288,True,hesitant,2194.45,181144.82,0.0001,0.1948,1.0,0.454
7901.595830917358,0.49,0.552,0.588,0.508,1.0,0.674,0.682,neutral,neutral,0.412,0.288,True,hesitant,2040.13,438800.12,0.0016,0.1884,0.923,0.308
7931.28776550293,0.486,0.55,0.581,0.49,1.0,0.638,0.662,neutral,neutral,0.404,0.307,True,hesitant,2040.13,438800.12,0.0016,0.1884,0.923,0.308
8046.729803085327,0.488,0.552,0.581,0.495,1.0,0.655,0.668,neutral,neutral,0.404,0.307,True,hesitant,2040.13,438800.12,0.0016,0.1884,0.923,0.308
8074.693918228149,0.497,0.573,0.581,0.5,1.0,0.671,0.571,neutral,neutral,0.404,0.307,True,hesitant,2040.13,438800.12,0.0016,0.1884,0.923,0.308
8105.885982513428,0.503,0.574,0.591,0.531,1.0,0.748,0.641,neutral,neutral,0.425,0.297,True,hesitant,2040.13,438800.12,0.0016,0.1884,0.923,0.308
8230.041027069092,0.512,0.591,0.591,0.54,1.0,0.779,0.584,neutral,neutral,0.425,0.297,True,hesitant,2040.13,438800.12,0.0016,0.1884,0.923,0.308
8256.600618362427,0.503,0.577,0.591,0.528,1.0,0.737,0.617,neutral,neutral,0.425,0.297,True,hesitant,2040.13,438800.12,0.0016,0.1884,0.923,0.308
8285.47739982605,0.5,0.572,0.588,0.52,1.0,0.718,0.622,neutral,neutral,0.417,0.294,True,hesitant,2040.13,438800.12,0.0016,0.1884,0.923,0.308
8411.428928375244,0.495,0.563,0.588,0.512,1.0,0.693,0.647,neutral,neutral,0.417,0.294,True,hesitant,2040.13,438800.12,0.0016,0.1884,0.923,0.308
8439.826965332031,0.497,0.567,0.588,0.516,1.0,0.704,0.634,neutral,neutral,0.417,0.294,True,hesitant,2040.13,438800.12,0.0016,0.1884,0.923,0.308
8474.856853485107,0.498,0.561,0.58,0.516,1.0,0.733,0.703,neutral,neutral,0.411,0.325,True,hesitant,2040.13,438800.12,0.0016,0.1884,0.923,0.308
8595.710754394531,0.498,0.561,0.58,0.515,1.0,0.73,0.7,neutral,neutral,0.411,0.325,True,hesitant,2040.13,438800.12,0.0016,0.1884,0.923,0.308
8626.8630027771,0.503,0.578,0.58,0.514,1.0,0.727,0.604,neutral,neutral,0.411,0.325,True,hesitant,2040.13,438800.12,0.0016,0.1884,0.923,0.308
8657.251834869385,0.498,0.573,0.584,0.507,1.0,0.695,0.595,neutral,neutral,0.415,0.315,True,hesitant,2040.13,438800.12,0.0016,0.1884,0.923,0.308
8780.057907104492,0.498,0.573,0.584,0.507,1.0,0.696,0.599,neutral,neutral,0.415,0.315,True,hesitant,2040.13,438800.12,0.0016,0.1884,0.923,0.308
8811.370134353638,0.502,0.583,0.584,0.507,1.0,0.695,0.544,neutral,neutral,0.415,0.315,True,hesitant,2040.13,438800.12,0.0016,0.1884,0.923,0.308
8853.843450546265,0.498,0.578,0.587,0.504,1.0,0.692,0.57,neutral,neutral,0.424,0.317,False,hesitant,2040.13,438800.12,0.0016,0.1884,0.923,0.308
8980.035066604614,0.501,0.583,0.587,0.508,1.0,0.703,0.553,neutral,neutral,0.424,0.317,False,hesitant,2040.13,438800.12,0.0016,0.1884,0.923,0.308
9012.28380203247,0.503,0.595,0.587,0.502,1.0,0.683,0.467,neutral,neutral,0.424,0.317,False,hesitant,2040.13,438800.12,0.0016,0.1884,0.923,0.308
9042.770862579346,0.504,0.595,0.589,0.505,1.0,0.676,0.459,neutral,neutral,0.423,0.304,False,hesitant,2040.13,438800.12,0.0016,0.1884,0.923,0.308
9166.441917419434,0.507,0.604,0.589,0.506,1.0,0.677,0.415,neutral,neutral,0.423,0.304,False,hesitant,2040.13,438800.12,0.0016,0.1884,0.923,0.308
9197.752475738525,0.506,0.603,0.589,0.504,1.0,0.671,0.41,neutral,neutral,0.423,0.304,False,hesitant,2040.13,438800.12,0.0016,0.1884,0.923,0.308
9253.578901290894,0.512,0.616,0.59,0.511,1.0,0.683,0.353,neutral,neutral,0.424,0.298,True,hesitant,2040.13,438800.12,0.0016,0.1884,0.923,0.308
9371.217250823975,0.514,0.617,0.59,0.514,1.0,0.693,0.361,neutral,neutral,0.424,0.298,True,hesitant,2040.13,438800.12,0.0016,0.1884,0.923,0.308
9403.966188430786,0.512,0.62,0.59,0.506,1.0,0.667,0.317,neutral,neutral,0.424,0.298,True,hesitant,2040.13,438800.12,0.0016,0.1884,0.923,0.308
9432.87444114685,0.513,0.622,0.588,0.504,1.0,0.667,0.308,neutral,neutral,0.418,0.298,True,hesitant,2040.13,438800.12,0.0016,0.1884,0.923,0.308
9648.892164230347,0.513,0.621,0.588,0.506,1.0,0.674,0.322,neutral,neutral,0.418,0.298,True,hesitant,2040.13,438800.12,0.0016,0.1884,0.923,0.308
9683.685541152954,0.55,0.656,0.513,0.501,1.0,0.675,0.306,neutral,neutral,0.418,0.298,True,hesitant,2237.19,104772.94,0.0,0.1997,1.0,0.423
9714.908599853516,0.559,0.67,0.513,0.513,1.0,0.717,0.274,neutral,neutral,0.42,0.3,True,hesitant,2237.19,104772.94,0.0,0.1997,1.0,0.423
9838.913917541504,0.545,0.645,0.513,0.496,1.0,0.662,0.347,neutral,neutral,0.42,0.3,True,hesitant,2237.19,104772.94,0.0,0.1997,1.0,0.423
9869.760990142822,0.545,0.649,0.513,0.492,1.0,0.648,0.315,neutral,neutral,0.42,0.3,True,hesitant,2237.19,104772.94,0.0,0.1997,1.0,0.423
9905.662536621094,0.549,0.651,0.506,0.494,1.0,0.662,0.314,neutral,neutral,0.406,0.31,True,hesitant,2237.19,104772.94,0.0,0.1997,1.0,0.423
10026.333808898926,0.545,0.648,0.506,0.486,1.0,0.633,0.303,neutral,neutral,0.406,0.31,True,hesitant,2237.19,104772.94,0.0,0.1997,1.0,0.423
10055.15456199646,0.546,0.65,0.506,0.486,1.0,0.636,0.296,neutral,neutral,0.406,0.31,True,hesitant,2237.19,104772.94,0.0,0.1997,1.0,0.423
10085.777044296265,0.543,0.647,0.506,0.48,1.0,0.639,0.316,neutral,neutral,0.411,0.326,True,hesitant,2237.19,104772.94,0.0,0.1997,1.0,0.423
10217.737913131714,0.548,0.653,0.506,0.489,1.0,0.67,0.315,neutral,neutral,0.411,0.326,True,hesitant,2237.19,104772.94,0.0,0.1997,1.0,0.423
10249.228715896606,0.549,0.649,0.506,0.497,1.0,0.696,0.361,neutral,neutral,0.411,0.326,True,hesitant,2237.19,104772.94,0.0,0.1997,1.0,0.423
10286.779165267944,0.544,0.638,0.514,0.503,1.0,0.67,0.39,neutral,neutral,0.418,0.289,True,hesitant,2237.19,104772.94,0.0,0.1997,1.0,0.423
10408.02001953125,0.546,0.637,0.514,0.51,1.0,0.694,0.422,neutral,neutral,0.418,0.289,True,hesitant,2237.19,104772.94,0.0,0.1997,1.0,0.423
10433.74490737915,0.553,0.643,0.514,0.526,1.0,0.747,0.443,neutral,neutral,0.418,0.289,True,hesitant,2237.19,104772.94,0.0,0.1997,1.0,0.423
10462.806463241577,0.55,0.635,0.514,0.525,1.0,0.736,0.476,neutral,neutral,0.42,0.291,True,hesitant,2237.19,104772.94,0.0,0.1997,1.0,0.423
10582.900047302246,0.551,0.627,0.514,0.538,1.0,0.781,0.556,neutral,neutral,0.42,0.291,True,hesitant,2237.19,104772.94,0.0,0.1997,1.0,0.423
10612.55931854248,0.553,0.629,0.514,0.542,1.0,0.795,0.563,neutral,neutral,0.42,0.291,True,hesitant,2237.19,104772.94,0.0,0.1997,1.0,0.423
10646.550178527832,0.556,0.642,0.514,0.536,1.0,0.785,0.485,neutral,neutral,0.419,0.293,True,hesitant,2237.19,104772.94,0.0,0.1997,1.0,0.423
10768.886804580688,0.554,0.639,0.514,0.534,1.0,0.781,0.499,neutral,neutral,0.419,0.293,True,hesitant,2237.19,104772.94,0.0,0.1997,1.0,0.423
10804.366111755371,0.55,0.629,0.514,0.531,1.0,0.771,0.539,neutral,neutral,0.419,0.293,True,hesitant,2237.19,104772.94,0.0,0.1997,1.0,0.423
10839.374780654907,0.552,0.631,0.515,0.537,1.0,0.776,0.538,neutral,neutral,0.419,0.282,True,hesitant,2237.19,104772.94,0.0,0.1997,1.0,0.423
10971.18330001831,0.551,0.629,0.515,0.538,1.0,0.78,0.549,neutral,neutral,0.419,0.282,True,hesitant,2237.19,104772.94,0.0,0.1997,1.0,0.423
11001.903533935547,0.552,0.632,0.515,0.536,1.0,0.775,0.529,neutral,neutral,0.419,0.282,True,hesitant,2237.19,104772.94,0.0,0.1997,1.0,0.423
11035.689115524292,0.553,0.633,0.517,0.541,1.0,0.785,0.532,neutral,neutral,0.423,0.272,False,hesitant,2237.19,104772.94,0.0,0.1997,1.0,0.423
11180.879831314087,0.557,0.64,0.517,0.546,1.0,0.802,0.513,neutral,neutral,0.423,0.272,False,hesitant,2237.19,104772.94,0.0,0.1997,1.0,0.423
11209.25784111023,0.552,0.632,0.517,0.538,1.0,0.773,0.527,neutral,neutral,0.423,0.272,False,hesitant,2237.19,104772.94,0.0,0.1997,1.0,0.423
11243.668794631958,0.557,0.644,0.511,0.536,1.0,0.79,0.48,neutral,neutral,0.412,0.289,True,hesitant,2237.19,104772.94,0.0,0.1997,1.0,0.423
11855.202198028564,0.556,0.644,0.511,0.531,1.0,0.773,0.468,neutral,neutral,0.412,0.289,True,hesitant,2237.19,104772.94,0.0,0.1996,1.0,0.423
11914.77918624878,0.555,0.647,0.511,0.525,1.0,0.753,0.43,neutral,neutral,0.412,0.289,True,hesitant,2237.19,104772.94,0.0,0.1996,1.0,0.423
11964.558601379395,0.56,0.662,0.508,0.519,1.0,0.751,0.353,neutral,neutral,0.41,0.303,True,hesitant,2237.19,104772.94,0.0,0.1996,1.0,0.423
12276.11780166626,0.559,0.663,0.508,0.517,1.0,0.744,0.341,neutral,neutral,0.41,0.303,True,hesitant,2237.19,104772.94,0.0,0.1996,1.0,0.423
12332.79800415039,0.559,0.661,0.508,0.518,1.0,0.747,0.353,neutral,neutral,0.41,0.303,True,hesitant,2237.19,104772.94,0.0,0.1996,1.0,0.423
12384.349346160889,0.556,0.659,0.508,0.511,1.0,0.739,0.356,neutral,neutral,0.413,0.317,True,hesitant,2237.19,104772.94,0.0,0.1996,1.0,0.423
12664.841413497925,0.557,0.663,0.508,0.51,1.0,0.737,0.33,neutral,neutral,0.413,0.317,True,hesitant,2237.19,104772.94,0.0,0.1996,1.0,0.423
12707.46111869812,0.559,0.667,0.508,0.511,1.0,0.738,0.314,neutral,neutral,0.413,0.317,True,hesitant,2237.19,104772.94,0.0,0.1996,1.0,0.423
12751.307249069214,0.557,0.662,0.506,0.509,1.0,0.726,0.326,neutral,neutral,0.406,0.311,True,hesitant,2237.19,104772.94,0.0,0.1996,1.0,0.423
12983.607292175293,0.552,0.652,0.506,0.504,1.0,0.71,0.364,neutral,neutral,0.406,0.311,True,hesitant,2237.19,104772.94,0.0,0.1996,1.0,0.423
13024.890899658203,0.551,0.641,0.506,0.514,1.0,0.743,0.449,neutral,neutral,0.406,0.311,True,hesitant,2237.19,104772.94,0.0,0.1996,1.0,0.423
13066.725254058838,0.552,0.644,0.511,0.517,1.0,0.731,0.423,neutral,neutral,0.415,0.293,True,hesitant,2237.19,104772.94,0.0,0.1996,1.0,0.423
13201.452732086182,0.559,0.659,0.511,0.524,1.0,0.754,0.369,neutral,neutral,0.415,0.293,True,hesitant,2237.19,104772.94,0.0,0.1996,1.0,0.423
13229.590654373169,0.56,0.662,0.511,0.525,1.0,0.758,0.359,neutral,neutral,0.415,0.293,True,hesitant,2237.19,104772.94,0.0,0.1996,1.0,0.423
13261.0445022583,0.559,0.662,0.506,0.515,1.0,0.749,0.348,neutral,neutral,0.407,0.31,True,hesitant,2237.19,104772.94,0.0,0.1996,1.0,0.423
13388.954401016235,0.556,0.654,0.506,0.514,1.0,0.744,0.389,neutral,neutral,0.407,0.31,True,hesitant,2237.19,104772.94,0.0,0.1996,1.0,0.423
13436.172723770142,0.557,0.656,0.506,0.514,1.0,0.745,0.38,neutral,neutral,0.407,0.31,True,hesitant,2237.19,104772.94,0.0,0.1996,1.0,0.423
13474.704027175903,0.556,0.649,0.504,0.518,1.0,0.75,0.422,neutral,neutral,0.404,0.305,False,hesitant,2239.87,93697.72,0.0,0.2003,1.0,0.423
13678.530216217041,0.549,0.636,0.504,0.508,1.0,0.718,0.462,neutral,neutral,0.404,0.305,False,hesitant,2239.87,93697.72,0.0,0.2003,1.0,0.423
13710.731267929077,0.542,0.621,0.504,0.504,1.0,0.702,0.519,neutral,neutral,0.404,0.305,False,hesitant,2239.87,93697.72,0.0,0.2003,1.0,0.423
13749.285221099854,0.544,0.623,0.514,0.518,1.0,0.703,0.51,neutral,neutral,0.418,0.272,False,hesitant,2239.87,93697.72,0.0,0.2003,1.0,0.423
13890.006303787231,0.544,0.622,0.514,0.52,1.0,0.71,0.522,neutral,neutral,0.418,0.272,False,hesitant,2239.87,93697.72,0.0,0.2003,1.0,0.423
13920.771360397339,0.55,0.629,0.514,0.533,1.0,0.755,0.533,neutral,neutral,0.418,0.272,False,hesitant,2239.87,93697.72,0.0,0.2003,1.0,0.423
13953.171491622925,0.552,0.625,0.503,0.53,1.0,0.798,0.596,neutral,neutral,0.405,0.315,False,hesitant,2239.87,93697.72,0.0,0.2003,1.0,0.423
14094.48266029358,0.556,0.638,0.503,0.528,1.0,0.792,0.523,neutral,neutral,0.405,0.315,False,hesitant,2239.87,93697.72,0.0,0.2003,1.0,0.423
14125.110149383545,0.551,0.632,0.503,0.521,1.0,0.768,0.53,neutral,neutral,0.405,0.315,False,hesitant,2239.87,93697.72,0.0,0.2003,1.0,0.423
14157.211780548096,0.555,0.638,0.501,0.525,1.0,0.798,0.529,neutral,neutral,0.403,0.324,False,hesitant,2239.87,93697.72,0.0,0.2003,1.0,0.423
14301.421642303467,0.553,0.635,0.501,0.521,1.0,0.784,0.533,neutral,neutral,0.403,0.324,False,hesitant,2239.87,93697.72,0.0,0.2003,1.0,0.423
14336.510181427002,0.547,0.622,0.501,0.516,1.0,0.769,0.585,neutral,neutral,0.403,0.324,False,hesitant,2239.87,93697.72,0.0,0.2003,1.0,0.423
14366.463899612427,0.55,0.62,0.506,0.535,1.0,0.806,0.63,neutral,neutral,0.405,0.298,False,hesitant,2239.87,93697.72,0.0,0.2003,1.0,0.423
14510.475397109985,0.55,0.618,0.506,0.535,1.0,0.805,0.637,neutral,neutral,0.405,0.298,False,hesitant,2239.87,93697.72,0.0,0.2003,1.0,0.423
14537.158727645874,0.549,0.618,0.506,0.532,1.0,0.794,0.626,neutral,neutral,0.405,0.298,False,hesitant,2239.87,93697.72,0.0,0.2003,1.0,0.423
14568.363666534424,0.553,0.627,0.507,0.536,1.0,0.802,0.589,neutral,neutral,0.407,0.294,False,hesitant,2239.87,93697.72,0.0,0.2003,1.0,0.423
14704.087495803833,0.56,0.645,0.507,0.538,1.0,0.81,0.508,neutral,neutral,0.407,0.294,False,hesitant,2239.87,93697.72,0.0,0.2003,1.0,0.423
14734.52615737915,0.561,0.642,0.507,0.546,1.0,0.837,0.55,neutral,neutral,0.407,0.294,False,hesitant,2239.87,93697.72,0.0,0.2003,1.0,0.423
14764.863014221191,0.554,0.635,0.499,0.52,1.0,0.824,0.574,neutral,neutral,0.408,0.359,False,hesitant,2239.87,93697.72,0.0,0.2003,1.0,0.423
14886.105060577393,0.556,0.633,0.499,0.53,1.0,0.857,0.62,neutral,neutral,0.408,0.359,False,hesitant,2239.87,93697.72,0.0,0.2003,1.0,0.423
14915.253162384033,0.545,0.617,0.499,0.514,1.0,0.804,0.651,neutral,neutral,0.408,0.359,False,hesitant,2239.87,93697.72,0.0,0.2003,1.0,0.423
14949.615478515625,0.547,0.617,0.505,0.526,1.0,0.8,0.641,neutral,neutral,0.41,0.321,False,hesitant,2239.87,93697.72,0.0,0.2003,1.0,0.423
15072.779178619385,0.549,0.618,0.505,0.532,1.0,0.819,0.653,neutral,neutral,0.41,0.321,False,hesitant,2239.87,93697.72,0.0,0.2003,1.0,0.423
15105.379343032837,0.549,0.616,0.505,0.533,1.0,0.824,0.671,neutral,neutral,0.41,0.321,False,hesitant,2239.87,93697.72,0.0,0.2003,1.0,0.423
15136.449337005615,0.546,0.613,0.51,0.534,1.0,0.818,0.678,neutral,neutral,0.421,0.319,False,hesitant,2239.87,93697.72,0.0,0.2003,1.0,0.423
15348.241329193115,0.511,0.554,0.51,0.485,1.0,0.653,0.82,neutral,neutral,0.421,0.319,False,hesitant,2239.87,93697.72,0.0,0.2003,1.0,0.423
15382.849216461182,0.495,0.535,0.51,0.455,1.0,0.555,0.817,neutral,neutral,0.421,0.319,False,hesitant,2239.87,93697.72,0.0,0.2003,1.0,0.423
15419.698238372803,0.458,0.485,0.553,0.439,1.0,0.528,0.955,neutral,neutral,0.426,0.337,False,hesitant,2122.39,320316.47,0.0,0.194,1.0,0.386
15544.818639755249,0.452,0.473,0.553,0.432,1.0,0.505,1.0,neutral,neutral,0.426,0.337,False,hesitant,2122.39,320316.47,0.0,0.194,1.0,0.386
15589.260816574097,0.431,0.449,0.553,0.39,1.0,0.365,1.0,neutral,neutral,0.426,0.337,False,hesitant,2122.39,320316.47,0.0,0.194,1.0,0.386
15655.30776977539,0.446,0.456,0.54,0.419,1.0,0.426,1.0,neutral,neutral,0.361,0.284,True,hesitant,2122.39,320316.47,0.0,0.194,1.0,0.386
15781.305074691772,0.453,0.464,0.54,0.433,1.0,0.474,1.0,neutral,neutral,0.361,0.284,True,hesitant,2122.39,320316.47,0.0,0.194,1.0,0.386
15815.449237823486,0.454,0.464,0.54,0.435,1.0,0.478,1.0,neutral,neutral,0.361,0.284,True,hesitant,2122.39,320316.47,0.0,0.194,1.0,0.386
15856.211185455322,0.452,0.467,0.537,0.42,1.0,0.475,1.0,neutral,neutral,0.371,0.325,True,hesitant,2122.39,320316.47,0.0,0.194,1.0,0.386
15980.295181274414,0.453,0.469,0.537,0.424,1.0,0.488,1.0,neutral,neutral,0.371,0.325,True,hesitant,2122.39,320316.47,0.0,0.194,1.0,0.386
16010.814428329468,0.455,0.471,0.537,0.427,1.0,0.497,1.0,neutral,neutral,0.371,0.325,True,hesitant,2122.39,320316.47,0.0,0.194,1.0,0.386
16053.702592849731,0.455,0.471,0.543,0.435,1.0,0.506,1.0,neutral,neutral,0.385,0.312,True,hesitant,2122.39,320316.47,0.0,0.194,1.0,0.386
16186.710834503174,0.46,0.476,0.543,0.444,1.0,0.535,1.0,neutral,neutral,0.385,0.312,True,hesitant,2122.39,320316.47,0.0,0.194,1.0,0.386
16216.869354248047,0.463,0.48,0.543,0.451,1.0,0.561,1.0,neutral,neutral,0.385,0.312,True,hesitant,2122.39,320316.47,0.0,0.194,1.0,0.386
16245.645761489868,0.463,0.478,0.545,0.456,1.0,0.552,1.0,neutral,neutral,0.382,0.292,True,hesitant,2122.39,320316.47,0.0,0.194,1.0,0.386
16378.69644165039,0.454,0.469,0.545,0.437,1.0,0.488,0.985,neutral,neutral,0.382,0.292,True,hesitant,2122.39,320316.47,0.0,0.194,1.0,0.386
16411.174774169922,0.463,0.494,0.545,0.437,1.0,0.489,0.842,neutral,neutral,0.382,0.292,True,hesitant,2122.39,320316.47,0.0,0.194,1.0,0.386
16453.452110290527,0.473,0.528,0.54,0.423,1.0,0.482,0.647,neutral,neutral,0.379,0.322,True,hesitant,2122.39,320316.47,0.0,0.194,1.0,0.386
16574.883222579956,0.481,0.549,0.54,0.426,1.0,0.49,0.537,neutral,neutral,0.379,0.322,True,hesitant,2122.39,320316.47,0.0,0.194,1.0,0.386
16605.086088180542,0.486,0.564,0.54,0.426,1.0,0.491,0.444,neutral,neutral,0.379,0.322,True,hesitant,2122.39,320316.47,0.0,0.194,1.0,0.386
16636.74306869507,0.492,0.574,0.539,0.433,1.0,0.513,0.412,neutral,neutral,0.378,0.325,True,hesitant,2122.39,320316.47,0.0,0.194,1.0,0.386
16759.052991867065,0.488,0.567,0.539,0.429,1.0,0.499,0.437,neutral,neutral,0.378,0.325,True,hesitant,2122.39,320316.47,0.0,0.194,1.0,0.386
16793.660402297974,0.489,0.567,0.539,0.43,1.0,0.502,0.439,neutral,neutral,0.378,0.325,True,hesitant,2122.39,320316.47,0.0,0.194,1.0,0.386
16854.72321510315,0.482,0.575,0.637,0.511,1.0,0.521,0.412,neutral,contempt,0.713,0.179,True,hesitant,2122.39,320316.47,0.0,0.194,1.0,0.386
16977.720975875854,0.482,0.575,0.637,0.511,1.0,0.522,0.414,neutral,contempt,0.713,0.179,True,hesitant,2122.39,320316.47,0.0,0.194,1.0,0.386
17027.42028236389,0.48,0.57,0.637,0.51,1.0,0.519,0.437,neutral,contempt,0.713,0.179,True,hesitant,2122.39,320316.47,0.0,0.194,1.0,0.386
17065.253734588623,0.483,0.594,0.668,0.529,1.0,0.517,0.431,neutral,contempt,0.788,0.146,True,hesitant,2119.5,331633.65,0.0,0.1952,1.0,0.383
17224.988222122192,0.479,0.584,0.668,0.527,1.0,0.51,0.47,neutral,contempt,0.788,0.146,True,hesitant,2119.5,331633.65,0.0,0.1952,1.0,0.383
17255.982160568237,0.476,0.579,0.668,0.524,1.0,0.501,0.489,neutral,contempt,0.788,0.146,True,hesitant,2119.5,331633.65,0.0,0.1952,1.0,0.383
17284.96789932251,0.479,0.566,0.648,0.526,1.0,0.505,0.547,neutral,contempt,0.712,0.195,True,hesitant,2119.5,331633.65,0.0,0.1952,1.0,0.383
17408.052921295166,0.48,0.566,0.648,0.53,1.0,0.518,0.56,neutral,contempt,0.712,0.195,True,hesitant,2119.5,331633.65,0.0,0.1952,1.0,0.383
17440.391778945923,0.482,0.57,0.648,0.531,1.0,0.524,0.551,neutral,contempt,0.712,0.195,True,hesitant,2119.5,331633.65,0.0,0.1952,1.0,0.383
17473.716974258423,0.481,0.56,0.623,0.511,1.0,0.491,0.562,neutral,contempt,0.632,0.249,True,hesitant,2119.5,331633.65,0.0,0.1952,1.0,0.383
17599.596977233887,0.478,0.555,0.623,0.507,1.0,0.475,0.576,neutral,contempt,0.632,0.249,True,hesitant,2119.5,331633.65,0.0,0.1952,1.0,0.383
17631.43014907837,0.472,0.541,0.623,0.503,1.0,0.464,0.634,neutral,contempt,0.632,0.249,True,hesitant,2119.5,331633.65,0.0,0.1952,1.0,0.383
17676.337718963623,0.471,0.557,0.667,0.53,1.0,0.49,0.582,neutral,contempt,0.782,0.152,True,hesitant,2119.5,331633.65,0.0,0.1952,1.0,0.383
17810.67419052124,0.472,0.561,0.667,0.53,1.0,0.489,0.562,neutral,contempt,0.782,0.152,True,hesitant,2119.5,331633.65,0.0,0.1952,1.0,0.383
17841.280460357666,0.471,0.56,0.667,0.529,1.0,0.487,0.564,neutral,contempt,0.782,0.152,True,hesitant,2119.5,331633.65,0.0,0.1952,1.0,0.383
17876.33228302002,0.469,0.559,0.672,0.529,1.0,0.471,0.559,neutral,contempt,0.806,0.136,True,hesitant,2119.5,331633.65,0.0,0.1952,1.0,0.383
18001.189947128296,0.469,0.562,0.672,0.524,1.0,0.452,0.521,neutral,contempt,0.806,0.136,True,hesitant,2119.5,331633.65,0.0,0.1952,1.0,0.383
18032.674312591553,0.467,0.558,0.672,0.522,1.0,0.446,0.536,neutral,contempt,0.806,0.136,True,hesitant,2119.5,331633.65,0.0,0.1952,1.0,0.383
18063.887357711792,0.488,0.574,0.591,0.48,1.0,0.445,0.449,neutral,contempt,0.547,0.26,True,hesitant,2119.5,331633.65,0.0,0.1952,1.0,0.383
18183.646202087402,0.487,0.573,0.591,0.479,1.0,0.442,0.45,neutral,contempt,0.547,0.26,True,hesitant,2119.5,331633.65,0.0,0.1952,1.0,0.383
18215.095281600952,0.493,0.588,0.591,0.481,1.0,0.447,0.376,neutral,contempt,0.547,0.26,True,hesitant,2119.5,331633.65,0.0,0.1952,1.0,0.383
18248.04997444153,0.502,0.592,0.544,0.452,1.0,0.454,0.368,neutral,contempt,0.442,0.319,True,hesitant,2119.5,331633.65,0.0,0.1952,1.0,0.383
18375.747442245483,0.501,0.585,0.544,0.455,1.0,0.464,0.417,neutral,contempt,0.442,0.319,True,hesitant,2119.5,331633.65,0.0,0.1952,1.0,0.383
18407.391786575317,0.5,0.583,0.544,0.453,1.0,0.457,0.419,neutral,contempt,0.442,0.319,True,hesitant,2119.5,331633.65,0.0,0.1952,1.0,0.383
18456.295013427734,0.502,0.585,0.536,0.451,1.0,0.454,0.404,neutral,neutral,0.423,0.322,True,hesitant,2119.5,331633.65,0.0,0.1952,1.0,0.383
18586.89594268799,0.505,0.598,0.536,0.446,1.0,0.438,0.323,neutral,neutral,0.423,0.322,True,hesitant,2119.5,331633.65,0.0,0.1952,1.0,0.383
18617.49815940857,0.506,0.605,0.536,0.439,1.0,0.416,0.261,neutral,neutral,0.423,0.322,True,hesitant,2119.5,331633.65,0.0,0.1952,1.0,0.383
18646.68893814087,0.5,0.6,0.524,0.413,1.0,0.392,0.276,neutral,neutral,0.41,0.362,True,hesitant,2119.5,331633.65,0.0,0.1952,1.0,0.383
18821.269035339355,0.506,0.605,0.524,0.427,1.0,0.44,0.293,neutral,neutral,0.41,0.362,True,hesitant,2119.5,331633.65,0.0,0.1952,1.0,0.383
18855.06319999695,0.514,0.611,0.524,0.444,1.0,0.495,0.319,neutral,neutral,0.41,0.362,True,hesitant,2119.5,331633.65,0.0,0.1952,1.0,0.383
18892.444133758545,0.476,0.546,0.646,0.536,1.0,0.498,0.52,neutral,happy,0.526,0.332,True,hesitant,2285.71,0.0,0.0,0.2004,1.0,0.266
19037.176370620728,0.475,0.539,0.646,0.54,1.0,0.512,0.573,neutral,happy,0.526,0.332,True,hesitant,2285.71,0.0,0.0,0.2004,1.0,0.266
19066.197156906128,0.476,0.539,0.646,0.546,1.0,0.532,0.595,neutral,happy,0.526,0.332,True,hesitant,2285.71,0.0,0.0,0.2004,1.0,0.266
19095.63970565796,0.481,0.536,0.633,0.551,1.0,0.532,0.603,neutral,happy,0.485,0.311,True,hesitant,2285.71,0.0,0.0,0.2004,1.0,0.266
19283.984899520874,0.482,0.532,0.633,0.559,1.0,0.556,0.647,neutral,happy,0.485,0.311,True,hesitant,2285.71,0.0,0.0,0.2004,1.0,0.266
19329.540014266968,0.477,0.519,0.633,0.555,1.0,0.545,0.704,neutral,happy,0.485,0.311,True,hesitant,2285.71,0.0,0.0,0.2004,1.0,0.266
19375.9286403656,0.477,0.519,0.636,0.561,1.0,0.557,0.713,neutral,happy,0.492,0.307,True,hesitant,2285.71,0.0,0.0,0.2004,1.0,0.266
19683.63857269287,0.472,0.502,0.636,0.562,1.0,0.56,0.808,neutral,happy,0.492,0.307,True,hesitant,2285.71,0.0,0.0,0.2004,1.0,0.266
19736.16671562195,0.463,0.484,0.636,0.554,1.0,0.531,0.871,neutral,happy,0.492,0.307,True,hesitant,2285.71,0.0,0.0,0.2004,1.0,0.266
19781.400203704834,0.462,0.475,0.632,0.555,1.0,0.532,0.907,neutral,happy,0.463,0.267,True,hesitant,2285.71,0.0,0.0,0.2004,1.0,0.266
20114.6981716156,0.455,0.463,0.632,0.548,1.0,0.509,0.946,neutral,happy,0.463,0.267,True,hesitant,2285.71,0.0,0.0,0.2004,1.0,0.266
20174.335479736328,0.456,0.464,0.632,0.549,1.0,0.51,0.942,neutral,happy,0.463,0.267,True,hesitant,2285.71,0.0,0.0,0.2004,1.0,0.266
20225.247144699097,0.458,0.458,0.618,0.545,1.0,0.493,0.943,neutral,surprise,0.391,0.213,True,hesitant,2285.71,0.0,0.0,0.2004,1.0,0.266
20523.096323013306,0.456,0.452,0.618,0.548,1.0,0.505,0.984,neutral,surprise,0.391,0.213,True,hesitant,2285.71,0.0,0.0,0.2004,1.0,0.266
20600.440502166748,0.455,0.467,0.618,0.527,1.0,0.434,0.837,neutral,surprise,0.391,0.213,True,hesitant,2285.71,0.0,0.0,0.2004,1.0,0.266
20657.232522964478,0.45,0.463,0.634,0.532,1.0,0.45,0.782,neutral,surprise,0.392,0.216,True,hesitant,1814.23,746388.51,0.0,0.1881,1.0,0.287
20961.538791656494,0.459,0.471,0.634,0.553,1.0,0.52,0.807,neutral,surprise,0.392,0.216,True,hesitant,1814.23,746388.51,0.0,0.1881,1.0,0.287
21007.97939300537,0.46,0.467,0.634,0.56,1.0,0.543,0.855,neutral,surprise,0.392,0.216,True,hesitant,1814.23,746388.51,0.0,0.1881,1.0,0.287
21053.581476211548,0.462,0.474,0.634,0.561,1.0,0.546,0.818,neutral,surprise,0.394,0.217,True,hesitant,1814.23,746388.51,0.0,0.1881,1.0,0.287
21209.781646728516,0.478,0.491,0.634,0.592,1.0,0.65,0.826,neutral,surprise,0.394,0.217,True,hesitant,1814.23,746388.51,0.0,0.1881,1.0,0.287
21240.710258483887,0.488,0.505,0.634,0.611,1.0,0.713,0.806,neutral,surprise,0.394,0.217,True,hesitant,1814.23,746388.51,0.0,0.1881,1.0,0.287
21272.1905708313,0.489,0.512,0.635,0.607,1.0,0.702,0.759,neutral,surprise,0.395,0.214,True,hesitant,1814.23,746388.51,0.0,0.1881,1.0,0.287
21409.550189971924,0.481,0.494,0.635,0.6,1.0,0.678,0.835,neutral,surprise,0.395,0.214,True,hesitant,1814.23,746388.51,0.0,0.1881,1.0,0.287
21436.04350090027,0.468,0.477,0.635,0.578,1.0,0.604,0.856,neutral,surprise,0.395,0.214,True,hesitant,1814.23,746388.51,0.0,0.1881,1.0,0.287
21463.12403678894,0.466,0.472,0.623,0.564,1.0,0.605,0.887,neutral,surprise,0.178,0.056,True,hesitant,1814.23,746388.51,0.0,0.1881,1.0,0.287
21589.430332183838,0.462,0.458,0.623,0.565,1.0,0.609,0.97,neutral,surprise,0.178,0.056,True,hesitant,1814.23,746388.51,0.0,0.1881,1.0,0.287
21620.11694908142,0.475,0.471,0.623,0.595,1.0,0.71,1.0,neutral,surprise,0.178,0.056,True,hesitant,1814.23,746388.51,0.0,0.1881,1.0,0.287
21655.52020072937,0.48,0.474,0.62,0.604,1.0,0.727,1.0,neutral,surprise,0.141,0.043,True,hesitant,1814.23,746388.51,0.0,0.1881,1.0,0.287
21783.975839614868,0.485,0.48,0.62,0.614,1.0,0.76,1.0,neutral,surprise,0.141,0.043,True,hesitant,1814.23,746388.51,0.0,0.1881,1.0,0.287
21812.843322753906,0.468,0.459,0.62,0.58,1.0,0.647,1.0,neutral,surprise,0.141,0.043,True,hesitant,1814.23,746388.51,0.0,0.1881,1.0,0.287
21845.83020210266,0.488,0.493,0.626,0.615,1.0,0.837,1.0,neutral,surprise,0.248,0.099,True,hesitant,1814.23,746388.51,0.0,0.1881,1.0,0.287
21962.466955184937,0.495,0.502,0.626,0.628,1.0,0.883,1.0,neutral,surprise,0.248,0.099,True,hesitant,1814.23,746388.51,0.0,0.1881,1.0,0.287
21992.34628677368,0.501,0.509,0.626,0.64,1.0,0.923,1.0,neutral,surprise,0.248,0.099,True,hesitant,1814.23,746388.51,0.0,0.1881,1.0,0.287
22024.086952209473,0.506,0.515,0.626,0.65,1.0,0.957,1.0,neutral,surprise,0.25,0.1,True,hesitant,1814.23,746388.51,0.0,0.1881,1.0,0.287
22151.27158164978,0.513,0.523,0.626,0.663,1.0,1.0,1.0,neutral,surprise,0.25,0.1,True,hesitant,1814.23,746388.51,0.0,0.1881,1.0,0.287
22179.869413375854,0.513,0.523,0.626,0.663,1.0,1.0,1.0,neutral,surprise,0.25,0.1,True,hesitant,1814.23,746388.51,0.0,0.1881,1.0,0.287
22209.78331565857,0.513,0.523,0.632,0.67,1.0,1.0,1.0,neutral,surprise,0.272,0.092,True,hesitant,1814.23,746388.51,0.0,0.1881,1.0,0.287
22331.636667251587,0.513,0.523,0.632,0.67,1.0,1.0,1.0,neutral,surprise,0.272,0.092,True,hesitant,1814.23,746388.51,0.0,0.1881,1.0,0.287
22360.96477508545,0.513,0.523,0.632,0.67,1.0,1.0,1.0,neutral,surprise,0.272,0.092,True,hesitant,1814.23,746388.51,0.0,0.1881,1.0,0.287
22390.778064727783,0.507,0.522,0.636,0.655,1.0,1.0,1.0,neutral,surprise,0.321,0.123,True,hesitant,1814.23,746388.51,0.0,0.1881,1.0,0.287
22596.45175933838,0.507,0.522,0.636,0.655,1.0,1.0,1.0,neutral,surprise,0.321,0.123,True,hesitant,1814.23,746388.51,0.0,0.1881,1.0,0.287
22631.50930404663,0.507,0.522,0.636,0.655,1.0,1.0,1.0,neutral,surprise,0.321,0.123,True,hesitant,1814.23,746388.51,0.0,0.1881,1.0,0.287
22665.30704498291,0.526,0.551,0.614,0.661,1.0,1.0,1.0,neutral,surprise,0.336,0.12,True,hesitant,1902.61,644538.07,0.0,0.1901,1.0,0.283
22787.98508644104,0.526,0.551,0.614,0.661,1.0,1.0,1.0,neutral,surprise,0.336,0.12,True,hesitant,1902.61,644538.07,0.0,0.1901,1.0,0.283
22822.784900665283,0.532,0.568,0.614,0.661,1.0,1.0,0.913,neutral,surprise,0.336,0.12,True,hesitant,1902.61,644538.07,0.0,0.1901,1.0,0.283
22856.3711643219,0.538,0.587,0.622,0.669,1.0,1.0,0.824,neutral,surprise,0.348,0.095,True,hesitant,1902.61,644538.07,0.0,0.1901,1.0,0.283
22975.25644302368,0.545,0.605,0.622,0.669,1.0,1.0,0.737,neutral,surprise,0.348,0.095,True,hesitant,1902.61,644538.07,0.0,0.1901,1.0,0.283
23003.25298309326,0.547,0.612,0.622,0.669,1.0,1.0,0.702,neutral,surprise,0.348,0.095,True,hesitant,1902.61,644538.07,0.0,0.1901,1.0,0.283
23034.159660339355,0.562,0.649,0.613,0.665,1.0,1.0,0.517,neutral,surprise,0.324,0.108,True,hesitant,1902.61,644538.07,0.0,0.1901,1.0,0.283
23155.99298477173,0.565,0.656,0.613,0.665,1.0,1.0,0.482,neutral,surprise,0.324,0.108,True,hesitant,1902.61,644538.07,0.0,0.1901,1.0,0.283
23185.720682144165,0.571,0.675,0.613,0.665,1.0,1.0,0.389,neutral,surprise,0.324,0.108,True,hesitant,1902.61,644538.07,0.0,0.1901,1.0,0.283
23217.353343963623,0.577,0.698,0.621,0.666,1.0,1.0,0.279,neutral,surprise,0.35,0.105,True,hesitant,1902.61,644538.07,0.0,0.1901,1.0,0.283
23340.877056121826,0.576,0.695,0.621,0.666,1.0,1.0,0.293,neutral,surprise,0.35,0.105,True,hesitant,1902.61,644538.07,0.0,0.1901,1.0,0.283
23371.406078338623,0.569,0.686,0.621,0.655,1.0,0.963,0.3,neutral,surprise,0.35,0.105,True,hesitant,1902.61,644538.07,0.0,0.1901,1.0,0.283
23405.014038085938,0.569,0.683,0.62,0.655,1.0,0.951,0.305,neutral,surprise,0.342,0.097,True,hesitant,1902.61,644538.07,0.0,0.1901,1.0,0.283
23536.226987838745,0.543,0.634,0.62,0.626,1.0,0.855,0.448,neutral,surprise,0.342,0.097,True,hesitant,1902.61,644538.07,0.0,0.1901,1.0,0.283
23564.99218940735,0.538,0.619,0.62,0.628,1.0,0.864,0.533,neutral,surprise,0.342,0.097,True,hesitant,1902.61,644538.07,0.0,0.1901,1.0,0.283
23597.70894050598,0.547,0.632,0.621,0.644,1.0,0.927,0.53,neutral,surprise,0.351,0.102,True,hesitant,1902.61,644538.07,0.0,0.1901,1.0,0.283
23719.682693481445,0.548,0.617,0.621,0.665,1.0,1.0,0.676,neutral,surprise,0.351,0.102,True,hesitant,1902.61,644538.07,0.0,0.1901,1.0,0.283
23751.434564590454,0.546,0.61,0.621,0.665,1.0,1.0,0.714,neutral,surprise,0.351,0.102,True,hesitant,1902.61,644538.07,0.0,0.1901,1.0,0.283
23786.299467086792,0.547,0.602,0.605,0.659,1.0,1.0,0.75,neutral,surprise,0.301,0.116,True,hesitant,1902.61,644538.07,0.0,0.1901,1.0,0.283
23910.322427749634,0.529,0.551,0.605,0.659,1.0,1.0,1.0,neutral,surprise,0.301,0.116,True,hesitant,1902.61,644538.07,0.0,0.1901,1.0,0.283
23940.979719161987,0.529,0.551,0.605,0.659,1.0,1.0,1.0,neutral,surprise,0.301,0.116,True,hesitant,1902.61,644538.07,0.0,0.1901,1.0,0.283
23974.814653396606,0.497,0.514,0.619,0.611,1.0,0.817,1.0,neutral,surprise,0.338,0.099,True,hesitant,1902.61,644538.07,0.0,0.1901,1.0,0.283
24098.35696220398,0.405,0.398,0.619,0.44,1.0,0.247,1.0,neutral,surprise,0.338,0.099,True,hesitant,1902.61,644538.07,0.0,0.1901,1.0,0.283
24127.888917922974,0.385,0.373,0.619,0.403,1.0,0.125,1.0,neutral,surprise,0.338,0.099,True,hesitant,1902.61,644538.07,0.0,0.1901,1.0,0.283
24157.932996749878,0.363,0.368,0.673,0.399,1.0,0.103,1.0,neutral,fear,0.547,0.101,True,hesitant,1902.61,644538.07,0.0,0.1901,1.0,0.283
24340.79885482788,0.372,0.38,0.673,0.416,1.0,0.159,1.0,neutral,fear,0.547,0.101,True,hesitant,1902.61,644538.07,0.0,0.1901,1.0,0.283
24376.019954681396,0.367,0.374,0.673,0.407,1.0,0.129,1.0,neutral,fear,0.547,0.101,True,hesitant,1902.61,644538.07,0.0,0.1901,1.0,0.283
24411.189317703247,0.45,0.408,0.471,0.408,1.0,0.141,1.0,neutral,surprise,0.273,0.093,True,hesitant,1774.41,724968.08,0.0002,0.1749,1.0,0.427
24531.107664108276,0.427,0.377,0.471,0.365,1.0,0.0,1.0,neutral,surprise,0.273,0.093,True,hesitant,1774.41,724968.08,0.0002,0.1749,1.0,0.427
24560.5571269989,0.427,0.377,0.471,0.365,1.0,0.0,1.0,neutral,surprise,0.273,0.093,True,hesitant,1774.41,724968.08,0.0002,0.1749,1.0,0.427
24590.27075767517,0.411,0.379,0.499,0.345,1.0,0.0,1.0,neutral,surprise,0.374,0.144,True,hesitant,1774.41,724968.08,0.0002,0.1749,1.0,0.427
24711.505651474,0.411,0.379,0.499,0.345,1.0,0.0,1.0,neutral,surprise,0.374,0.144,True,hesitant,1774.41,724968.08,0.0002,0.1749,1.0,0.427
24743.049383163452,0.411,0.379,0.499,0.345,1.0,0.0,1.0,neutral,surprise,0.374,0.144,True,hesitant,1774.41,724968.08,0.0002,0.1749,1.0,0.427
24777.11033821106,0.412,0.4,0.517,0.342,1.0,0.0,0.902,neutral,surprise,0.426,0.156,True,hesitant,1774.41,724968.08,0.0002,0.1749,1.0,0.427
24903.658628463745,0.413,0.405,0.517,0.342,1.0,0.0,0.88,neutral,surprise,0.426,0.156,True,hesitant,1774.41,724968.08,0.0002,0.1749,1.0,0.427
24933.943510055542,0.428,0.446,0.517,0.342,1.0,0.0,0.691,neutral,surprise,0.426,0.156,True,hesitant,1774.41,724968.08,0.0002,0.1749,1.0,0.427
24966.474056243896,0.44,0.472,0.505,0.34,1.0,0.0,0.573,neutral,surprise,0.396,0.162,True,hesitant,1774.41,724968.08,0.0002,0.1749,1.0,0.427
25096.15468978882,0.446,0.487,0.505,0.34,1.0,0.0,0.504,neutral,surprise,0.396,0.162,True,hesitant,1774.41,724968.08,0.0002,0.1749,1.0,0.427
25125.967025756836,0.456,0.517,0.505,0.34,1.0,0.0,0.365,neutral,surprise,0.396,0.162,True,hesitant,1774.41,724968.08,0.0002,0.1749,1.0,0.427
25162.64843940735,0.471,0.536,0.506,0.37,1.0,0.0,0.287,neutral,surprise,0.373,0.084,True,hesitant,1774.41,724968.08,0.0002,0.1749,1.0,0.427
25283.369541168213,0.475,0.545,0.506,0.37,1.0,0.0,0.242,neutral,surprise,0.373,0.084,True,hesitant,1774.41,724968.08,0.0002,0.1749,1.0,0.427
25314.274787902832,0.477,0.551,0.506,0.37,1.0,0.0,0.22,neutral,surprise,0.373,0.084,True,hesitant,1774.41,724968.08,0.0002,0.1749,1.0,0.427
25342.631101608276,0.487,0.563,0.49,0.371,1.0,0.0,0.166,neutral,surprise,0.321,0.079,True,hesitant,1774.41,724968.08,0.0002,0.1749,1.0,0.427
25463.06347846985,0.491,0.574,0.49,0.371,1.0,0.0,0.113,neutral,surprise,0.321,0.079,True,hesitant,1774.41,724968.08,0.0002,0.1749,1.0,0.427
25492.675065994263,0.492,0.577,0.49,0.371,1.0,0.0,0.104,neutral,surprise,0.321,0.079,True,hesitant,1774.41,724968.08,0.0002,0.1749,1.0,0.427
25525.203466415405,0.497,0.582,0.489,0.383,1.0,0.0,0.088,neutral,surprise,0.302,0.047,True,hesitant,1774.41,724968.08,0.0002,0.1749,1.0,0.427
25648.13470840454,0.498,0.583,0.489,0.383,1.0,0.0,0.08,neutral,surprise,0.302,0.047,True,hesitant,1774.41,724968.08,0.0002,0.1749,1.0,0.427
25677.469730377197,0.498,0.584,0.489,0.383,1.0,0.0,0.076,neutral,surprise,0.302,0.047,True,hesitant,1774.41,724968.08,0.0002,0.1749,1.0,0.427
25705.29079437256,0.5,0.586,0.476,0.372,1.0,0.0,0.064,neutral,surprise,0.275,0.075,True,hesitant,1774.41,724968.08,0.0002,0.1749,1.0,0.427
25845.492362976074,0.5,0.586,0.476,0.372,1.0,0.0,0.064,neutral,surprise,0.275,0.075,True,hesitant,1774.41,724968.08,0.0002,0.1749,1.0,0.427
25874.378204345703,0.5,0.587,0.476,0.372,1.0,0.0,0.057,neutral,surprise,0.275,0.075,True,hesitant,1774.41,724968.08,0.0002,0.1749,1.0,0.427
25905.71904182434,0.5,0.589,0.49,0.383,1.0,0.0,0.055,neutral,surprise,0.306,0.049,True,hesitant,1774.41,724968.08,0.0002,0.1749,1.0,0.427
26078.854084014893,0.5,0.589,0.49,0.383,1.0,0.0,0.057,neutral,surprise,0.306,0.049,True,hesitant,1774.41,724968.08,0.0002,0.1749,1.0,0.427
26111.14263534546,0.5,0.589,0.49,0.383,1.0,0.0,0.056,neutral,surprise,0.306,0.049,True,hesitant,1774.41,724968.08,0.0002,0.1749,1.0,0.427
26144.700527191162,0.473,0.57,0.549,0.384,1.0,0.0,0.054,neutral,surprise,0.326,0.048,True,hesitant,1086.68,876607.65,0.0004,0.1357,1.0,0.375
26276.47066116333,0.473,0.57,0.549,0.384,1.0,0.0,0.05,neutral,surprise,0.326,0.048,True,hesitant,1086.68,876607.65,0.0004,0.1357,1.0,0.375
26307.11269378662,0.473,0.571,0.549,0.384,1.0,0.0,0.047,neutral,surprise,0.326,0.048,True,hesitant,1086.68,876607.65,0.0004,0.1357,1.0,0.375
26337.006092071533,0.472,0.571,0.551,0.385,1.0,0.0,0.049,neutral,surprise,0.333,0.045,True,hesitant,1086.68,876607.65,0.0004,0.1357,1.0,0.375
26466.50791168213,0.472,0.571,0.551,0.385,1.0,0.0,0.05,neutral,surprise,0.333,0.045,True,hesitant,1086.68,876607.65,0.0004,0.1357,1.0,0.375
26498.17180633545,0.472,0.571,0.551,0.385,1.0,0.0,0.047,neutral,surprise,0.333,0.045,True,hesitant,1086.68,876607.65,0.0004,0.1357,1.0,0.375
26529.06894683838,0.471,0.57,0.552,0.383,1.0,0.0,0.05,neutral,surprise,0.34,0.05,True,hesitant,1086.68,876607.65,0.0004,0.1357,1.0,0.375
26649.845838546753,0.471,0.57,0.552,0.383,1.0,0.0,0.049,neutral,surprise,0.34,0.05,True,hesitant,1086.68,876607.65,0.0004,0.1357,1.0,0.375
26679.909229278564,0.471,0.57,0.552,0.383,1.0,0.0,0.05,neutral,surprise,0.34,0.05,True,hesitant,1086.68,876607.65,0.0004,0.1357,1.0,0.375
26711.305856704712,0.47,0.571,0.561,0.387,1.0,0.0,0.048,neutral,surprise,0.369,0.041,True,hesitant,1086.68,876607.65,0.0004,0.1357,1.0,0.375
26836.97772026062,0.47,0.571,0.561,0.387,1.0,0.0,0.046,neutral,surprise,0.369,0.041,True,hesitant,1086.68,876607.65,0.0004,0.1357,1.0,0.375
26867.053031921387,0.47,0.572,0.561,0.387,1.0,0.0,0.044,neutral,surprise,0.369,0.041,True,hesitant,1086.68,876607.65,0.0004,0.1357,1.0,0.375
26906.59809112549,0.474,0.571,0.534,0.371,1.0,0.0,0.044,neutral,surprise,0.295,0.081,True,hesitant,1086.68,876607.65,0.0004,0.1357,1.0,0.375
27026.32427215576,0.474,0.571,0.534,0.371,1.0,0.0,0.042,neutral,surprise,0.295,0.081,True,hesitant,1086.68,876607.65,0.0004,0.1357,1.0,0.375
27053.359270095825,0.474,0.571,0.534,0.371,1.0,0.0,0.043,neutral,surprise,0.295,0.081,True,hesitant,1086.68,876607.65,0.0004,0.1357,1.0,0.375
27085.269927978516,0.464,0.568,0.534,0.339,1.0,0.0,0.042,neutral,surprise,0.346,0.164,True,hesitant,1086.68,876607.65,0.0004,0.1357,1.0,0.375
27210.96682548523,0.464,0.569,0.534,0.339,1.0,0.0,0.042,neutral,surprise,0.346,0.164,True,hesitant,1086.68,876607.65,0.0004,0.1357,1.0,0.375
27243.772745132446,0.464,0.569,0.534,0.339,1.0,0.0,0.04,neutral,surprise,0.346,0.164,True,hesitant,1086.68,876607.65,0.0004,0.1357,1.0,0.375
27272.743225097656,0.456,0.568,0.542,0.323,1.0,0.0,0.039,neutral,surprise,0.392,0.205,True,hesitant,1086.68,876607.65,0.0004,0.1357,1.0,0.375
27409.199237823486,0.456,0.567,0.542,0.323,1.0,0.0,0.046,neutral,surprise,0.392,0.205,True,hesitant,1086.68,876607.65,0.0004,0.1357,1.0,0.375
27437.113285064697,0.456,0.567,0.542,0.323,1.0,0.0,0.044,neutral,surprise,0.392,0.205,True,hesitant,1086.68,876607.65,0.0004,0.1357,1.0,0.375
27466.548204421997,0.457,0.569,0.569,0.358,1.0,0.0,0.044,neutral,sad,0.435,0.113,True,hesitant,1086.68,876607.65,0.0004,0.1357,1.0,0.375
27591.537475585938,0.457,0.569,0.569,0.358,1.0,0.0,0.043,neutral,sad,0.435,0.113,True,hesitant,1086.68,876607.65,0.0004,0.1357,1.0,0.375
27622.37048149109,0.457,0.569,0.569,0.358,1.0,0.0,0.043,neutral,sad,0.435,0.113,True,hesitant,1086.68,876607.65,0.0004,0.1357,1.0,0.375
27653.226613998413,0.455,0.569,0.582,0.364,1.0,0.0,0.046,neutral,sad,0.474,0.099,True,hesitant,1086.68,876607.65,0.0004,0.1357,1.0,0.375
27822.78084754944,0.455,0.569,0.582,0.364,1.0,0.0,0.048,neutral,sad,0.474,0.099,True,hesitant,1086.68,876607.65,0.0004,0.1357,1.0,0.375
27861.722230911255,0.455,0.569,0.582,0.364,1.0,0.0,0.048,neutral,sad,0.474,0.099,True,hesitant,1086.68,876607.65,0.0004,0.1357,1.0,0.375
27901.74698829651,0.449,0.564,0.608,0.381,1.0,0.0,0.047,neutral,fear,0.532,0.053,True,hesitant,1920.3,563680.24,0.0001,0.1823,1.0,0.369
28050.3249168396,0.449,0.564,0.608,0.381,1.0,0.0,0.048,neutral,fear,0.532,0.053,True,hesitant,1920.3,563680.24,0.0001,0.1823,1.0,0.369
28081.860303878784,0.449,0.564,0.608,0.381,1.0,0.0,0.049,neutral,fear,0.532,0.053,True,hesitant,1920.3,563680.24,0.0001,0.1823,1.0,0.369
28110.513925552368,0.449,0.563,0.612,0.386,1.0,0.0,0.055,neutral,fear,0.547,0.04,True,hesitant,1920.3,563680.24,0.0001,0.1823,1.0,0.369
28225.27313232422,0.448,0.562,0.612,0.386,1.0,0.0,0.059,neutral,fear,0.547,0.04,True,hesitant,1920.3,563680.24,0.0001,0.1823,1.0,0.369
28255.736589431763,0.448,0.562,0.612,0.386,1.0,0.0,0.059,neutral,fear,0.547,0.04,True,hesitant,1920.3,563680.24,0.0001,0.1823,1.0,0.369
28285.051822662354,0.437,0.564,0.65,0.391,1.0,0.0,0.053,neutral,fear,0.717,0.026,True,hesitant,1920.3,563680.24,0.0001,0.1823,1.0,0.369
28403.836727142334,0.437,0.564,0.65,0.391,1.0,0.0,0.052,neutral,fear,0.717,0.026,True,hesitant,1920.3,563680.24,0.0001,0.1823,1.0,0.369
28435.91570854187,0.437,0.564,0.65,0.391,1.0,0.0,0.053,neutral,fear,0.717,0.026,True,hesitant,1920.3,563680.24,0.0001,0.1823,1.0,0.369
28466.596603393555,0.436,0.564,0.656,0.393,1.0,0.0,0.056,neutral,fear,0.745,0.019,True,hesitant,1920.3,563680.24,0.0001,0.1823,1.0,0.369
28585.64257621765,0.435,0.563,0.656,0.393,1.0,0.0,0.059,neutral,fear,0.745,0.019,True,hesitant,1920.3,563680.24,0.0001,0.1823,1.0,0.369
28616.475582122803,0.435,0.563,0.656,0.393,1.0,0.0,0.059,neutral,fear,0.745,0.019,True,hesitant,1920.3,563680.24,0.0001,0.1823,1.0,0.369
28647.8374004364,0.436,0.563,0.653,0.393,1.0,0.0,0.059,neutral,fear,0.732,0.021,True,hesitant,1920.3,563680.24,0.0001,0.1823,1.0,0.369
28784.984588623047,0.436,0.562,0.653,0.393,1.0,0.0,0.067,neutral,fear,0.732,0.021,True,hesitant,1920.3,563680.24,0.0001,0.1823,1.0,0.369
28814.311027526855,0.436,0.561,0.653,0.393,1.0,0.0,0.069,neutral,fear,0.732,0.021,True,hesitant,1920.3,563680.24,0.0001,0.1823,1.0,0.369
28842.998027801514,0.438,0.561,0.646,0.392,1.0,0.0,0.067,neutral,fear,0.697,0.023,True,hesitant,1920.3,563680.24,0.0001,0.1823,1.0,0.369
28971.684217453003,0.438,0.561,0.646,0.392,1.0,0.0,0.067,neutral,fear,0.697,0.023,True,hesitant,1920.3,563680.24,0.0001,0.1823,1.0,0.369
29002.77590751648,0.439,0.563,0.646,0.392,1.0,0.0,0.061,neutral,fear,0.697,0.023,True,hesitant,1920.3,563680.24,0.0001,0.1823,1.0,0.369
29032.655239105225,0.453,0.559,0.558,0.341,1.0,0.0,0.059,neutral,sad,0.386,0.156,True,hesitant,1920.3,563680.24,0.0001,0.1823,1.0,0.369
29157.706260681152,0.453,0.559,0.558,0.341,1.0,0.0,0.057,neutral,sad,0.386,0.156,True,hesitant,1920.3,563680.24,0.0001,0.1823,1.0,0.369
29185.989141464233,0.453,0.559,0.558,0.341,1.0,0.0,0.061,neutral,sad,0.386,0.156,True,hesitant,1920.3,563680.24,0.0001,0.1823,1.0,0.369
29214.517831802368,0.451,0.559,0.575,0.356,1.0,0.0,0.063,neutral,sad,0.427,0.117,True,hesitant,1920.3,563680.24,0.0001,0.1823,1.0,0.369
29352.93698310852,0.451,0.559,0.575,0.356,1.0,0.0,0.063,neutral,sad,0.427,0.117,True,hesitant,1920.3,563680.24,0.0001,0.1823,1.0,0.369
29382.280111312866,0.452,0.56,0.575,0.356,1.0,0.0,0.06,neutral,sad,0.427,0.117,True,hesitant,1920.3,563680.24,0.0001,0.1823,1.0,0.369
29411.489009857178,0.449,0.56,0.592,0.367,1.0,0.0,0.061,neutral,surprise,0.478,0.09,True,hesitant,1920.3,563680.24,0.0001,0.1823,1.0,0.369
29536.977291107178,0.449,0.56,0.592,0.367,1.0,0.0,0.061,neutral,surprise,0.478,0.09,True,hesitant,1920.3,563680.24,0.0001,0.1823,1.0,0.369
29584.901332855225,0.449,0.56,0.592,0.367,1.0,0.0,0.061,neutral,surprise,0.478,0.09,True,hesitant,1920.3,563680.24,0.0001,0.1823,1.0,0.369
29628.91674041748,0.449,0.554,0.588,0.368,1.0,0.0,0.05,neutral,surprise,0.39,0.087,True,hesitant,1817.53,763946.05,0.0001,0.1824,1.0,0.349
29813.52996826172,0.449,0.554,0.588,0.368,1.0,0.0,0.05,neutral,surprise,0.39,0.087,True,hesitant,1817.53,763946.05,0.0001,0.1824,1.0,0.349
29843.048810958862,0.449,0.554,0.588,0.368,1.0,0.0,0.053,neutral,surprise,0.39,0.087,True,hesitant,1817.53,763946.05,0.0001,0.1824,1.0,0.349
29872.703552246094,0.457,0.554,0.574,0.38,1.0,0.0,0.057,neutral,surprise,0.314,0.06,True,hesitant,1817.53,763946.05,0.0001,0.1824,1.0,0.349
29991.844654083252,0.457,0.553,0.574,0.38,1.0,0.0,0.063,neutral,surprise,0.314,0.06,True,hesitant,1817.53,763946.05,0.0001,0.1824,1.0,0.349
30020.139932632446,0.457,0.553,0.574,0.38,1.0,0.0,0.062,neutral,surprise,0.314,0.06,True,hesitant,1817.53,763946.05,0.0001,0.1824,1.0,0.349
30056.294679641724,0.448,0.552,0.599,0.382,1.0,0.0,0.065,neutral,surprise,0.425,0.063,True,hesitant,1817.53,763946.05,0.0001,0.1824,1.0,0.349
30181.50806427002,0.448,0.553,0.599,0.382,1.0,0.0,0.062,neutral,surprise,0.425,0.063,True,hesitant,1817.53,763946.05,0.0001,0.1824,1.0,0.349
30214.780569076538,0.448,0.553,0.599,0.382,1.0,0.0,0.062,neutral,surprise,0.425,0.063,True,hesitant,1817.53,763946.05,0.0001,0.1824,1.0,0.349
30244.561433792114,0.444,0.552,0.61,0.381,1.0,0.0,0.064,neutral,surprise,0.474,0.07,True,hesitant,1817.53,763946.05,0.0001,0.1824,1.0,0.349
30371.455669403076,0.444,0.552,0.61,0.381,1.0,0.0,0.064,neutral,surprise,0.474,0.07,True,hesitant,1817.53,763946.05,0.0001,0.1824,1.0,0.349
30402.663230895996,0.444,0.553,0.61,0.381,1.0,0.0,0.06,neutral,surprise,0.474,0.07,True,hesitant,1817.53,763946.05,0.0001,0.1824,1.0,0.349
30432.820558547974,0.445,0.553,0.609,0.381,1.0,0.0,0.061,neutral,surprise,0.468,0.067,True,hesitant,1817.53,763946.05,0.0001,0.1824,1.0,0.349
30556.777000427246,0.444,0.552,0.609,0.381,1.0,0.0,0.066,neutral,surprise,0.468,0.067,True,hesitant,1817.53,763946.05,0.0001,0.1824,1.0,0.349
30586.9083404541,0.444,0.552,0.609,0.381,1.0,0.0,0.067,neutral,surprise,0.468,0.067,True,hesitant,1817.53,763946.05,0.0001,0.1824,1.0,0.349
30615.979194641113,0.445,0.551,0.61,0.384,1.0,0.0,0.071,neutral,surprise,0.476,0.066,True,hesitant,1817.53,763946.05,0.0001,0.1824,1.0,0.349
30735.817432403564,0.444,0.55,0.61,0.384,1.0,0.0,0.072,neutral,surprise,0.476,0.066,True,hesitant,1817.53,763946.05,0.0001,0.1824,1.0,0.349
30767.04216003418,0.445,0.551,0.61,0.384,1.0,0.0,0.071,neutral,surprise,0.476,0.066,True,hesitant,1817.53,763946.05,0.0001,0.1824,1.0,0.349
30799.580097198486,0.437,0.552,0.632,0.384,1.0,0.0,0.066,neutral,disgust,0.567,0.062,True,hesitant,1817.53,763946.05,0.0001,0.1824,1.0,0.349
30939.367294311523,0.438,0.553,0.632,0.384,1.0,0.0,0.064,neutral,disgust,0.567,0.062,True,hesitant,1817.53,763946.05,0.0001,0.1824,1.0,0.349
30974.283933639526,0.438,0.553,0.632,0.384,1.0,0.0,0.063,neutral,disgust,0.567,0.062,True,hesitant,1817.53,763946.05,0.0001,0.1824,1.0,0.349
31003.52454185486,0.437,0.552,0.632,0.384,1.0,0.0,0.062,neutral,disgust,0.571,0.071,True,hesitant,1817.53,763946.05,0.0001,0.1824,1.0,0.349
31126.79409980774,0.438,0.553,0.632,0.384,1.0,0.0,0.061,neutral,disgust,0.571,0.071,True,hesitant,1817.53,763946.05,0.0001,0.1824,1.0,0.349
31161.42439842224,0.438,0.553,0.632,0.384,1.0,0.0,0.058,neutral,disgust,0.571,0.071,True,hesitant,1817.53,763946.05,0.0001,0.1824,1.0,0.349
31190.565586090088,0.436,0.553,0.639,0.386,1.0,0.0,0.061,neutral,disgust,0.598,0.061,True,hesitant,1817.53,763946.05,0.0001,0.1824,1.0,0.349
31310.38761138916,0.436,0.553,0.639,0.386,1.0,0.0,0.064,neutral,disgust,0.598,0.061,True,hesitant,1817.53,763946.05,0.0001,0.1824,1.0,0.349
31345.112085342407,0.436,0.553,0.639,0.386,1.0,0.0,0.062,neutral,disgust,0.598,0.061,True,hesitant,1817.53,763946.05,0.0001,0.1824,1.0,0.349
31394.60062980652,0.438,0.548,0.631,0.389,1.0,0.0,0.06,neutral,disgust,0.645,0.046,True,hesitant,929.04,1005360.84,0.0005,0.1376,1.0,0.372
31571.296215057373,0.434,0.539,0.631,0.389,1.0,0.0,0.105,neutral,disgust,0.645,0.046,True,hesitant,929.04,1005360.84,0.0005,0.1376,1.0,0.372
31602.703094482422,0.442,0.546,0.631,0.405,1.0,0.052,0.124,neutral,disgust,0.645,0.046,True,hesitant,929.04,1005360.84,0.0005,0.1376,1.0,0.372
31634.690284729004,0.45,0.55,0.56,0.346,1.0,0.102,0.136,neutral,surprise,0.381,0.222,True,hesitant,929.04,1005360.84,0.0005,0.1376,1.0,0.372
31751.44863128662,0.45,0.544,0.56,0.351,1.0,0.118,0.186,neutral,surprise,0.381,0.222,True,hesitant,929.04,1005360.84,0.0005,0.1376,1.0,0.372
31783.53261947632,0.467,0.559,0.56,0.392,1.0,0.255,0.243,neutral,surprise,0.381,0.222,True,hesitant,929.04,1005360.84,0.0005,0.1376,1.0,0.372
31814.647436141968,0.455,0.555,0.528,0.319,1.0,0.241,0.283,neutral,neutral,0.374,0.397,True,hesitant,929.04,1005360.84,0.0005,0.1376,1.0,0.372
31933.924674987793,0.449,0.543,0.528,0.313,1.0,0.221,0.333,neutral,neutral,0.374,0.397,True,hesitant,929.04,1005360.84,0.0005,0.1376,1.0,0.372
31965.546369552612,0.441,0.532,0.528,0.3,1.0,0.179,0.359,neutral,neutral,0.374,0.397,True,hesitant,929.04,1005360.84,0.0005,0.1376,1.0,0.372
31996.646642684937,0.465,0.521,0.561,0.431,1.0,0.173,0.372,neutral,surprise,0.285,0.071,True,hesitant,929.04,1005360.84,0.0005,0.1376,1.0,0.372
32113.357543945312,0.462,0.514,0.561,0.427,1.0,0.159,0.393,forward,surprise,0.285,0.071,True,hesitant,929.04,1005360.84,0.0005,0.1376,1.0,0.372
32141.22986793518,0.459,0.509,0.561,0.425,1.0,0.152,0.412,forward,surprise,0.285,0.071,True,hesitant,929.04,1005360.84,0.0005,0.1376,1.0,0.372
32172.76883125305,0.454,0.502,0.551,0.403,1.0,0.132,0.43,forward,surprise,0.263,0.103,False,hesitant,929.04,1005360.84,0.0005,0.1376,1.0,0.372
32290.603399276733,0.453,0.5,0.551,0.402,1.0,0.127,0.435,forward,surprise,0.263,0.103,False,hesitant,929.04,1005360.84,0.0005,0.1376,1.0,0.372
32321.31052017212,0.45,0.497,0.551,0.398,1.0,0.116,0.435,forward,surprise,0.263,0.103,False,hesitant,929.04,1005360.84,0.0005,0.1376,1.0,0.372
32354.702472686768,0.458,0.503,0.546,0.411,1.0,0.103,0.398,forward,surprise,0.193,0.056,False,hesitant,929.04,1005360.84,0.0005,0.1376,1.0,0.372
32479.99119758606,0.461,0.508,0.546,0.415,1.0,0.116,0.382,forward,surprise,0.193,0.056,False,hesitant,929.04,1005360.84,0.0005,0.1376,1.0,0.372
32508.23211669922,0.463,0.512,0.546,0.417,1.0,0.123,0.37,forward,surprise,0.193,0.056,False,hesitant,929.04,1005360.84,0.0005,0.1376,1.0,0.372
32538.723468780518,0.461,0.52,0.565,0.423,1.0,0.134,0.341,forward,surprise,0.29,0.05,True,hesitant,929.04,1005360.84,0.0005,0.1376,1.0,0.372
32661.858797073364,0.464,0.529,0.565,0.423,1.0,0.134,0.296,neutral,surprise,0.29,0.05,True,hesitant,929.04,1005360.84,0.0005,0.1376,1.0,0.372
32694.47112083435,0.466,0.534,0.565,0.423,1.0,0.132,0.268,neutral,surprise,0.29,0.05,True,hesitant,929.04,1005360.84,0.0005,0.1376,1.0,0.372
32722.92470932007,0.441,0.539,0.547,0.312,1.0,0.133,0.244,neutral,neutral,0.394,0.332,True,hesitant,929.04,1005360.84,0.0005,0.1376,1.0,0.372
32846.63701057434,0.44,0.536,0.547,0.313,1.0,0.137,0.262,neutral,neutral,0.394,0.332,True,hesitant,929.04,1005360.84,0.0005,0.1376,1.0,0.372
32874.383211135864,0.437,0.531,0.547,0.308,1.0,0.121,0.277,neutral,neutral,0.394,0.332,True,hesitant,929.04,1005360.84,0.0005,0.1376,1.0,0.372
32905.009269714355,0.434,0.538,0.537,0.28,1.0,0.116,0.277,neutral,neutral,0.406,0.418,True,hesitant,929.04,1005360.84,0.0005,0.1376,1.0,0.372
33027.2753238678,0.427,0.53,0.537,0.266,1.0,0.07,0.277,neutral,neutral,0.406,0.418,True,hesitant,929.04,1005360.84,0.0005,0.1376,1.0,0.372
33060.224533081055,0.425,0.528,0.537,0.261,1.0,0.052,0.27,neutral,neutral,0.406,0.418,True,hesitant,929.04,1005360.84,0.0005,0.1376,1.0,0.372
33089.526891708374,0.42,0.521,0.534,0.249,1.0,0.033,0.293,neutral,neutral,0.397,0.417,True,hesitant,929.04,1005360.84,0.0005,0.1376,1.0,0.372
33280.7297706604,0.417,0.516,0.534,0.246,1.0,0.021,0.312,neutral,neutral,0.397,0.417,True,hesitant,929.04,1005360.84,0.0005,0.1376,1.0,0.372
33314.66460227966,0.457,0.542,0.462,0.262,1.0,0.0,0.324,neutral,neutral,0.397,0.417,True,hesitant,627.56,660018.6,0.0079,0.1129,0.725,0.475
33345.57557106018,0.464,0.533,0.466,0.301,1.0,0.0,0.331,neutral,neutral,0.388,0.331,True,hesitant,627.56,660018.6,0.0079,0.1129,0.725,0.475
33468.45817565918,0.463,0.53,0.466,0.301,1.0,0.0,0.347,neutral,neutral,0.388,0.331,True,hesitant,627.56,660018.6,0.0079,0.1129,0.725,0.475
33499.8562335968,0.463,0.53,0.466,0.301,1.0,0.0,0.342,neutral,neutral,0.388,0.331,True,hesitant,627.56,660018.6,0.0079,0.1129,0.725,0.475
33529.030323028564,0.472,0.527,0.463,0.333,1.0,0.006,0.353,neutral,sad,0.361,0.257,True,hesitant,627.56,660018.6,0.0079,0.1129,0.725,0.475
33647.942543029785,0.472,0.527,0.463,0.332,1.0,0.005,0.347,neutral,sad,0.361,0.257,True,hesitant,627.56,660018.6,0.0079,0.1129,0.725,0.475
33675.28223991394,0.473,0.53,0.463,0.331,1.0,0.002,0.332,neutral,sad,0.361,0.257,True,hesitant,627.56,660018.6,0.0079,0.1129,0.725,0.475
33704.44059371948,0.477,0.54,0.492,0.367,1.0,0.03,0.305,neutral,surprise,0.424,0.182,True,hesitant,627.56,660018.6,0.0079,0.1129,0.725,0.475
33827.33988761902,0.481,0.546,0.492,0.375,1.0,0.057,0.304,neutral,surprise,0.424,0.182,True,hesitant,627.56,660018.6,0.0079,0.1129,0.725,0.475
33860.4199886322,0.482,0.547,0.492,0.375,1.0,0.057,0.297,neutral,surprise,0.424,0.182,True,hesitant,627.56,660018.6,0.0079,0.1129,0.725,0.475
33890.241861343384,0.476,0.55,0.515,0.379,1.0,0.059,0.285,neutral,fear,0.493,0.162,True,hesitant,627.56,660018.6,0.0079,0.1129,0.725,0.475
34012.61854171753,0.474,0.548,0.515,0.374,1.0,0.041,0.277,neutral,fear,0.493,0.162,True,hesitant,627.56,660018.6,0.0079,0.1129,0.725,0.475
34041.35346412659,0.474,0.551,0.515,0.371,1.0,0.03,0.252,neutral,fear,0.493,0.162,True,hesitant,627.56,660018.6,0.0079,0.1129,0.725,0.475
34072.87788391113,0.478,0.554,0.496,0.359,1.0,0.03,0.236,neutral,fear,0.439,0.192,True,hesitant,627.56,660018.6,0.0079,0.1129,0.725,0.475
34205.34038543701,0.481,0.56,0.496,0.362,1.0,0.041,0.217,neutral,fear,0.439,0.192,True,hesitant,627.56,660018.6,0.0079,0.1129,0.725,0.475
34234.6088886261,0.482,0.563,0.496,0.361,1.0,0.037,0.201,neutral,fear,0.439,0.192,True,hesitant,627.56,660018.6,0.0079,0.1129,0.725,0.475
34267.33350753784,0.483,0.566,0.488,0.354,1.0,0.033,0.18,neutral,fear,0.416,0.207,True,hesitant,627.56,660018.6,0.0079,0.1129,0.725,0.475
34394.458532333374,0.485,0.57,0.488,0.355,1.0,0.037,0.164,neutral,fear,0.416,0.207,True,hesitant,627.56,660018.6,0.0079,0.1129,0.725,0.475
34419.3320274353,0.491,0.579,0.488,0.365,1.0,0.069,0.151,neutral,fear,0.416,0.207,True,hesitant,627.56,660018.6,0.0079,0.1129,0.725,0.475
34452.85153388977,0.49,0.579,0.495,0.369,1.0,0.065,0.147,neutral,fear,0.436,0.194,True,hesitant,627.56,660018.6,0.0079,0.1129,0.725,0.475
34575.995683670044,0.491,0.582,0.495,0.369,1.0,0.066,0.138,neutral,fear,0.436,0.194,True,hesitant,627.56,660018.6,0.0079,0.1129,0.725,0.475
34605.266094207764,0.492,0.584,0.495,0.369,1.0,0.065,0.126,neutral,fear,0.436,0.194,True,hesitant,627.56,660018.6,0.0079,0.1129,0.725,0.475
34638.36979866028,0.491,0.585,0.501,0.371,1.0,0.049,0.103,neutral,fear,0.451,0.175,True,hesitant,627.56,660018.6,0.0079,0.1129,0.725,0.475
34762.67600059509,0.489,0.584,0.501,0.366,1.0,0.034,0.094,neutral,fear,0.451,0.175,True,hesitant,627.56,660018.6,0.0079,0.1129,0.725,0.475
34792.1040058136,0.489,0.584,0.501,0.365,1.0,0.028,0.087,neutral,fear,0.451,0.175,True,hesitant,627.56,660018.6,0.0079,0.1129,0.725,0.475
34852.92673110962,0.491,0.585,0.495,0.364,1.0,0.027,0.085,neutral,fear,0.433,0.177,True,hesitant,627.56,660018.6,0.0079,0.1129,0.725,0.475
35077.71706581116,0.492,0.586,0.495,0.368,1.0,0.041,0.09,neutral,fear,0.433,0.177,True,hesitant,627.56,660018.6,0.0079,0.1129,0.725,0.475
35113.494634628296,0.456,0.539,0.552,0.367,1.0,0.049,0.09,neutral,fear,0.433,0.177,True,hesitant,1383.92,1019751.98,0.0068,0.1506,0.758,0.425
35143.50605010986,0.457,0.54,0.558,0.376,1.0,0.057,0.093,neutral,fear,0.466,0.16,True,hesitant,1383.92,1019751.98,0.0068,0.1506,0.758,0.425
35271.27695083618,0.459,0.542,0.558,0.382,1.0,0.076,0.1,neutral,fear,0.466,0.16,True,hesitant,1383.92,1019751.98,0.0068,0.1506,0.758,0.425
35299.94535446167,0.459,0.542,0.558,0.382,1.0,0.076,0.101,neutral,fear,0.466,0.16,True,hesitant,1383.92,1019751.98,0.0068,0.1506,0.758,0.425
35333.84084701538,0.457,0.541,0.559,0.379,1.0,0.077,0.108,neutral,fear,0.471,0.168,True,hesitant,1383.92,1019751.98,0.0068,0.1506,0.758,0.425
35459.144115448,0.452,0.535,0.559,0.367,1.0,0.035,0.105,neutral,fear,0.471,0.168,True,hesitant,1383.92,1019751.98,0.0068,0.1506,0.758,0.425
35489.32409286499,0.452,0.535,0.559,0.368,1.0,0.038,0.105,neutral,fear,0.471,0.168,True,hesitant,1383.92,1019751.98,0.0068,0.1506,0.758,0.425
35516.87693595886,0.455,0.536,0.555,0.371,1.0,0.046,0.106,neutral,fear,0.447,0.164,True,hesitant,1383.92,1019751.98,0.0068,0.1506,0.758,0.425
35647.86982536316,0.453,0.534,0.555,0.368,1.0,0.034,0.109,neutral,fear,0.447,0.164,True,hesitant,1383.92,1019751.98,0.0068,0.1506,0.758,0.425
35676.2433052063,0.45,0.531,0.555,0.362,1.0,0.013,0.108,neutral,fear,0.447,0.164,True,hesitant,1383.92,1019751.98,0.0068,0.1506,0.758,0.425
35706.44927024841,0.446,0.531,0.547,0.338,1.0,0.007,0.105,neutral,fear,0.419,0.22,True,hesitant,1383.92,1019751.98,0.0068,0.1506,0.758,0.425
35836.94076538086,0.445,0.529,0.547,0.336,1.0,0.0,0.105,neutral,fear,0.419,0.22,True,hesitant,1383.92,1019751.98,0.0068,0.1506,0.758,0.425
35863.102197647095,0.445,0.529,0.547,0.336,1.0,0.0,0.108,neutral,fear,0.419,0.22,True,hesitant,1383.92,1019751.98,0.0068,0.1506,0.758,0.425
35889.93501663208,0.443,0.529,0.547,0.331,1.0,0.0,0.107,neutral,neutral,0.42,0.232,False,hesitant,1383.92,1019751.98,0.0068,0.1506,0.758,0.425
36014.20617103577,0.443,0.529,0.547,0.331,1.0,0.0,0.107,neutral,neutral,0.42,0.232,False,hesitant,1383.92,1019751.98,0.0068,0.1506,0.758,0.425
36042.50502586365,0.443,0.529,0.547,0.331,1.0,0.0,0.106,neutral,neutral,0.42,0.232,False,hesitant,1383.92,1019751.98,0.0068,0.1506,0.758,0.425
36072.078466415405,0.444,0.53,0.548,0.334,1.0,0.0,0.101,neutral,fear,0.425,0.223,True,hesitant,1383.92,1019751.98,0.0068,0.1506,0.758,0.425
36196.248054504395,0.444,0.53,0.548,0.334,1.0,0.0,0.103,neutral,fear,0.425,0.223,True,hesitant,1383.92,1019751.98,0.0068,0.1506,0.758,0.425
36228.84511947632,0.444,0.531,0.548,0.334,1.0,0.0,0.097,neutral,fear,0.425,0.223,True,hesitant,1383.92,1019751.98,0.0068,0.1506,0.758,0.425
36264.634132385254,0.444,0.531,0.547,0.333,1.0,0.0,0.092,neutral,fear,0.418,0.227,True,hesitant,1383.92,1019751.98,0.0068,0.1506,0.758,0.425
36398.05746078491,0.445,0.532,0.547,0.334,1.0,0.004,0.093,neutral,fear,0.418,0.227,True,hesitant,1383.92,1019751.98,0.0068,0.1506,0.758,0.425
36428.77650260925,0.445,0.532,0.547,0.334,1.0,0.005,0.094,neutral,fear,0.418,0.227,True,hesitant,1383.92,1019751.98,0.0068,0.1506,0.758,0.425
36462.47434616089,0.444,0.532,0.544,0.326,1.0,0.0,0.088,neutral,neutral,0.413,0.243,True,hesitant,1383.92,1019751.98,0.0068,0.1506,0.758,0.425
36854.472637176514,0.445,0.534,0.544,0.329,1.0,0.008,0.084,neutral,neutral,0.413,0.243,True,hesitant,1383.92,1019751.98,0.0068,0.1506,0.758,0.425
36903.62572669983,0.445,0.534,0.544,0.329,1.0,0.01,0.082,neutral,neutral,0.413,0.243,True,hesitant,1383.92,1019751.98,0.0068,0.1506,0.758,0.425
36971.22001647949,0.414,0.536,0.62,0.313,1.0,0.0,0.081,neutral,fear,0.42,0.226,False,hesitant,2285.71,0.0,0.0,0.2015,1.0,0.264
37341.28189086914,0.418,0.541,0.62,0.319,1.0,0.022,0.078,neutral,fear,0.42,0.226,False,hesitant,2285.71,0.0,0.0,0.2015,1.0,0.264
37386.0068321228,0.418,0.542,0.62,0.318,1.0,0.019,0.072,neutral,fear,0.42,0.226,False,hesitant,2285.71,0.0,0.0,0.2015,1.0,0.264
37435.4133605957,0.414,0.547,0.687,0.378,1.0,0.045,0.08,neutral,fear,0.565,0.102,True,hesitant,2285.71,0.0,0.0,0.2015,1.0,0.264
37761.175870895386,0.442,0.579,0.687,0.432,1.0,0.225,0.108,neutral,fear,0.565,0.102,True,hesitant,2285.71,0.0,0.0,0.2015,1.0,0.264
37804.46720123291,0.465,0.519,0.687,0.58,1.0,0.716,0.886,neutral,fear,0.565,0.102,True,hesitant,2285.71,0.0,0.0,0.2015,1.0,0.264
37870.341777801514,0.526,0.553,0.571,0.607,1.0,1.0,1.0,neutral,sad,0.299,0.243,True,hesitant,2285.71,0.0,0.0,0.2015,1.0,0.264
38108.93726348877,0.526,0.553,0.571,0.607,1.0,1.0,1.0,neutral,sad,0.299,0.243,True,hesitant,2285.71,0.0,0.0,0.2015,1.0,0.264
38157.18150138855,0.526,0.553,0.571,0.607,1.0,1.0,1.0,neutral,sad,0.299,0.243,True,hesitant,2285.71,0.0,0.0,0.2015,1.0,0.264
38208.28199386597,0.514,0.556,0.602,0.601,1.0,1.0,1.0,neutral,neutral,0.439,0.343,True,hesitant,2285.71,0.0,0.0,0.2015,1.0,0.264
38461.21954917908,0.514,0.556,0.602,0.601,1.0,1.0,1.0,neutral,neutral,0.439,0.343,True,hesitant,2285.71,0.0,0.0,0.2015,1.0,0.264
38502.559185028076,0.514,0.556,0.602,0.601,1.0,1.0,1.0,neutral,neutral,0.439,0.343,True,hesitant,2285.71,0.0,0.0,0.2015,1.0,0.264
38561.4333152771,0.524,0.562,0.55,0.565,1.0,1.0,1.0,neutral,neutral,0.371,0.419,False,hesitant,2285.71,0.0,0.0,0.2015,1.0,0.264
39075.472831726074,0.495,0.528,0.55,0.509,1.0,0.813,1.0,neutral,neutral,0.371,0.419,False,hesitant,2285.71,0.0,0.0,0.2015,1.0,0.264
39139.753341674805,0.489,0.521,0.55,0.498,1.0,0.778,1.0,forward,neutral,0.371,0.419,False,hesitant,2285.71,0.0,0.0,0.2015,1.0,0.264
39196.81620597839,0.495,0.508,0.572,0.557,1.0,0.785,1.0,forward,surprise,0.293,0.234,False,hesitant,2285.71,0.0,0.0,0.2012,1.0,0.265
39495.49150466919,0.495,0.509,0.572,0.558,1.0,0.787,1.0,forward,surprise,0.293,0.234,False,hesitant,2285.71,0.0,0.0,0.2012,1.0,0.265
39537.4481678009,0.507,0.523,0.572,0.579,1.0,0.858,1.0,forward,surprise,0.293,0.234,False,hesitant,2285.71,0.0,0.0,0.2012,1.0,0.265
39587.72349357605,0.513,0.53,0.566,0.585,1.0,0.884,1.0,forward,surprise,0.326,0.298,False,hesitant,2285.71,0.0,0.0,0.2012,1.0,0.265
39832.035303115845,0.508,0.524,0.566,0.576,1.0,0.854,1.0,forward,surprise,0.326,0.298,False,hesitant,2285.71,0.0,0.0,0.2012,1.0,0.265
39874.15289878845,0.492,0.504,0.566,0.544,1.0,0.748,1.0,forward,surprise,0.326,0.298,False,hesitant,2285.71,0.0,0.0,0.2012,1.0,0.265
39913.190603256226,0.491,0.507,0.565,0.538,1.0,0.764,1.0,forward,surprise,0.326,0.3,False,hesitant,2285.71,0.0,0.0,0.2012,1.0,0.265
40120.24545669556,0.495,0.512,0.565,0.546,1.0,0.789,1.0,neutral,surprise,0.326,0.3,False,hesitant,2285.71,0.0,0.0,0.2012,1.0,0.265
40168.663024902344,0.501,0.519,0.565,0.556,1.0,0.823,1.0,neutral,surprise,0.326,0.3,False,hesitant,2285.71,0.0,0.0,0.2012,1.0,0.265
40218.79029273987,0.503,0.54,0.604,0.585,1.0,0.917,1.0,neutral,neutral,0.445,0.349,False,hesitant,2285.71,0.0,0.0,0.2012,1.0,0.265
40467.33355522156,0.492,0.526,0.604,0.565,1.0,0.848,1.0,neutral,neutral,0.445,0.349,False,hesitant,2285.71,0.0,0.0,0.2012,1.0,0.265
40515.84768295288,0.495,0.53,0.604,0.571,1.0,0.868,1.0,neutral,neutral,0.445,0.349,False,hesitant,2285.71,0.0,0.0,0.2012,1.0,0.265
40563.00687789917,0.494,0.52,0.59,0.562,1.0,0.838,1.0,neutral,surprise,0.367,0.272,False,hesitant,2285.71,0.0,0.0,0.2012,1.0,0.265
40929.685831069946,0.505,0.534,0.59,0.583,1.0,0.908,1.0,neutral,surprise,0.367,0.272,False,hesitant,2285.71,0.0,0.0,0.2012,1.0,0.265
40976.73726081848,0.517,0.548,0.59,0.605,1.0,0.981,1.0,neutral,surprise,0.367,0.272,False,hesitant,2285.71,0.0,0.0,0.2012,1.0,0.265
41037.47224807739,0.514,0.53,0.583,0.61,1.0,0.967,1.0,neutral,surprise,0.375,0.258,False,hesitant,1721.08,846400.57,0.0004,0.1767,1.0,0.347
41457.50880241394,0.519,0.535,0.583,0.62,1.0,1.0,1.0,neutral,surprise,0.375,0.258,False,hesitant,1721.08,846400.57,0.0004,0.1767,1.0,0.347
41506.58464431763,0.519,0.535,0.583,0.62,1.0,1.0,1.0,neutral,surprise,0.375,0.258,False,hesitant,1721.08,846400.57,0.0004,0.1767,1.0,0.347
41554.44359779358,0.523,0.535,0.583,0.634,1.0,1.0,1.0,neutral,sad,0.348,0.219,False,hesitant,1721.08,846400.57,0.0004,0.1767,1.0,0.347
41763.938665390015,0.523,0.535,0.583,0.634,1.0,1.0,1.0,neutral,sad,0.348,0.219,False,hesitant,1721.08,846400.57,0.0004,0.1767,1.0,0.347
41809.55123901367,0.523,0.535,0.583,0.634,1.0,1.0,1.0,neutral,sad,0.348,0.219,False,hesitant,1721.08,846400.57,0.0004,0.1767,1.0,0.347
41849.655628204346,0.509,0.536,0.599,0.604,1.0,1.0,1.0,neutral,contempt,0.455,0.292,False,hesitant,1721.08,846400.57,0.0004,0.1767,1.0,0.347
42068.933963775635,0.493,0.518,0.599,0.572,1.0,0.893,1.0,neutral,contempt,0.455,0.292,False,hesitant,1721.08,846400.57,0.0004,0.1767,1.0,0.347
42120.32961845398,0.492,0.517,0.599,0.569,1.0,0.883,1.0,backward,contempt,0.455,0.292,False,hesitant,1721.08,846400.57,0.0004,0.1767,1.0,0.347
42164.35885429382,0.487,0.516,0.599,0.555,1.0,0.875,1.0,backward,neutral,0.465,0.317,True,hesitant,1721.08,846400.57,0.0004,0.1767,1.0,0.347
42421.05984687805,0.506,0.537,0.599,0.593,1.0,1.0,1.0,backward,neutral,0.465,0.317,True,hesitant,1721.08,846400.57,0.0004,0.1767,1.0,0.347
42461.75265312195,0.506,0.537,0.599,0.593,1.0,1.0,1.0,backward,neutral,0.465,0.317,True,hesitant,1721.08,846400.57,0.0004,0.1767,1.0,0.347
42511.48247718811,0.511,0.538,0.596,0.603,1.0,1.0,1.0,backward,neutral,0.459,0.328,False,hesitant,1721.08,846400.57,0.0004,0.1767,1.0,0.347
42798.903703689575,0.501,0.527,0.596,0.584,1.0,0.935,1.0,backward,neutral,0.459,0.328,False,hesitant,1721.08,846400.57,0.0004,0.1767,1.0,0.347
42857.885122299194,0.493,0.519,0.596,0.568,1.0,0.883,1.0,backward,neutral,0.459,0.328,False,hesitant,1721.08,846400.57,0.0004,0.1767,1.0,0.347
42950.589656829834,0.495,0.517,0.587,0.565,1.0,0.872,1.0,backward,sad,0.353,0.262,False,hesitant,1335.53,1015125.92,0.0002,0.1746,1.0,0.31
43417.75989532471,0.485,0.505,0.587,0.544,1.0,0.802,1.0,backward,sad,0.353,0.262,False,hesitant,1335.53,1015125.92,0.0002,0.1746,1.0,0.31
43461.8661403656,0.476,0.494,0.587,0.527,1.0,0.744,1.0,backward,sad,0.353,0.262,False,hesitant,1335.53,1015125.92,0.0002,0.1746,1.0,0.31
43512.02464103699,0.464,0.488,0.598,0.509,1.0,0.708,1.0,backward,neutral,0.401,0.283,True,hesitant,1335.53,1015125.92,0.0002,0.1746,1.0,0.31
43730.77607154846,0.463,0.486,0.598,0.506,1.0,0.696,1.0,backward,neutral,0.401,0.283,True,hesitant,1335.53,1015125.92,0.0002,0.1746,1.0,0.31
43777.5444984436,0.462,0.485,0.598,0.504,1.0,0.69,1.0,backward,neutral,0.401,0.283,True,hesitant,1335.53,1015125.92,0.0002,0.1746,1.0,0.31
43818.82691383362,0.461,0.489,0.611,0.513,1.0,0.716,1.0,backward,neutral,0.438,0.274,False,hesitant,1335.53,1015125.92,0.0002,0.1746,1.0,0.31
44106.88662528992,0.465,0.494,0.611,0.521,1.0,0.742,1.0,backward,neutral,0.438,0.274,False,hesitant,1335.53,1015125.92,0.0002,0.1746,1.0,0.31
44152.49156951904,0.468,0.497,0.611,0.526,1.0,0.76,1.0,backward,neutral,0.438,0.274,False,hesitant,1335.53,1015125.92,0.0002,0.1746,1.0,0.31
44201.75647735596,0.474,0.493,0.59,0.526,1.0,0.741,1.0,backward,sad,0.358,0.254,True,hesitant,1335.53,1015125.92,0.0002,0.1746,1.0,0.31
44483.33764076233,0.469,0.487,0.59,0.516,1.0,0.708,1.0,backward,sad,0.358,0.254,True,hesitant,1335.53,1015125.92,0.0002,0.1746,1.0,0.31
44529.451847076416,0.477,0.516,0.59,0.51,1.0,0.688,0.818,backward,sad,0.358,0.254,True,hesitant,1335.53,1015125.92,0.0002,0.1746,1.0,0.31
44577.33631134033,0.476,0.526,0.594,0.5,1.0,0.682,0.763,backward,neutral,0.386,0.279,True,hesitant,1335.53,1015125.92,0.0002,0.1746,1.0,0.31
44866.42789840698,0.483,0.542,0.594,0.504,1.0,0.695,0.685,backward,neutral,0.386,0.279,True,hesitant,1335.53,1015125.92,0.0002,0.1746,1.0,0.31
44929.11767959595,0.485,0.549,0.594,0.502,1.0,0.688,0.644,backward,neutral,0.386,0.279,True,hesitant,1335.53,1015125.92,0.0002,0.1746,1.0,0.31
45003.14426422119,0.523,0.606,0.549,0.51,1.0,0.691,0.514,backward,sad,0.366,0.256,True,hesitant,1171.26,982286.61,0.0002,0.1688,1.0,0.32
45398.300886154175,0.525,0.613,0.549,0.51,1.0,0.691,0.482,backward,sad,0.366,0.256,True,hesitant,1171.26,982286.61,0.0002,0.1688,1.0,0.32
45438.90714645386,0.531,0.624,0.549,0.516,1.0,0.711,0.447,backward,sad,0.366,0.256,True,hesitant,1171.26,982286.61,0.0002,0.1688,1.0,0.32
45492.05756187439,0.533,0.632,0.572,0.541,1.0,0.719,0.424,backward,sad,0.389,0.193,True,hesitant,1171.26,982286.61,0.0002,0.1688,1.0,0.32
45696.186780929565,0.536,0.635,0.572,0.546,1.0,0.736,0.425,backward,sad,0.389,0.193,True,hesitant,1171.26,982286.61,0.0002,0.1688,1.0,0.32
45744.67968940735,0.538,0.64,0.572,0.546,1.0,0.737,0.404,backward,sad,0.389,0.193,True,hesitant,1171.26,982286.61,0.0002,0.1688,1.0,0.32
45794.47054862976,0.526,0.661,0.679,0.608,1.0,0.742,0.347,backward,fear,0.676,0.044,True,hesitant,1171.26,982286.61,0.0002,0.1688,1.0,0.32
46062.59346008301,0.527,0.662,0.679,0.609,1.0,0.744,0.345,backward,fear,0.676,0.044,True,hesitant,1171.26,982286.61,0.0002,0.1688,1.0,0.32
46115.17572402954,0.537,0.677,0.679,0.627,1.0,0.805,0.339,backward,fear,0.676,0.044,True,hesitant,1171.26,982286.61,0.0002,0.1688,1.0,0.32
46159.355878829956,0.557,0.693,0.644,0.633,1.0,0.844,0.298,backward,sad,0.554,0.059,True,hesitant,1171.26,982286.61,0.0002,0.1688,1.0,0.32
46434.45062637329,0.559,0.698,0.644,0.633,1.0,0.844,0.273,backward,sad,0.554,0.059,True,hesitant,1171.26,982286.61,0.0002,0.1688,1.0,0.32
46479.976654052734,0.555,0.692,0.644,0.627,1.0,0.825,0.284,backward,sad,0.554,0.059,True,hesitant,1171.26,982286.61,0.0002,0.1688,1.0,0.32
46525.26330947876,0.563,0.698,0.628,0.627,1.0,0.861,0.285,backward,sad,0.505,0.086,True,hesitant,1171.26,982286.61,0.0002,0.1688,1.0,0.32
46822.62969017029,0.547,0.673,0.628,0.603,1.0,0.779,0.314,backward,sad,0.505,0.086,True,hesitant,1171.26,982286.61,0.0002,0.1688,1.0,0.32
46865.30685424805,0.546,0.67,0.628,0.606,1.0,0.788,0.339,backward,sad,0.505,0.086,True,hesitant,1171.26,982286.61,0.0002,0.1688,1.0,0.32
46921.96345329285,0.533,0.667,0.67,0.613,1.0,0.746,0.356,backward,disgust,0.704,0.032,True,hesitant,1236.13,1001840.37,0.0002,0.1549,1.0,0.343
47344.6683883667,0.522,0.65,0.67,0.596,1.0,0.69,0.377,backward,disgust,0.704,0.032,True,hesitant,1236.13,1001840.37,0.0002,0.1549,1.0,0.343
47388.01121711731,0.521,0.647,0.67,0.596,1.0,0.689,0.389,backward,disgust,0.704,0.032,True,hesitant,1236.13,1001840.37,0.0002,0.1549,1.0,0.343
47439.210414886475,0.515,0.645,0.671,0.581,1.0,0.668,0.373,backward,disgust,0.704,0.06,True,hesitant,1236.13,1001840.37,0.0002,0.1549,1.0,0.343
47672.68180847168,0.515,0.646,0.671,0.58,1.0,0.665,0.366,backward,disgust,0.704,0.06,True,hesitant,1236.13,1001840.37,0.0002,0.1549,1.0,0.343
47719.741106033325,0.516,0.646,0.671,0.582,1.0,0.672,0.369,backward,disgust,0.704,0.06,True,hesitant,1236.13,1001840.37,0.0002,0.1549,1.0,0.343
47779.985189437866,0.512,0.648,0.686,0.585,1.0,0.67,0.362,backward,disgust,0.759,0.049,True,hesitant,1236.13,1001840.37,0.0002,0.1549,1.0,0.343
47988.38758468628,0.515,0.652,0.686,0.59,1.0,0.685,0.36,backward,disgust,0.759,0.049,True,hesitant,1236.13,1001840.37,0.0002,0.1549,1.0,0.343
48036.86285018921,0.517,0.657,0.686,0.589,1.0,0.683,0.336,backward,disgust,0.759,0.049,True,hesitant,1236.13,1001840.37,0.0002,0.1549,1.0,0.343
48073.69613647461,0.514,0.657,0.696,0.591,1.0,0.678,0.333,backward,disgust,0.799,0.041,True,hesitant,1236.13,1001840.37,0.0002,0.1549,1.0,0.343
48291.361808776855,0.5,0.634,0.696,0.574,1.0,0.621,0.379,backward,disgust,0.799,0.041,True,hesitant,1236.13,1001840.37,0.0002,0.1549,1.0,0.343
48323.66895675659,0.496,0.624,0.696,0.57,1.0,0.609,0.414,backward,disgust,0.799,0.041,True,hesitant,1236.13,1001840.37,0.0002,0.1549,1.0,0.343
48354.34818267822,0.509,0.625,0.599,0.499,1.0,0.617,0.377,backward,disgust,0.525,0.28,True,hesitant,1236.13,1001840.37,0.0002,0.1549,1.0,0.343
48483.537912368774,0.5,0.608,0.599,0.489,1.0,0.585,0.429,neutral,disgust,0.525,0.28,True,hesitant,1236.13,1001840.37,0.0002,0.1549,1.0,0.343
48512.33649253845,0.495,0.6,0.599,0.483,1.0,0.565,0.446,neutral,disgust,0.525,0.28,True,hesitant,1236.13,1001840.37,0.0002,0.1549,1.0,0.343
48549.217224121094,0.486,0.596,0.572,0.427,1.0,0.538,0.448,neutral,neutral,0.485,0.351,True,hesitant,1236.13,1001840.37,0.0002,0.1549,1.0,0.343
48681.50877952576,0.477,0.541,0.572,0.458,1.0,0.64,0.831,neutral,neutral,0.485,0.351,True,hesitant,1236.13,1001840.37,0.0002,0.1549,1.0,0.343
48711.092472076416,0.522,0.578,0.572,0.566,1.0,1.0,1.0,neutral,neutral,0.485,0.351,True,hesitant,1236.13,1001840.37,0.0002,0.1549,1.0,0.343
54943.43948364258,0.468,0.453,0.51,0.46,1.0,0.396,1.0,neutral,surprise,0.261,0.152,False,hesitant,2173.08,219806.67,0.0,0.2,1.0,0.384
55074.34391975403,0.46,0.443,0.51,0.446,1.0,0.347,1.0,neutral,surprise,0.261,0.152,False,hesitant,2173.08,219806.67,0.0,0.2,1.0,0.384
55105.966091156006,0.459,0.441,0.51,0.443,1.0,0.339,1.0,neutral,surprise,0.261,0.152,False,hesitant,2173.08,219806.67,0.0,0.2,1.0,0.384
55140.545129776,0.474,0.468,0.493,0.441,1.0,0.46,1.0,neutral,surprise,0.283,0.258,False,hesitant,2173.08,219806.67,0.0,0.2,1.0,0.384
55263.23676109314,0.498,0.498,0.493,0.486,1.0,0.613,1.0,neutral,surprise,0.283,0.258,False,hesitant,2173.08,219806.67,0.0,0.2,1.0,0.384
55291.60976409912,0.505,0.507,0.493,0.501,1.0,0.661,1.0,neutral,surprise,0.283,0.258,False,hesitant,2173.08,219806.67,0.0,0.2,1.0,0.384
55322.6900100708,0.491,0.492,0.502,0.482,1.0,0.582,1.0,neutral,sad,0.292,0.236,False,hesitant,2173.08,219806.67,0.0,0.2,1.0,0.384
55446.19560241699,0.473,0.469,0.502,0.449,1.0,0.47,1.0,neutral,sad,0.292,0.236,False,hesitant,2173.08,219806.67,0.0,0.2,1.0,0.384
55478.91974449158,0.446,0.436,0.502,0.398,1.0,0.301,1.0,neutral,sad,0.292,0.236,False,hesitant,2173.08,219806.67,0.0,0.2,1.0,0.384
55510.337591171265,0.446,0.431,0.492,0.392,1.0,0.276,1.0,neutral,surprise,0.265,0.237,False,hesitant,2173.08,219806.67,0.0,0.2,1.0,0.384
55633.53896141052,0.464,0.453,0.492,0.426,1.0,0.387,1.0,neutral,surprise,0.265,0.237,False,hesitant,2173.08,219806.67,0.0,0.2,1.0,0.384
55663.779735565186,0.466,0.456,0.492,0.43,1.0,0.402,1.0,neutral,surprise,0.265,0.237,False,hesitant,2173.08,219806.67,0.0,0.2,1.0,0.384
55693.211793899536,0.466,0.456,0.516,0.457,1.0,0.41,1.0,neutral,sad,0.294,0.171,False,hesitant,2173.08,219806.67,0.0,0.2,1.0,0.384
55817.54755973816,0.464,0.453,0.516,0.453,1.0,0.395,1.0,neutral,sad,0.294,0.171,False,hesitant,2173.08,219806.67,0.0,0.2,1.0,0.384
55847.9220867157,0.458,0.446,0.516,0.442,1.0,0.36,1.0,neutral,sad,0.294,0.171,False,hesitant,2173.08,219806.67,0.0,0.2,1.0,0.384
55878.98015975952,0.445,0.441,0.508,0.394,1.0,0.318,1.0,neutral,neutral,0.33,0.272,False,hesitant,2173.08,219806.67,0.0,0.2,1.0,0.384
56046.963691711426,0.443,0.439,0.508,0.391,1.0,0.306,1.0,backward,neutral,0.33,0.272,False,hesitant,2173.08,219806.67,0.0,0.2,1.0,0.384
56083.38475227356,0.442,0.437,0.508,0.388,1.0,0.298,1.0,backward,neutral,0.33,0.272,False,hesitant,2173.08,219806.67,0.0,0.2,1.0,0.384
56121.25110626221,0.469,0.459,0.479,0.421,1.0,0.303,1.0,neutral,neutral,0.346,0.275,False,hesitant,1369.21,1005006.52,0.0107,0.1502,0.615,0.47
56264.29510116577,0.465,0.454,0.479,0.412,1.0,0.272,1.0,neutral,neutral,0.346,0.275,False,hesitant,1369.21,1005006.52,0.0107,0.1502,0.615,0.47
56292.800188064575,0.458,0.446,0.479,0.399,1.0,0.227,1.0,backward,neutral,0.346,0.275,False,hesitant,1369.21,1005006.52,0.0107,0.1502,0.615,0.47
56322.839975357056,0.465,0.449,0.484,0.425,1.0,0.257,1.0,neutral,surprise,0.348,0.227,False,hesitant,1369.21,1005006.52,0.0107,0.1502,0.615,0.47
56447.93677330017,0.476,0.461,0.484,0.446,1.0,0.326,1.0,neutral,surprise,0.348,0.227,False,hesitant,1369.21,1005006.52,0.0107,0.1502,0.615,0.47
56476.98903083801,0.496,0.484,0.484,0.486,1.0,0.458,1.0,neutral,surprise,0.348,0.227,False,hesitant,1369.21,1005006.52,0.0107,0.1502,0.615,0.47
56508.98790359497,0.509,0.492,0.509,0.549,1.0,0.507,1.0,neutral,surprise,0.418,0.107,False,hesitant,1369.21,1005006.52,0.0107,0.1502,0.615,0.47
56633.718729019165,0.492,0.472,0.509,0.516,1.0,0.396,1.0,neutral,surprise,0.418,0.107,False,hesitant,1369.21,1005006.52,0.0107,0.1502,0.615,0.47
56664.629220962524,0.482,0.46,0.509,0.496,1.0,0.331,1.0,backward,surprise,0.418,0.107,False,hesitant,1369.21,1005006.52,0.0107,0.1502,0.615,0.47
56694.159507751465,0.478,0.46,0.492,0.465,1.0,0.328,1.0,neutral,surprise,0.361,0.177,False,hesitant,1369.21,1005006.52,0.0107,0.1502,0.615,0.47
56817.951917648315,0.488,0.472,0.492,0.485,1.0,0.392,1.0,neutral,surprise,0.361,0.177,False,hesitant,1369.21,1005006.52,0.0107,0.1502,0.615,0.47
56845.02124786377,0.486,0.469,0.492,0.481,1.0,0.379,1.0,neutral,surprise,0.361,0.177,False,hesitant,1369.21,1005006.52,0.0107,0.1502,0.615,0.47
56877.02751159668,0.487,0.482,0.473,0.447,1.0,0.425,1.0,neutral,surprise,0.337,0.303,False,hesitant,1369.21,1005006.52,0.0107,0.1502,0.615,0.47
56997.89333343506,0.482,0.475,0.473,0.436,1.0,0.387,1.0,neutral,surprise,0.337,0.303,False,hesitant,1369.21,1005006.52,0.0107,0.1502,0.615,0.47
57032.21035003662,0.484,0.478,0.473,0.441,1.0,0.405,1.0,neutral,surprise,0.337,0.303,False,hesitant,1369.21,1005006.52,0.0107,0.1502,0.615,0.47
57064.48245048523,0.467,0.482,0.502,0.413,1.0,0.406,1.0,neutral,neutral,0.446,0.359,False,hesitant,1369.21,1005006.52,0.0107,0.1502,0.615,0.47
57182.769775390625,0.464,0.479,0.502,0.407,1.0,0.386,1.0,neutral,neutral,0.446,0.359,False,hesitant,1369.21,1005006.52,0.0107,0.1502,0.615,0.47
57212.83578872681,0.461,0.476,0.502,0.402,1.0,0.368,1.0,neutral,neutral,0.446,0.359,False,hesitant,1369.21,1005006.52,0.0107,0.1502,0.615,0.47
57244.47202682495,0.458,0.47,0.515,0.411,1.0,0.35,1.0,neutral,neutral,0.481,0.323,True,hesitant,1369.21,1005006.52,0.0107,0.1502,0.615,0.47
57367.44427680969,0.463,0.477,0.515,0.422,1.0,0.389,1.0,neutral,neutral,0.481,0.323,True,hesitant,1369.21,1005006.52,0.0107,0.1502,0.615,0.47
57398.3154296875,0.464,0.477,0.515,0.424,1.0,0.394,1.0,neutral,neutral,0.481,0.323,True,hesitant,1369.21,1005006.52,0.0107,0.1502,0.615,0.47
57432.98316001892,0.474,0.485,0.48,0.409,1.0,0.415,1.0,neutral,neutral,0.385,0.376,True,hesitant,1369.21,1005006.52,0.0107,0.1502,0.615,0.47
57562.52837181091,0.5,0.514,0.48,0.46,1.0,0.586,1.0,neutral,neutral,0.385,0.376,True,hesitant,1369.21,1005006.52,0.0107,0.1502,0.615,0.47
57591.57657623291,0.503,0.517,0.48,0.466,1.0,0.605,1.0,neutral,neutral,0.385,0.376,True,hesitant,1369.21,1005006.52,0.0107,0.1502,0.615,0.47
57621.7200756073,0.502,0.516,0.488,0.473,1.0,0.611,1.0,neutral,neutral,0.405,0.362,True,hesitant,1369.21,1005006.52,0.0107,0.1502,0.615,0.47
57773.89097213745,0.525,0.543,0.488,0.52,1.0,0.767,1.0,neutral,neutral,0.405,0.362,True,hesitant,1369.21,1005006.52,0.0107,0.1502,0.615,0.47
57816.4439201355,0.521,0.538,0.488,0.511,1.0,0.736,1.0,neutral,neutral,0.405,0.362,True,hesitant,1369.21,1005006.52,0.0107,0.1502,0.615,0.47
57847.776651382446,0.539,0.553,0.436,0.494,1.0,0.697,1.0,neutral,neutral,0.389,0.408,True,stressed,367.07,255288.38,0.0151,0.0936,0.462,0.524
58008.82077217102,0.514,0.524,0.436,0.445,1.0,0.532,1.0,backward,neutral,0.389,0.408,True,stressed,367.07,255288.38,0.0151,0.0936,0.462,0.524
58039.03341293335,0.504,0.512,0.436,0.425,1.0,0.465,1.0,backward,neutral,0.389,0.408,True,stressed,367.07,255288.38,0.0151,0.0936,0.462,0.524
58069.93818283081,0.475,0.481,0.483,0.419,1.0,0.332,1.0,backward,neutral,0.494,0.34,True,stressed,367.07,255288.38,0.0151,0.0936,0.462,0.524
58193.477630615234,0.481,0.488,0.483,0.432,1.0,0.375,1.0,backward,neutral,0.494,0.34,True,stressed,367.07,255288.38,0.0151,0.0936,0.462,0.524
58222.875356674194,0.483,0.49,0.483,0.435,1.0,0.386,1.0,backward,neutral,0.494,0.34,True,stressed,367.07,255288.38,0.0151,0.0936,0.462,0.524
58254.12726402283,0.485,0.49,0.471,0.427,1.0,0.366,1.0,backward,neutral,0.465,0.372,False,stressed,367.07,255288.38,0.0151,0.0936,0.462,0.524
58383.766651153564,0.476,0.48,0.471,0.41,1.0,0.31,1.0,backward,neutral,0.465,0.372,False,stressed,367.07,255288.38,0.0151,0.0936,0.462,0.524
58412.922859191895,0.489,0.494,0.471,0.435,1.0,0.391,1.0,backward,neutral,0.465,0.372,False,stressed,367.07,255288.38,0.0151,0.0936,0.462,0.524
58452.70013809204,0.487,0.494,0.475,0.434,1.0,0.379,1.0,backward,neutral,0.474,0.386,False,stressed,367.07,255288.38,0.0151,0.0936,0.462,0.524
58580.312967300415,0.488,0.495,0.475,0.437,1.0,0.388,1.0,backward,neutral,0.474,0.386,False,stressed,367.07,255288.38,0.0151,0.0936,0.462,0.524
58611.29927635193,0.479,0.485,0.475,0.42,1.0,0.33,1.0,backward,neutral,0.474,0.386,False,stressed,367.07,255288.38,0.0151,0.0936,0.462,0.524
58643.22829246521,0.473,0.479,0.475,0.407,1.0,0.291,1.0,backward,neutral,0.474,0.394,False,stressed,367.07,255288.38,0.0151,0.0936,0.462,0.524
58769.375801086426,0.514,0.527,0.475,0.487,1.0,0.558,1.0,backward,neutral,0.474,0.394,False,stressed,367.07,255288.38,0.0151,0.0936,0.462,0.524
58799.10326004028,0.503,0.514,0.475,0.465,1.0,0.484,1.0,backward,neutral,0.474,0.394,False,stressed,367.07,255288.38,0.0151,0.0936,0.462,0.524
58855.19027709961,0.519,0.528,0.474,0.499,1.0,0.579,1.0,backward,neutral,0.472,0.363,True,stressed,367.07,255288.38,0.0151,0.0936,0.462,0.524
58992.11573600769,0.482,0.485,0.474,0.428,1.0,0.344,1.0,backward,neutral,0.472,0.363,True,stressed,367.07,255288.38,0.0151,0.0936,0.462,0.524
59022.889375686646,0.49,0.494,0.474,0.445,1.0,0.398,1.0,backward,neutral,0.472,0.363,True,stressed,367.07,255288.38,0.0151,0.0936,0.462,0.524
59055.42516708374,0.509,0.523,0.484,0.486,1.0,0.561,1.0,backward,neutral,0.495,0.342,True,stressed,367.07,255288.38,0.0151,0.0936,0.462,0.524
59183.75039100647,0.538,0.557,0.484,0.542,1.0,0.746,1.0,backward,neutral,0.495,0.342,True,stressed,367.07,255288.38,0.0151,0.0936,0.462,0.524
59213.98663520813,0.526,0.542,0.484,0.518,1.0,0.667,1.0,backward,neutral,0.495,0.342,True,stressed,367.07,255288.38,0.0151,0.0936,0.462,0.524
59252.72822380066,0.543,0.56,0.432,0.493,1.0,0.718,1.0,backward,neutral,0.383,0.433,True,stressed,367.07,255288.38,0.0151,0.0936,0.462,0.524
59382.94959068298,0.558,0.578,0.432,0.524,1.0,0.821,1.0,backward,neutral,0.383,0.433,True,stressed,367.07,255288.38,0.0151,0.0936,0.462,0.524
59415.99130630493,0.551,0.57,0.432,0.51,1.0,0.776,1.0,backward,neutral,0.383,0.433,True,stressed,367.07,255288.38,0.0151,0.0936,0.462,0.524
59446.65718078613,0.555,0.567,0.421,0.513,1.0,0.767,1.0,backward,neutral,0.356,0.416,True,stressed,367.07,255288.38,0.0151,0.0936,0.462,0.524
59661.396980285645,0.551,0.563,0.421,0.505,1.0,0.742,1.0,backward,neutral,0.356,0.416,True,stressed,367.07,255288.38,0.0151,0.0936,0.462,0.524
59701.735734939575,0.552,0.564,0.421,0.507,1.0,0.749,1.0,neutral,neutral,0.356,0.416,True,stressed,367.07,255288.38,0.0151,0.0936,0.462,0.524
59739.37892913818,0.497,0.525,0.532,0.498,1.0,0.834,1.0,neutral,neutral,0.344,0.398,True,hesitant,356.03,358019.85,0.0013,0.0886,0.956,0.362
59868.70813369751,0.485,0.512,0.532,0.473,1.0,0.749,1.0,neutral,neutral,0.344,0.398,True,hesitant,356.03,358019.85,0.0013,0.0886,0.956,0.362
59898.295879364014,0.48,0.506,0.532,0.463,1.0,0.716,1.0,neutral,neutral,0.344,0.398,True,hesitant,356.03,358019.85,0.0013,0.0886,0.956,0.362
59926.52440071106,0.476,0.503,0.524,0.446,1.0,0.682,1.0,neutral,neutral,0.331,0.414,True,hesitant,356.03,358019.85,0.0013,0.0886,0.956,0.362
60042.36841201782,0.475,0.501,0.524,0.444,1.0,0.676,1.0,neutral,neutral,0.331,0.414,True,hesitant,356.03,358019.85,0.0013,0.0886,0.956,0.362
60073.07744026184,0.475,0.501,0.524,0.444,1.0,0.675,1.0,neutral,neutral,0.331,0.414,True,hesitant,356.03,358019.85,0.0013,0.0886,0.956,0.362
60104.91371154785,0.476,0.51,0.533,0.448,1.0,0.653,0.904,neutral,neutral,0.34,0.386,True,hesitant,356.03,358019.85,0.0013,0.0886,0.956,0.362
60226.91512107849,0.479,0.518,0.533,0.448,1.0,0.651,0.854,neutral,neutral,0.34,0.386,True,hesitant,356.03,358019.85,0.0013,0.0886,0.956,0.362
60254.78672981262,0.48,0.527,0.533,0.441,1.0,0.628,0.773,neutral,neutral,0.34,0.386,True,hesitant,356.03,358019.85,0.0013,0.0886,0.956,0.362
60285.741567611694,0.487,0.555,0.52,0.417,1.0,0.608,0.616,neutral,neutral,0.331,0.43,True,hesitant,356.03,358019.85,0.0013,0.0886,0.956,0.362
60399.24478530884,0.491,0.559,0.52,0.423,1.0,0.628,0.608,neutral,neutral,0.331,0.43,True,hesitant,356.03,358019.85,0.0013,0.0886,0.956,0.362
60429.378032684326,0.489,0.558,0.52,0.42,1.0,0.617,0.6,neutral,neutral,0.331,0.43,True,hesitant,356.03,358019.85,0.0013,0.0886,0.956,0.362
60461.35401725769,0.488,0.557,0.53,0.429,1.0,0.613,0.59,neutral,neutral,0.343,0.405,True,hesitant,356.03,358019.85,0.0013,0.0886,0.956,0.362
60582.839012145996,0.469,0.532,0.53,0.395,1.0,0.499,0.629,neutral,neutral,0.343,0.405,True,hesitant,356.03,358019.85,0.0013,0.0886,0.956,0.362
60612.35523223877,0.463,0.528,0.53,0.38,1.0,0.45,0.607,neutral,neutral,0.343,0.405,True,hesitant,356.03,358019.85,0.0013,0.0886,0.956,0.362
60644.47498321533,0.471,0.536,0.524,0.39,1.0,0.474,0.573,neutral,neutral,0.321,0.397,True,hesitant,356.03,358019.85,0.0013,0.0886,0.956,0.362
60776.68118476868,0.512,0.573,0.524,0.483,1.0,0.782,0.655,neutral,neutral,0.321,0.397,True,hesitant,356.03,358019.85,0.0013,0.0886,0.956,0.362
60805.562019348145,0.519,0.584,0.524,0.493,1.0,0.815,0.621,neutral,neutral,0.321,0.397,True,hesitant,356.03,358019.85,0.0013,0.0886,0.956,0.362
60854.28690910339,0.528,0.594,0.526,0.514,1.0,0.886,0.634,neutral,neutral,0.327,0.398,True,hesitant,356.03,358019.85,0.0013,0.0886,0.956,0.362
60986.07397079468,0.539,0.597,0.526,0.548,1.0,1.0,0.729,neutral,neutral,0.327,0.398,True,hesitant,356.03,358019.85,0.0013,0.0886,0.956,0.362
61015.86651802063,0.532,0.575,0.526,0.548,1.0,1.0,0.862,neutral,neutral,0.327,0.398,True,hesitant,356.03,358019.85,0.0013,0.0886,0.956,0.362
61046.563386917114,0.531,0.576,0.532,0.552,1.0,1.0,0.852,neutral,neutral,0.34,0.391,True,hesitant,356.03,358019.85,0.0013,0.0886,0.956,0.362
61178.701639175415,0.528,0.568,0.532,0.552,1.0,1.0,0.904,neutral,neutral,0.34,0.391,True,hesitant,356.03,358019.85,0.0013,0.0886,0.956,0.362
61215.00515937805,0.523,0.552,0.532,0.552,1.0,1.0,1.0,neutral,neutral,0.34,0.391,True,hesitant,356.03,358019.85,0.0013,0.0886,0.956,0.362
61253.944873809814,0.521,0.554,0.533,0.544,1.0,1.0,1.0,neutral,neutral,0.356,0.415,True,hesitant,356.03,358019.85,0.0013,0.0886,0.956,0.362
61449.033975601196,0.521,0.554,0.533,0.544,1.0,1.0,1.0,neutral,neutral,0.356,0.415,True,hesitant,356.03,358019.85,0.0013,0.0886,0.956,0.362
61486.878633499146,0.521,0.554,0.533,0.544,1.0,1.0,1.0,neutral,neutral,0.356,0.415,True,hesitant,356.03,358019.85,0.0013,0.0886,0.956,0.362
61525.41160583496,0.528,0.561,0.514,0.539,1.0,1.0,1.0,neutral,neutral,0.352,0.417,True,hesitant,605.9,803734.98,0.0002,0.1176,1.0,0.397
61653.51366996765,0.528,0.561,0.514,0.539,1.0,1.0,1.0,neutral,neutral,0.352,0.417,True,hesitant,605.9,803734.98,0.0002,0.1176,1.0,0.397
61682.50107765198,0.528,0.561,0.514,0.539,1.0,1.0,1.0,neutral,neutral,0.352,0.417,True,hesitant,605.9,803734.98,0.0002,0.1176,1.0,0.397
61710.562229156494,0.536,0.572,0.513,0.55,1.0,1.0,0.914,neutral,neutral,0.335,0.387,True,hesitant,605.9,803734.98,0.0002,0.1176,1.0,0.397
61837.03899383545,0.523,0.552,0.513,0.53,1.0,0.934,0.969,neutral,neutral,0.335,0.387,True,hesitant,605.9,803734.98,0.0002,0.1176,1.0,0.397
61868.61324310303,0.521,0.552,0.513,0.524,1.0,0.913,0.952,neutral,neutral,0.335,0.387,True,hesitant,605.9,803734.98,0.0002,0.1176,1.0,0.397
61902.267932891846,0.519,0.562,0.512,0.504,1.0,0.886,0.876,neutral,neutral,0.348,0.418,True,hesitant,605.9,803734.98,0.0002,0.1176,1.0,0.397
62033.77962112427,0.53,0.586,0.512,0.514,1.0,0.919,0.764,neutral,neutral,0.348,0.418,True,hesitant,605.9,803734.98,0.0002,0.1176,1.0,0.397
62068.424224853516,0.534,0.594,0.512,0.517,1.0,0.927,0.72,neutral,neutral,0.348,0.418,True,hesitant,605.9,803734.98,0.0002,0.1176,1.0,0.397
62096.14324569702,0.535,0.596,0.514,0.522,1.0,0.903,0.665,neutral,neutral,0.338,0.384,True,hesitant,605.9,803734.98,0.0002,0.1176,1.0,0.397
62215.98672866821,0.54,0.609,0.514,0.524,1.0,0.907,0.589,neutral,neutral,0.338,0.384,True,hesitant,605.9,803734.98,0.0002,0.1176,1.0,0.397
62248.62837791443,0.545,0.62,0.514,0.528,1.0,0.922,0.536,neutral,neutral,0.338,0.384,True,hesitant,605.9,803734.98,0.0002,0.1176,1.0,0.397
62278.489112854004,0.544,0.622,0.585,0.605,1.0,0.926,0.515,neutral,disgust,0.536,0.283,True,hesitant,605.9,803734.98,0.0002,0.1176,1.0,0.397
62401.35836601257,0.548,0.629,0.585,0.61,1.0,0.943,0.494,neutral,disgust,0.536,0.283,True,hesitant,605.9,803734.98,0.0002,0.1176,1.0,0.397
62432.59930610657,0.548,0.624,0.585,0.613,1.0,0.953,0.534,neutral,disgust,0.536,0.283,True,hesitant,605.9,803734.98,0.0002,0.1176,1.0,0.397
62464.723110198975,0.561,0.626,0.585,0.657,1.0,0.933,0.5,neutral,disgust,0.534,0.27,True,hesitant,605.9,803734.98,0.0002,0.1176,1.0,0.397
62585.88790893555,0.553,0.616,0.585,0.642,1.0,0.885,0.511,neutral,disgust,0.534,0.27,True,hesitant,605.9,803734.98,0.0002,0.1176,1.0,0.397
62615.1978969574,0.547,0.609,0.585,0.629,1.0,0.84,0.508,neutral,disgust,0.534,0.27,True,hesitant,605.9,803734.98,0.0002,0.1176,1.0,0.397
62648.308992385864,0.555,0.622,0.585,0.639,1.0,0.859,0.449,neutral,happy,0.538,0.306,True,hesitant,605.9,803734.98,0.0002,0.1176,1.0,0.397
62789.33072090149,0.54,0.597,0.585,0.62,1.0,0.796,0.541,neutral,happy,0.538,0.306,True,hesitant,605.9,803734.98,0.0002,0.1176,1.0,0.397
62817.55876541138,0.537,0.595,0.585,0.611,1.0,0.767,0.52,neutral,happy,0.538,0.306,True,hesitant,605.9,803734.98,0.0002,0.1176,1.0,0.397
62846.72808647156,0.531,0.581,0.576,0.598,1.0,0.727,0.562,neutral,happy,0.512,0.321,True,hesitant,605.9,803734.98,0.0002,0.1176,1.0,0.397
62969.87438201904,0.528,0.577,0.576,0.592,1.0,0.709,0.572,neutral,happy,0.512,0.321,True,hesitant,605.9,803734.98,0.0002,0.1176,1.0,0.397
63000.06318092346,0.524,0.569,0.576,0.588,1.0,0.696,0.606,neutral,happy,0.512,0.321,True,hesitant,605.9,803734.98,0.0002,0.1176,1.0,0.397
63029.93392944336,0.515,0.57,0.589,0.572,1.0,0.675,0.577,neutral,disgust,0.554,0.295,True,hesitant,605.9,803734.98,0.0002,0.1176,1.0,0.397
63208.20426940918,0.517,0.574,0.589,0.573,1.0,0.681,0.56,neutral,disgust,0.554,0.295,True,hesitant,605.9,803734.98,0.0002,0.1176,1.0,0.397
63242.459297180176,0.516,0.57,0.589,0.575,1.0,0.687,0.592,neutral,disgust,0.554,0.295,True,hesitant,605.9,803734.98,0.0002,0.1176,1.0,0.397
63277.1270275116,0.533,0.581,0.562,0.587,1.0,0.684,0.6,neutral,surprise,0.428,0.191,True,hesitant,699.62,862882.55,0.0001,0.1284,1.0,0.386
63394.00887489319,0.536,0.585,0.562,0.594,1.0,0.707,0.599,neutral,surprise,0.428,0.191,True,hesitant,699.62,862882.55,0.0001,0.1284,1.0,0.386
63422.77669906616,0.536,0.584,0.562,0.594,1.0,0.707,0.606,neutral,surprise,0.428,0.191,True,hesitant,699.62,862882.55,0.0001,0.1284,1.0,0.386
63453.293561935425,0.545,0.59,0.554,0.607,1.0,0.715,0.597,neutral,surprise,0.352,0.103,True,hesitant,699.62,862882.55,0.0001,0.1284,1.0,0.386
63577.28314399719,0.545,0.592,0.554,0.607,1.0,0.716,0.588,neutral,surprise,0.352,0.103,True,hesitant,699.62,862882.55,0.0001,0.1284,1.0,0.386
63606.87327384949,0.546,0.59,0.554,0.61,1.0,0.725,0.61,neutral,surprise,0.352,0.103,True,hesitant,699.62,862882.55,0.0001,0.1284,1.0,0.386
63638.909101486206,0.56,0.612,0.557,0.636,1.0,0.814,0.581,neutral,surprise,0.373,0.119,True,hesitant,699.62,862882.55,0.0001,0.1284,1.0,0.386
63760.24675369263,0.558,0.606,0.557,0.637,1.0,0.818,0.613,neutral,surprise,0.373,0.119,True,hesitant,699.62,862882.55,0.0001,0.1284,1.0,0.386
63789.5941734314,0.564,0.621,0.557,0.639,1.0,0.825,0.541,neutral,surprise,0.373,0.119,True,hesitant,699.62,862882.55,0.0001,0.1284,1.0,0.386
63821.622133255005,0.578,0.627,0.547,0.666,1.0,0.905,0.593,neutral,surprise,0.329,0.118,True,hesitant,699.62,862882.55,0.0001,0.1284,1.0,0.386
63937.13283538818,0.587,0.635,0.547,0.689,1.0,0.983,0.628,neutral,surprise,0.329,0.118,True,hesitant,699.62,862882.55,0.0001,0.1284,1.0,0.386
63966.03274345398,0.579,0.607,0.547,0.694,1.0,1.0,0.793,neutral,surprise,0.329,0.118,True,hesitant,699.62,862882.55,0.0001,0.1284,1.0,0.386
63995.147466659546,0.578,0.605,0.545,0.691,1.0,1.0,0.805,neutral,surprise,0.324,0.123,True,hesitant,699.62,862882.55,0.0001,0.1284,1.0,0.386
64124.83716011047,0.575,0.595,0.545,0.691,1.0,1.0,0.853,neutral,surprise,0.324,0.123,True,hesitant,699.62,862882.55,0.0001,0.1284,1.0,0.386
64155.11965751648,0.571,0.584,0.545,0.691,1.0,1.0,0.91,neutral,surprise,0.324,0.123,True,hesitant,699.62,862882.55,0.0001,0.1284,1.0,0.386
64187.2239112854,0.565,0.575,0.555,0.694,1.0,1.0,0.948,neutral,surprise,0.406,0.199,True,hesitant,699.62,862882.55,0.0001,0.1284,1.0,0.386
64318.40372085571,0.563,0.569,0.555,0.694,1.0,1.0,0.977,neutral,surprise,0.406,0.199,True,hesitant,699.62,862882.55,0.0001,0.1284,1.0,0.386
64350.41356086731,0.563,0.57,0.555,0.694,1.0,1.0,0.975,neutral,surprise,0.406,0.199,True,hesitant,699.62,862882.55,0.0001,0.1284,1.0,0.386
64383.1889629364,0.55,0.549,0.549,0.667,1.0,0.914,1.0,backward,surprise,0.363,0.16,True,hesitant,699.62,862882.55,0.0001,0.1284,1.0,0.386
64504.61387634277,0.564,0.566,0.549,0.693,1.0,1.0,1.0,backward,surprise,0.363,0.16,True,hesitant,699.62,862882.55,0.0001,0.1284,1.0,0.386
64535.04014015198,0.564,0.566,0.549,0.693,1.0,1.0,1.0,backward,surprise,0.363,0.16,True,hesitant,699.62,862882.55,0.0001,0.1284,1.0,0.386
64565.585136413574,0.562,0.565,0.551,0.691,1.0,1.0,1.0,backward,surprise,0.373,0.164,True,hesitant,699.62,862882.55,0.0001,0.1284,1.0,0.386
64686.623096466064,0.562,0.565,0.551,0.691,1.0,1.0,1.0,neutral,surprise,0.373,0.164,True,hesitant,699.62,862882.55,0.0001,0.1284,1.0,0.386
64716.05086326599,0.56,0.563,0.551,0.687,1.0,0.986,1.0,neutral,surprise,0.373,0.164,True,hesitant,699.62,862882.55,0.0001,0.1284,1.0,0.386
64746.21033668518,0.489,0.518,0.559,0.511,1.0,0.732,1.0,neutral,neutral,0.463,0.328,True,hesitant,699.62,862882.55,0.0001,0.1284,1.0,0.386
64874.988079071045,0.53,0.567,0.559,0.592,1.0,1.0,1.0,neutral,neutral,0.463,0.328,True,hesitant,699.62,862882.55,0.0001,0.1284,1.0,0.386
64918.864488601685,0.53,0.567,0.559,0.592,1.0,1.0,1.0,neutral,neutral,0.463,0.328,True,hesitant,699.62,862882.55,0.0001,0.1284,1.0,0.386
64960.19101142883,0.488,0.514,0.517,0.463,1.0,0.653,1.0,neutral,neutral,0.401,0.36,True,hesitant,821.05,959365.72,0.0003,0.128,1.0,0.388
65116.16659164429,0.494,0.522,0.517,0.475,1.0,0.693,1.0,neutral,neutral,0.401,0.36,True,hesitant,821.05,959365.72,0.0003,0.128,1.0,0.388
65146.06213569641,0.51,0.541,0.517,0.506,1.0,0.798,1.0,neutral,neutral,0.401,0.36,True,hesitant,821.05,959365.72,0.0003,0.128,1.0,0.388
65176.07879638672,0.515,0.552,0.513,0.506,1.0,0.841,1.0,neutral,neutral,0.405,0.394,True,hesitant,821.05,959365.72,0.0003,0.128,1.0,0.388
65292.32096672058,0.532,0.571,0.513,0.538,1.0,0.945,1.0,neutral,neutral,0.405,0.394,True,hesitant,821.05,959365.72,0.0003,0.128,1.0,0.388
65324.49173927307,0.535,0.575,0.513,0.544,1.0,0.965,1.0,neutral,neutral,0.405,0.394,True,hesitant,821.05,959365.72,0.0003,0.128,1.0,0.388
65353.55806350708,0.547,0.578,0.506,0.573,1.0,1.0,1.0,neutral,neutral,0.366,0.331,True,hesitant,821.05,959365.72,0.0003,0.128,1.0,0.388
65474.750995635986,0.547,0.578,0.506,0.573,1.0,1.0,1.0,neutral,neutral,0.366,0.331,True,hesitant,821.05,959365.72,0.0003,0.128,1.0,0.388
65505.46979904175,0.547,0.578,0.506,0.573,1.0,1.0,1.0,neutral,neutral,0.366,0.331,True,hesitant,821.05,959365.72,0.0003,0.128,1.0,0.388
65543.49160194397,0.548,0.577,0.511,0.584,1.0,1.0,1.0,neutral,neutral,0.365,0.301,True,hesitant,821.05,959365.72,0.0003,0.128,1.0,0.388
65662.63771057129,0.548,0.577,0.511,0.584,1.0,1.0,1.0,neutral,neutral,0.365,0.301,True,hesitant,821.05,959365.72,0.0003,0.128,1.0,0.388
65694.66090202332,0.541,0.568,0.511,0.571,1.0,0.954,1.0,neutral,neutral,0.365,0.301,True,hesitant,821.05,959365.72,0.0003,0.128,1.0,0.388
65722.85866737366,0.537,0.573,0.521,0.563,1.0,0.97,1.0,neutral,neutral,0.406,0.344,True,hesitant,821.05,959365.72,0.0003,0.128,1.0,0.388
65850.14986991882,0.511,0.541,0.521,0.513,1.0,0.801,1.0,neutral,neutral,0.406,0.344,True,hesitant,821.05,959365.72,0.0003,0.128,1.0,0.388
65879.02665138245,0.499,0.527,0.521,0.49,1.0,0.726,1.0,neutral,neutral,0.406,0.344,True,hesitant,821.05,959365.72,0.0003,0.128,1.0,0.388
65908.20789337158,0.513,0.532,0.525,0.536,1.0,0.772,0.998,neutral,sad,0.384,0.262,True,hesitant,821.05,959365.72,0.0003,0.128,1.0,0.388
66028.62334251404,0.548,0.575,0.525,0.602,1.0,0.993,1.0,neutral,sad,0.384,0.262,True,hesitant,821.05,959365.72,0.0003,0.128,1.0,0.388
66060.53972244263,0.547,0.574,0.525,0.601,1.0,0.989,1.0,neutral,sad,0.384,0.262,True,hesitant,821.05,959365.72,0.0003,0.128,1.0,0.388
66091.58492088318,0.558,0.582,0.54,0.646,1.0,0.994,0.976,neutral,sad,0.37,0.139,True,hesitant,821.05,959365.72,0.0003,0.128,1.0,0.388
66214.48683738708,0.56,0.593,0.54,0.638,1.0,0.967,0.893,neutral,sad,0.37,0.139,True,hesitant,821.05,959365.72,0.0003,0.128,1.0,0.388
66246.67048454285,0.558,0.578,0.54,0.648,1.0,1.0,1.0,neutral,sad,0.37,0.139,True,hesitant,821.05,959365.72,0.0003,0.128,1.0,0.388
66278.76615524292,0.539,0.579,0.606,0.66,1.0,1.0,1.0,neutral,fear,0.591,0.113,True,hesitant,821.05,959365.72,0.0003,0.128,1.0,0.388
66394.88101005554,0.539,0.579,0.606,0.66,1.0,1.0,1.0,neutral,fear,0.591,0.113,True,hesitant,821.05,959365.72,0.0003,0.128,1.0,0.388
66425.3249168396,0.539,0.579,0.606,0.66,1.0,1.0,1.0,neutral,fear,0.591,0.113,True,hesitant,821.05,959365.72,0.0003,0.128,1.0,0.388
66460.67333221436,0.546,0.578,0.563,0.637,1.0,1.0,0.996,neutral,sad,0.46,0.172,True,hesitant,821.05,959365.72,0.0003,0.128,1.0,0.388
66585.33668518066,0.549,0.587,0.563,0.637,1.0,1.0,0.953,neutral,sad,0.46,0.172,True,hesitant,821.05,959365.72,0.0003,0.128,1.0,0.388
66617.31553077698,0.552,0.593,0.563,0.637,1.0,1.0,0.925,neutral,sad,0.46,0.172,True,hesitant,821.05,959365.72,0.0003,0.128,1.0,0.388
66664.08967971802,0.569,0.601,0.502,0.615,1.0,1.0,0.874,neutral,sad,0.312,0.242,True,hesitant,821.05,959365.72,0.0003,0.128,1.0,0.388
66850.48365592957,0.589,0.605,0.471,0.639,1.0,1.0,0.782,neutral,sad,0.312,0.242,True,hesitant,473.51,496234.85,0.0083,0.1212,0.692,0.493
66878.63683700562,0.589,0.606,0.471,0.639,1.0,1.0,0.775,neutral,sad,0.312,0.242,True,hesitant,473.51,496234.85,0.0083,0.1212,0.692,0.493
66910.35771369934,0.591,0.616,0.485,0.65,1.0,1.0,0.707,neutral,sad,0.382,0.217,True,hesitant,473.51,496234.85,0.0083,0.1212,0.692,0.493
67028.95927429199,0.594,0.625,0.485,0.65,1.0,1.0,0.648,neutral,sad,0.382,0.217,True,hesitant,473.51,496234.85,0.0083,0.1212,0.692,0.493
67059.78083610535,0.596,0.631,0.485,0.65,1.0,1.0,0.612,neutral,sad,0.382,0.217,True,hesitant,473.51,496234.85,0.0083,0.1212,0.692,0.493
67088.28330039978,0.594,0.634,0.474,0.627,1.0,1.0,0.585,neutral,sad,0.34,0.265,True,hesitant,473.51,496234.85,0.0083,0.1212,0.692,0.493
67221.60196304321,0.602,0.657,0.474,0.627,1.0,1.0,0.428,neutral,sad,0.34,0.265,True,hesitant,473.51,496234.85,0.0083,0.1212,0.692,0.493
67249.74918365479,0.601,0.655,0.474,0.627,1.0,1.0,0.443,neutral,sad,0.34,0.265,True,hesitant,473.51,496234.85,0.0083,0.1212,0.692,0.493
67276.76224708557,0.597,0.666,0.485,0.612,1.0,1.0,0.361,neutral,neutral,0.409,0.33,True,hesitant,473.51,496234.85,0.0083,0.1212,0.692,0.493
67408.15043449402,0.598,0.669,0.485,0.612,1.0,1.0,0.339,neutral,neutral,0.409,0.33,True,hesitant,473.51,496234.85,0.0083,0.1212,0.692,0.493
67438.22240829468,0.596,0.664,0.485,0.612,1.0,1.0,0.375,neutral,neutral,0.409,0.33,True,hesitant,473.51,496234.85,0.0083,0.1212,0.692,0.493
67467.00882911682,0.594,0.663,0.49,0.61,1.0,1.0,0.388,neutral,neutral,0.44,0.366,True,hesitant,473.51,496234.85,0.0083,0.1212,0.692,0.493
67602.75340080261,0.592,0.659,0.49,0.61,1.0,1.0,0.411,neutral,neutral,0.44,0.366,True,hesitant,473.51,496234.85,0.0083,0.1212,0.692,0.493
67632.79628753662,0.592,0.658,0.49,0.61,1.0,1.0,0.418,neutral,neutral,0.44,0.366,True,hesitant,473.51,496234.85,0.0083,0.1212,0.692,0.493
67664.33453559875,0.593,0.662,0.498,0.619,1.0,1.0,0.395,neutral,neutral,0.467,0.347,True,hesitant,473.51,496234.85,0.0083,0.1212,0.692,0.493
67799.98445510864,0.593,0.663,0.498,0.619,1.0,1.0,0.383,neutral,neutral,0.467,0.347,True,hesitant,473.51,496234.85,0.0083,0.1212,0.692,0.493
67831.38394355774,0.593,0.661,0.498,0.619,1.0,1.0,0.399,neutral,neutral,0.467,0.347,True,hesitant,473.51,496234.85,0.0083,0.1212,0.692,0.493
67862.46013641357,0.596,0.655,0.5,0.64,1.0,1.0,0.439,neutral,contempt,0.478,0.33,True,hesitant,473.51,496234.85,0.0083,0.1212,0.692,0.493
67980.1459312439,0.595,0.652,0.5,0.64,1.0,1.0,0.461,neutral,contempt,0.478,0.33,True,hesitant,473.51,496234.85,0.0083,0.1212,0.692,0.493
68010.45489311218,0.591,0.641,0.5,0.64,1.0,1.0,0.532,neutral,contempt,0.478,0.33,True,hesitant,473.51,496234.85,0.0083,0.1212,0.692,0.493
68056.3554763794,0.591,0.64,0.502,0.643,1.0,0.997,0.545,neutral,contempt,0.488,0.358,True,hesitant,473.51,496234.85,0.0083,0.1212,0.692,0.493
68172.73998260498,0.59,0.636,0.502,0.643,1.0,1.0,0.574,neutral,contempt,0.488,0.358,True,hesitant,473.51,496234.85,0.0083,0.1212,0.692,0.493
68201.65061950684,0.589,0.633,0.502,0.643,1.0,1.0,0.596,neutral,contempt,0.488,0.358,True,hesitant,473.51,496234.85,0.0083,0.1212,0.692,0.493
68235.9254360199,0.587,0.634,0.509,0.643,1.0,1.0,0.59,neutral,contempt,0.514,0.365,True,hesitant,473.51,496234.85,0.0083,0.1212,0.692,0.493
68348.18148612976,0.588,0.637,0.509,0.643,1.0,1.0,0.571,neutral,contempt,0.514,0.365,True,hesitant,473.51,496234.85,0.0083,0.1212,0.692,0.493
68376.09529495239,0.589,0.641,0.509,0.643,1.0,1.0,0.539,neutral,contempt,0.514,0.365,True,hesitant,473.51,496234.85,0.0083,0.1212,0.692,0.493
68410.57085990906,0.595,0.642,0.51,0.661,1.0,1.0,0.537,neutral,contempt,0.519,0.386,True,hesitant,473.51,496234.85,0.0083,0.1212,0.692,0.493
68606.74285888672,0.595,0.648,0.519,0.665,1.0,0.989,0.594,neutral,contempt,0.519,0.386,True,stressed,1011.96,997547.96,0.0107,0.1484,0.571,0.481
68642.31491088867,0.593,0.642,0.519,0.668,1.0,1.0,0.641,neutral,contempt,0.519,0.386,True,stressed,1011.96,997547.96,0.0107,0.1484,0.571,0.481
68674.82137680054,0.6,0.642,0.525,0.697,1.0,1.0,0.639,neutral,contempt,0.536,0.372,True,stressed,1011.96,997547.96,0.0107,0.1484,0.571,0.481
68803.62296104431,0.599,0.639,0.525,0.697,1.0,1.0,0.656,neutral,contempt,0.536,0.372,True,stressed,1011.96,997547.96,0.0107,0.1484,0.571,0.481
68833.0500125885,0.6,0.642,0.525,0.697,1.0,1.0,0.638,neutral,contempt,0.536,0.372,True,stressed,1011.96,997547.96,0.0107,0.1484,0.571,0.481
68862.54644393921,0.602,0.644,0.527,0.703,1.0,1.0,0.627,neutral,happy,0.543,0.375,True,stressed,1011.96,997547.96,0.0107,0.1484,0.571,0.481
68994.7121143341,0.605,0.654,0.527,0.703,1.0,1.0,0.564,neutral,happy,0.543,0.375,True,stressed,1011.96,997547.96,0.0107,0.1484,0.571,0.481
69028.81860733032,0.606,0.656,0.527,0.703,1.0,1.0,0.555,neutral,happy,0.543,0.375,True,stressed,1011.96,997547.96,0.0107,0.1484,0.571,0.481
69057.16848373413,0.609,0.661,0.525,0.706,1.0,1.0,0.52,neutral,happy,0.536,0.382,True,stressed,1011.96,997547.96,0.0107,0.1484,0.571,0.481
69184.21816825867,0.611,0.667,0.525,0.706,1.0,1.0,0.487,neutral,happy,0.536,0.382,True,stressed,1011.96,997547.96,0.0107,0.1484,0.571,0.481
69214.72668647766,0.61,0.662,0.525,0.706,1.0,1.0,0.518,neutral,happy,0.536,0.382,True,stressed,1011.96,997547.96,0.0107,0.1484,0.571,0.481
69252.42924690247,0.595,0.639,0.527,0.687,1.0,0.967,0.624,neutral,contempt,0.544,0.375,True,stressed,1011.96,997547.96,0.0107,0.1484,0.571,0.481
69382.08723068237,0.592,0.632,0.527,0.683,1.0,0.955,0.651,neutral,contempt,0.544,0.375,True,stressed,1011.96,997547.96,0.0107,0.1484,0.571,0.481
69412.2359752655,0.592,0.631,0.527,0.685,1.0,0.962,0.666,neutral,contempt,0.544,0.375,True,stressed,1011.96,997547.96,0.0107,0.1484,0.571,0.481
69444.8595046997,0.593,0.636,0.529,0.686,1.0,0.96,0.632,neutral,contempt,0.55,0.365,True,stressed,1011.96,997547.96,0.0107,0.1484,0.571,0.481
69576.22981071472,0.594,0.632,0.529,0.694,1.0,0.988,0.686,neutral,contempt,0.55,0.365,True,stressed,1011.96,997547.96,0.0107,0.1484,0.571,0.481
69604.31432723999,0.59,0.623,0.529,0.69,1.0,0.974,0.725,neutral,contempt,0.55,0.365,True,stressed,1011.96,997547.96,0.0107,0.1484,0.571,0.481
69653.59234809875,0.591,0.63,0.521,0.675,1.0,0.981,0.697,neutral,contempt,0.525,0.392,True,stressed,1011.96,997547.96,0.0107,0.1484,0.571,0.481
69789.10374641418,0.589,0.63,0.521,0.67,1.0,0.966,0.681,neutral,contempt,0.525,0.392,True,stressed,1011.96,997547.96,0.0107,0.1484,0.571,0.481
69820.10173797607,0.588,0.628,0.521,0.669,1.0,0.962,0.688,neutral,contempt,0.525,0.392,True,stressed,1011.96,997547.96,0.0107,0.1484,0.571,0.481
69849.80320930481,0.587,0.629,0.516,0.657,1.0,0.986,0.711,neutral,contempt,0.511,0.393,True,stressed,1011.96,997547.96,0.0107,0.1484,0.571,0.481
69973.65260124207,0.59,0.635,0.516,0.66,1.0,0.996,0.679,neutral,contempt,0.511,0.393,True,stressed,1011.96,997547.96,0.0107,0.1484,0.571,0.481
70008.10718536377,0.585,0.629,0.516,0.651,1.0,0.965,0.687,neutral,contempt,0.511,0.393,True,stressed,1011.96,997547.96,0.0107,0.1484,0.571,0.481
70055.15956878662,0.576,0.616,0.496,0.613,1.0,0.969,0.773,neutral,neutral,0.45,0.384,True,stressed,1011.96,997547.96,0.0107,0.1484,0.571,0.481
70176.36227607727,0.576,0.612,0.496,0.617,1.0,0.982,0.807,neutral,neutral,0.45,0.384,True,stressed,1011.96,997547.96,0.0107,0.1484,0.571,0.481
70226.77636146545,0.582,0.633,0.496,0.614,1.0,0.972,0.67,neutral,neutral,0.45,0.384,True,stressed,1011.96,997547.96,0.0107,0.1484,0.571,0.481
70264.48893547058,0.565,0.643,0.526,0.581,1.0,0.974,0.675,neutral,neutral,0.469,0.389,True,hesitant,2098.38,364159.09,0.0,0.1969,1.0,0.425
70537.68253326416,0.561,0.638,0.526,0.572,1.0,0.946,0.673,neutral,neutral,0.469,0.389,True,hesitant,2098.38,364159.09,0.0,0.1969,1.0,0.425
70584.3870639801,0.562,0.642,0.526,0.572,1.0,0.946,0.651,backward,neutral,0.469,0.389,True,hesitant,2098.38,364159.09,0.0,0.1969,1.0,0.425
70627.0215511322,0.562,0.658,0.538,0.567,1.0,0.95,0.569,backward,neutral,0.497,0.393,True,hesitant,2098.38,364159.09,0.0,0.1969,1.0,0.425
70881.43134117126,0.566,0.665,0.538,0.571,1.0,0.963,0.543,backward,neutral,0.497,0.393,True,hesitant,2098.38,364159.09,0.0,0.1969,1.0,0.425
70930.73034286499,0.567,0.668,0.538,0.57,1.0,0.96,0.526,backward,neutral,0.497,0.393,True,hesitant,2098.38,364159.09,0.0,0.1969,1.0,0.425
70977.86235809326,0.567,0.663,0.551,0.593,1.0,0.943,0.53,backward,contempt,0.521,0.372,True,hesitant,2098.38,364159.09,0.0,0.1969,1.0,0.425
71235.6321811676,0.571,0.668,0.551,0.599,1.0,0.965,0.526,backward,contempt,0.521,0.372,True,hesitant,2098.38,364159.09,0.0,0.1969,1.0,0.425
71278.90706062317,0.576,0.674,0.551,0.61,1.0,1.0,0.529,backward,contempt,0.521,0.372,True,hesitant,2098.38,364159.09,0.0,0.1969,1.0,0.425
71326.01594924927,0.575,0.671,0.548,0.605,1.0,1.0,0.548,neutral,contempt,0.517,0.382,True,hesitant,2098.38,364159.09,0.0,0.1969,1.0,0.425
71579.2498588562,0.576,0.674,0.548,0.605,1.0,1.0,0.531,neutral,contempt,0.517,0.382,True,hesitant,2098.38,364159.09,0.0,0.1969,1.0,0.425
71632.27868080139,0.58,0.687,0.548,0.605,1.0,1.0,0.459,backward,contempt,0.517,0.382,True,hesitant,2098.38,364159.09,0.0,0.1969,1.0,0.425
71674.66235160828,0.582,0.7,0.559,0.608,1.0,0.999,0.389,backward,contempt,0.539,0.379,True,hesitant,2098.38,364159.09,0.0,0.1969,1.0,0.425
71888.39387893677,0.529,0.629,0.559,0.515,1.0,0.691,0.464,backward,contempt,0.539,0.379,True,hesitant,2098.38,364159.09,0.0,0.1969,1.0,0.425
71931.7376613617,0.524,0.621,0.559,0.508,1.0,0.665,0.483,neutral,contempt,0.539,0.379,True,hesitant,2098.38,364159.09,0.0,0.1969,1.0,0.425
71979.91871833801,0.524,0.627,0.516,0.449,1.0,0.655,0.456,neutral,neutral,0.456,0.429,True,hesitant,2098.38,364159.09,0.0,0.1969,1.0,0.425
72272.75443077087,0.488,0.581,0.547,0.422,1.0,0.564,0.543,neutral,neutral,0.456,0.429,True,hesitant,1939.66,562056.67,0.0001,0.2017,1.0,0.369
72318.57395172119,0.516,0.612,0.547,0.476,1.0,0.746,0.556,neutral,neutral,0.456,0.429,True,hesitant,1939.66,562056.67,0.0001,0.2017,1.0,0.369
72362.69044876099,0.476,0.561,0.582,0.445,1.0,0.51,0.575,neutral,contempt,0.52,0.374,True,hesitant,1939.66,562056.67,0.0001,0.2017,1.0,0.369
72551.20348930359,0.436,0.505,0.582,0.378,1.0,0.287,0.654,neutral,contempt,0.52,0.374,True,hesitant,1939.66,562056.67,0.0001,0.2017,1.0,0.369
72595.0837135315,0.5,0.573,0.582,0.51,1.0,0.724,0.724,neutral,contempt,0.52,0.374,True,hesitant,1939.66,562056.67,0.0001,0.2017,1.0,0.369
72641.59202575684,0.436,0.433,0.545,0.417,1.0,0.197,0.892,neutral,surprise,0.373,0.223,True,hesitant,1939.66,562056.67,0.0001,0.2017,1.0,0.369
72834.1383934021,0.429,0.412,0.545,0.419,1.0,0.202,1.0,neutral,surprise,0.373,0.223,True,hesitant,1939.66,562056.67,0.0001,0.2017,1.0,0.369
72877.65192985535,0.476,0.47,0.545,0.507,1.0,0.497,1.0,neutral,surprise,0.373,0.223,True,hesitant,1939.66,562056.67,0.0001,0.2017,1.0,0.369
72919.2955493927,0.496,0.494,0.533,0.531,1.0,0.618,1.0,neutral,surprise,0.354,0.252,True,hesitant,1939.66,562056.67,0.0001,0.2017,1.0,0.369
73126.94883346558,0.476,0.47,0.533,0.494,1.0,0.494,1.0,neutral,surprise,0.354,0.252,True,hesitant,1939.66,562056.67,0.0001,0.2017,1.0,0.369
73171.09489440918,0.471,0.464,0.533,0.483,1.0,0.459,1.0,neutral,surprise,0.354,0.252,True,hesitant,1939.66,562056.67,0.0001,0.2017,1.0,0.369
73219.93899345398,0.467,0.465,0.551,0.489,1.0,0.468,1.0,neutral,surprise,0.392,0.222,True,hesitant,1939.66,562056.67,0.0001,0.2017,1.0,0.369
73387.88604736328,0.471,0.47,0.551,0.497,1.0,0.495,1.0,neutral,surprise,0.392,0.222,True,hesitant,1939.66,562056.67,0.0001,0.2017,1.0,0.369
73419.029712677,0.47,0.469,0.551,0.497,1.0,0.494,1.0,neutral,surprise,0.392,0.222,True,hesitant,1939.66,562056.67,0.0001,0.2017,1.0,0.369
73451.63226127625,0.468,0.465,0.546,0.489,1.0,0.469,1.0,neutral,surprise,0.386,0.24,True,hesitant,1939.66,562056.67,0.0001,0.2017,1.0,0.369
73584.36298370361,0.472,0.469,0.546,0.495,1.0,0.489,1.0,neutral,surprise,0.386,0.24,True,hesitant,1939.66,562056.67,0.0001,0.2017,1.0,0.369
73612.6766204834,0.472,0.47,0.546,0.497,1.0,0.497,1.0,neutral,surprise,0.386,0.24,True,hesitant,1939.66,562056.67,0.0001,0.2017,1.0,0.369
73642.5507068634,0.474,0.468,0.544,0.503,1.0,0.487,1.0,neutral,surprise,0.368,0.216,True,hesitant,1939.66,562056.67,0.0001,0.2017,1.0,0.369
73761.465549469,0.47,0.467,0.544,0.491,1.0,0.448,0.964,neutral,surprise,0.368,0.216,True,hesitant,1939.66,562056.67,0.0001,0.2017,1.0,0.369
81565.80662727356,0.464,0.448,0.586,0.54,1.0,0.481,1.0,forward,surprise,0.158,0.017,True,hesitant,1515.75,1071559.92,0.0001,0.1704,1.0,0.316
81594.69676017761,0.495,0.487,0.588,0.6,1.0,0.681,1.0,forward,surprise,0.172,0.021,False,hesitant,1515.75,1071559.92,0.0001,0.1704,1.0,0.316
81734.35592651367,0.527,0.528,0.588,0.661,1.0,0.885,1.0,forward,surprise,0.172,0.021,False,hesitant,1515.75,1071559.92,0.0001,0.1704,1.0,0.316
81765.1777267456,0.534,0.536,0.588,0.674,1.0,0.928,1.0,forward,surprise,0.172,0.021,False,hesitant,1515.75,1071559.92,0.0001,0.1704,1.0,0.316
81796.36764526367,0.528,0.538,0.596,0.66,1.0,0.954,1.0,forward,surprise,0.336,0.15,False,hesitant,1515.75,1071559.92,0.0001,0.1704,1.0,0.316
81924.37553405762,0.528,0.538,0.596,0.66,1.0,0.954,1.0,forward,surprise,0.336,0.15,False,hesitant,1515.75,1071559.92,0.0001,0.1704,1.0,0.316
81954.65731620789,0.516,0.524,0.596,0.639,1.0,0.885,1.0,forward,surprise,0.336,0.15,False,hesitant,1515.75,1071559.92,0.0001,0.1704,1.0,0.316
81987.37812042236,0.52,0.522,0.598,0.655,1.0,0.87,1.0,forward,surprise,0.403,0.238,False,hesitant,1515.75,1071559.92,0.0001,0.1704,1.0,0.316
82114.42399024963,0.512,0.513,0.598,0.639,1.0,0.818,1.0,forward,surprise,0.403,0.238,False,hesitant,1515.75,1071559.92,0.0001,0.1704,1.0,0.316
82146.2755203247,0.513,0.514,0.598,0.642,1.0,0.826,1.0,forward,surprise,0.403,0.238,False,hesitant,1515.75,1071559.92,0.0001,0.1704,1.0,0.316
82175.97723007202,0.515,0.514,0.591,0.64,1.0,0.82,1.0,forward,surprise,0.402,0.271,False,hesitant,1515.75,1071559.92,0.0001,0.1704,1.0,0.316
82299.57151412964,0.513,0.511,0.591,0.636,1.0,0.807,1.0,forward,surprise,0.402,0.271,False,hesitant,1515.75,1071559.92,0.0001,0.1704,1.0,0.316
82330.04021644592,0.508,0.506,0.591,0.626,1.0,0.775,1.0,forward,surprise,0.402,0.271,False,hesitant,1515.75,1071559.92,0.0001,0.1704,1.0,0.316
82363.50512504578,0.519,0.513,0.582,0.645,1.0,0.827,1.0,forward,surprise,0.308,0.181,False,hesitant,1515.75,1071559.92,0.0001,0.1704,1.0,0.316
82490.11540412903,0.508,0.5,0.582,0.623,1.0,0.756,1.0,forward,surprise,0.308,0.181,False,hesitant,1515.75,1071559.92,0.0001,0.1704,1.0,0.316
82520.87259292603,0.51,0.505,0.582,0.624,1.0,0.757,0.975,forward,surprise,0.308,0.181,False,hesitant,1515.75,1071559.92,0.0001,0.1704,1.0,0.316
82552.34503746033,0.501,0.538,0.604,0.582,1.0,0.752,0.796,forward,surprise,0.42,0.235,False,hesitant,1515.75,1071559.92,0.0001,0.1704,1.0,0.316
82681.42890930176,0.5,0.535,0.604,0.582,1.0,0.753,0.815,forward,surprise,0.42,0.235,False,hesitant,1515.75,1071559.92,0.0001,0.1704,1.0,0.316
82710.51931381226,0.506,0.539,0.604,0.596,1.0,0.8,0.837,forward,surprise,0.42,0.235,False,hesitant,1515.75,1071559.92,0.0001,0.1704,1.0,0.316
82741.5235042572,0.533,0.552,0.578,0.641,1.0,0.829,0.81,forward,surprise,0.217,0.103,False,hesitant,1515.75,1071559.92,0.0001,0.1704,1.0,0.316
82939.16416168213,0.535,0.551,0.578,0.648,1.0,0.854,0.838,forward,surprise,0.217,0.103,False,hesitant,1515.75,1071559.92,0.0001,0.1704,1.0,0.316
82975.07333755493,0.588,0.574,0.464,0.665,1.0,0.824,0.866,forward,surprise,0.217,0.103,False,hesitant,982.98,980659.69,0.0087,0.1358,0.604,0.487
83003.45468521118,0.573,0.586,0.484,0.626,1.0,0.825,0.787,forward,surprise,0.382,0.22,False,hesitant,982.98,980659.69,0.0087,0.1358,0.604,0.487
83121.6676235199,0.563,0.566,0.484,0.615,1.0,0.791,0.87,forward,surprise,0.382,0.22,False,hesitant,982.98,980659.69,0.0087,0.1358,0.604,0.487
83151.49331092834,0.565,0.562,0.484,0.624,1.0,0.818,0.92,forward,surprise,0.382,0.22,False,hesitant,982.98,980659.69,0.0087,0.1358,0.604,0.487
83185.8651638031,0.581,0.568,0.469,0.655,1.0,0.824,0.911,forward,surprise,0.219,0.066,False,hesitant,982.98,980659.69,0.0087,0.1358,0.604,0.487
83305.3674697876,0.58,0.571,0.469,0.649,1.0,0.804,0.871,forward,surprise,0.219,0.066,False,hesitant,982.98,980659.69,0.0087,0.1358,0.604,0.487
83334.6095085144,0.583,0.576,0.469,0.651,1.0,0.81,0.849,forward,surprise,0.219,0.066,False,hesitant,982.98,980659.69,0.0087,0.1358,0.604,0.487
83363.53397369385,0.588,0.601,0.476,0.649,1.0,0.832,0.719,forward,surprise,0.286,0.098,False,hesitant,982.98,980659.69,0.0087,0.1358,0.604,0.487
83504.08220291138,0.588,0.602,0.476,0.645,1.0,0.819,0.701,forward,surprise,0.286,0.098,False,hesitant,982.98,980659.69,0.0087,0.1358,0.604,0.487
83534.4626903534,0.589,0.604,0.476,0.648,1.0,0.829,0.701,forward,surprise,0.286,0.098,False,hesitant,982.98,980659.69,0.0087,0.1358,0.604,0.487
83563.64417076111,0.599,0.613,0.467,0.659,1.0,0.823,0.647,forward,surprise,0.218,0.079,False,hesitant,982.98,980659.69,0.0087,0.1358,0.604,0.487
83693.81141662598,0.589,0.598,0.467,0.645,1.0,0.777,0.683,forward,surprise,0.218,0.079,False,hesitant,982.98,980659.69,0.0087,0.1358,0.604,0.487
83723.21105003357,0.579,0.578,0.467,0.634,1.0,0.74,0.766,forward,surprise,0.218,0.079,False,hesitant,982.98,980659.69,0.0087,0.1358,0.604,0.487
83751.60050392151,0.559,0.577,0.49,0.596,1.0,0.748,0.761,forward,surprise,0.413,0.236,False,hesitant,982.98,980659.69,0.0087,0.1358,0.604,0.487
83872.88665771484,0.56,0.577,0.49,0.599,1.0,0.755,0.766,forward,surprise,0.413,0.236,False,hesitant,982.98,980659.69,0.0087,0.1358,0.604,0.487
83904.10113334656,0.519,0.514,0.49,0.535,1.0,0.542,0.934,forward,surprise,0.413,0.236,False,hesitant,982.98,980659.69,0.0087,0.1358,0.604,0.487
83934.01598930359,0.526,0.534,0.497,0.543,1.0,0.597,0.878,forward,contempt,0.45,0.281,False,hesitant,982.98,980659.69,0.0087,0.1358,0.604,0.487
84056.05936050415,0.499,0.493,0.497,0.502,1.0,0.462,0.991,forward,contempt,0.45,0.281,False,hesitant,982.98,980659.69,0.0087,0.1358,0.604,0.487
84081.8657875061,0.493,0.486,0.497,0.491,1.0,0.425,1.0,neutral,contempt,0.45,0.281,False,hesitant,982.98,980659.69,0.0087,0.1358,0.604,0.487
84109.7161769867,0.503,0.489,0.486,0.508,1.0,0.455,1.0,neutral,surprise,0.386,0.212,False,hesitant,982.98,980659.69,0.0087,0.1358,0.604,0.487
84229.28094863892,0.502,0.487,0.486,0.507,1.0,0.45,1.0,neutral,surprise,0.386,0.212,False,hesitant,982.98,980659.69,0.0087,0.1358,0.604,0.487
84262.84456253052,0.508,0.493,0.486,0.517,1.0,0.482,1.0,neutral,surprise,0.386,0.212,False,hesitant,982.98,980659.69,0.0087,0.1358,0.604,0.487
84293.61367225647,0.502,0.492,0.486,0.501,1.0,0.473,1.0,neutral,surprise,0.393,0.228,True,hesitant,982.98,980659.69,0.0087,0.1358,0.604,0.487
84422.65701293945,0.513,0.503,0.486,0.522,1.0,0.544,1.0,neutral,surprise,0.393,0.228,True,hesitant,982.98,980659.69,0.0087,0.1358,0.604,0.487
84451.42960548401,0.509,0.499,0.486,0.515,1.0,0.519,1.0,neutral,surprise,0.393,0.228,True,hesitant,982.98,980659.69,0.0087,0.1358,0.604,0.487
84480.13114929199,0.52,0.521,0.493,0.535,1.0,0.646,1.0,neutral,surprise,0.43,0.268,True,hesitant,982.98,980659.69,0.0087,0.1358,0.604,0.487
84673.12669754028,0.522,0.523,0.493,0.539,1.0,0.659,1.0,neutral,surprise,0.43,0.268,True,hesitant,982.98,980659.69,0.0087,0.1358,0.604,0.487
84708.37092399597,0.523,0.525,0.493,0.541,1.0,0.665,1.0,neutral,surprise,0.43,0.268,True,hesitant,982.98,980659.69,0.0087,0.1358,0.604,0.487
84749.6063709259,0.562,0.559,0.471,0.605,1.0,0.791,1.0,backward,contempt,0.455,0.299,True,stressed,230.36,62300.29,0.0179,0.0671,0.308,0.522
84866.25456809998,0.572,0.57,0.471,0.624,1.0,0.855,1.0,backward,contempt,0.455,0.299,True,stressed,230.36,62300.29,0.0179,0.0671,0.308,0.522
84896.36325836182,0.574,0.573,0.471,0.629,1.0,0.871,1.0,backward,contempt,0.455,0.299,True,stressed,230.36,62300.29,0.0179,0.0671,0.308,0.522
84930.61423301697,0.566,0.564,0.474,0.614,1.0,0.824,1.0,backward,contempt,0.465,0.286,True,stressed,230.36,62300.29,0.0179,0.0671,0.308,0.522
85062.56413459778,0.57,0.57,0.474,0.623,1.0,0.854,1.0,backward,contempt,0.465,0.286,True,stressed,230.36,62300.29,0.0179,0.0671,0.308,0.522
85092.50688552856,0.564,0.562,0.474,0.61,1.0,0.81,1.0,backward,contempt,0.465,0.286,True,stressed,230.36,62300.29,0.0179,0.0671,0.308,0.522
85124.3462562561,0.558,0.57,0.48,0.589,1.0,0.83,1.0,backward,neutral,0.485,0.384,True,stressed,230.36,62300.29,0.0179,0.0671,0.308,0.522
85251.49464607239,0.565,0.577,0.48,0.603,1.0,0.877,1.0,backward,neutral,0.485,0.384,True,stressed,230.36,62300.29,0.0179,0.0671,0.308,0.522
85279.93035316467,0.563,0.575,0.48,0.598,1.0,0.86,1.0,backward,neutral,0.485,0.384,True,stressed,230.36,62300.29,0.0179,0.0671,0.308,0.522
85309.983253479,0.583,0.586,0.472,0.645,1.0,0.943,1.0,backward,contempt,0.458,0.321,True,stressed,230.36,62300.29,0.0179,0.0671,0.308,0.522
85431.55574798584,0.584,0.587,0.472,0.647,1.0,0.949,1.0,backward,contempt,0.458,0.321,True,stressed,230.36,62300.29,0.0179,0.0671,0.308,0.522
85462.74590492249,0.588,0.591,0.472,0.655,1.0,0.975,1.0,backward,contempt,0.458,0.321,True,stressed,230.36,62300.29,0.0179,0.0671,0.308,0.522
85493.00479888916,0.584,0.59,0.474,0.644,1.0,0.966,1.0,backward,contempt,0.466,0.336,True,stressed,230.36,62300.29,0.0179,0.0671,0.308,0.522
85611.67860031128,0.584,0.59,0.474,0.646,1.0,0.97,1.0,backward,contempt,0.466,0.336,True,stressed,230.36,62300.29,0.0179,0.0671,0.308,0.522
85640.78998565674,0.586,0.594,0.474,0.646,1.0,0.972,0.982,backward,contempt,0.466,0.336,True,stressed,230.36,62300.29,0.0179,0.0671,0.308,0.522
85672.7066040039,0.588,0.596,0.472,0.649,1.0,1.0,1.0,backward,neutral,0.461,0.352,True,stressed,230.36,62300.29,0.0179,0.0671,0.308,0.522
85795.578956604,0.588,0.596,0.472,0.649,1.0,1.0,1.0,backward,neutral,0.461,0.352,True,stressed,230.36,62300.29,0.0179,0.0671,0.308,0.522
85825.18577575684,0.592,0.607,0.472,0.649,1.0,1.0,0.937,backward,neutral,0.461,0.352,True,stressed,230.36,62300.29,0.0179,0.0671,0.308,0.522
85856.60290718079,0.596,0.615,0.469,0.651,1.0,1.0,0.883,backward,neutral,0.449,0.343,True,stressed,230.36,62300.29,0.0179,0.0671,0.308,0.522
85974.69902038574,0.601,0.628,0.469,0.651,1.0,1.0,0.805,backward,neutral,0.449,0.343,True,stressed,230.36,62300.29,0.0179,0.0671,0.308,0.522
86005.50842285156,0.601,0.628,0.469,0.651,1.0,1.0,0.806,backward,neutral,0.449,0.343,True,stressed,230.36,62300.29,0.0179,0.0671,0.308,0.522
86055.02653121948,0.604,0.644,0.466,0.638,1.0,1.0,0.714,backward,neutral,0.443,0.361,True,stressed,230.36,62300.29,0.0179,0.0671,0.308,0.522
86176.21374130249,0.608,0.657,0.466,0.638,1.0,1.0,0.635,backward,neutral,0.443,0.361,True,stressed,230.36,62300.29,0.0179,0.0671,0.308,0.522
86207.18479156494,0.612,0.669,0.466,0.638,1.0,1.0,0.559,backward,neutral,0.443,0.361,True,stressed,230.36,62300.29,0.0179,0.0671,0.308,0.522
86236.44304275513,0.632,0.675,0.455,0.685,1.0,1.0,0.544,backward,surprise,0.379,0.194,True,stressed,230.36,62300.29,0.0179,0.0671,0.308,0.522
86418.66087913513,0.632,0.673,0.455,0.685,1.0,1.0,0.555,backward,surprise,0.379,0.194,True,stressed,230.36,62300.29,0.0179,0.0671,0.308,0.522
86455.63793182373,0.629,0.673,0.455,0.675,1.0,0.964,0.519,backward,surprise,0.379,0.194,True,stressed,230.36,62300.29,0.0179,0.0671,0.308,0.522
86497.87282943726,0.594,0.691,0.552,0.652,1.0,0.964,0.451,backward,surprise,0.416,0.149,True,hesitant,155.96,18643.64,0.004,0.0808,0.868,0.377
86632.79891014099,0.593,0.685,0.552,0.655,1.0,0.975,0.487,backward,surprise,0.416,0.149,True,hesitant,155.96,18643.64,0.004,0.0808,0.868,0.377
86664.76202011108,0.597,0.695,0.552,0.657,1.0,0.981,0.448,backward,surprise,0.416,0.149,True,hesitant,155.96,18643.64,0.004,0.0808,0.868,0.377
86694.39744949341,0.603,0.702,0.549,0.664,1.0,1.0,0.439,backward,surprise,0.404,0.141,True,hesitant,155.96,18643.64,0.004,0.0808,0.868,0.377
86818.41349601746,0.606,0.711,0.549,0.663,1.0,0.997,0.393,neutral,surprise,0.404,0.141,True,hesitant,155.96,18643.64,0.004,0.0808,0.868,0.377
86850.49629211426,0.606,0.711,0.549,0.664,1.0,1.0,0.396,backward,surprise,0.404,0.141,True,hesitant,155.96,18643.64,0.004,0.0808,0.868,0.377
86887.46857643127,0.604,0.706,0.544,0.659,1.0,1.0,0.409,backward,surprise,0.399,0.163,True,hesitant,155.96,18643.64,0.004,0.0808,0.868,0.377
87011.14797592163,0.606,0.712,0.544,0.659,1.0,1.0,0.384,neutral,surprise,0.399,0.163,True,hesitant,155.96,18643.64,0.004,0.0808,0.868,0.377
87040.74716567993,0.604,0.704,0.544,0.659,1.0,1.0,0.418,neutral,surprise,0.399,0.163,True,hesitant,155.96,18643.64,0.004,0.0808,0.868,0.377
87071.5126991272,0.607,0.708,0.543,0.664,1.0,1.0,0.406,neutral,surprise,0.387,0.148,True,hesitant,155.96,18643.64,0.004,0.0808,0.868,0.377
87196.4066028595,0.601,0.696,0.543,0.657,1.0,0.978,0.44,neutral,surprise,0.387,0.148,True,hesitant,155.96,18643.64,0.004,0.0808,0.868,0.377
87224.50733184814,0.602,0.695,0.543,0.662,1.0,0.992,0.463,neutral,surprise,0.387,0.148,True,hesitant,155.96,18643.64,0.004,0.0808,0.868,0.377
87255.48076629639,0.598,0.698,0.551,0.655,1.0,0.992,0.443,neutral,surprise,0.421,0.17,True,hesitant,155.96,18643.64,0.004,0.0808,0.868,0.377
87378.89790534973,0.592,0.691,0.551,0.643,1.0,0.952,0.435,neutral,surprise,0.421,0.17,True,hesitant,155.96,18643.64,0.004,0.0808,0.868,0.377
87409.19375419617,0.592,0.689,0.551,0.646,1.0,0.961,0.451,neutral,surprise,0.421,0.17,True,hesitant,155.96,18643.64,0.004,0.0808,0.868,0.377
87441.62678718567,0.602,0.701,0.543,0.656,1.0,0.964,0.407,neutral,surprise,0.385,0.142,True,hesitant,155.96,18643.64,0.004,0.0808,0.868,0.377
87567.0018196106,0.603,0.701,0.543,0.659,1.0,0.974,0.414,neutral,surprise,0.385,0.142,True,hesitant,155.96,18643.64,0.004,0.0808,0.868,0.377
87597.9061126709,0.605,0.704,0.543,0.661,1.0,0.979,0.405,neutral,surprise,0.385,0.142,True,hesitant,155.96,18643.64,0.004,0.0808,0.868,0.377
87655.47037124634,0.604,0.693,0.547,0.675,1.0,0.999,0.488,neutral,surprise,0.385,0.117,True,hesitant,155.96,18643.64,0.004,0.0808,0.868,0.377
87792.7303314209,0.605,0.695,0.547,0.676,1.0,1.0,0.478,neutral,surprise,0.385,0.117,True,hesitant,155.96,18643.64,0.004,0.0808,0.868,0.377
87823.46177101135,0.603,0.69,0.547,0.675,1.0,0.998,0.497,neutral,surprise,0.385,0.117,True,hesitant,155.96,18643.64,0.004,0.0808,0.868,0.377
87855.41439056396,0.596,0.688,0.556,0.666,1.0,0.989,0.491,neutral,surprise,0.423,0.139,True,hesitant,155.96,18643.64,0.004,0.0808,0.868,0.377
87981.59646987915,0.595,0.688,0.556,0.662,1.0,0.975,0.478,neutral,surprise,0.423,0.139,True,hesitant,155.96,18643.64,0.004,0.0808,0.868,0.377
88013.40460777283,0.593,0.683,0.556,0.662,1.0,0.975,0.503,neutral,surprise,0.423,0.139,True,hesitant,155.96,18643.64,0.004,0.0808,0.868,0.377
88056.31351470947,0.606,0.691,0.536,0.672,1.0,1.0,0.495,neutral,surprise,0.353,0.119,True,hesitant,155.96,18643.64,0.004,0.0808,0.868,0.377
88253.90625,0.607,0.694,0.536,0.672,1.0,1.0,0.484,neutral,surprise,0.353,0.119,True,hesitant,155.96,18643.64,0.004,0.0808,0.868,0.377
88291.20421409607,0.607,0.695,0.536,0.672,1.0,1.0,0.477,neutral,surprise,0.353,0.119,True,hesitant,155.96,18643.64,0.004,0.0808,0.868,0.377
88321.41780853271,0.569,0.649,0.585,0.655,1.0,0.991,0.432,neutral,surprise,0.391,0.137,True,hesitant,276.39,337804.63,0.0001,0.0984,1.0,0.364
88442.6383972168,0.57,0.652,0.585,0.656,1.0,0.994,0.417,neutral,surprise,0.391,0.137,True,hesitant,276.39,337804.63,0.0001,0.0984,1.0,0.364
88470.62039375305,0.561,0.634,0.585,0.647,1.0,0.965,0.489,neutral,surprise,0.391,0.137,True,hesitant,276.39,337804.63,0.0001,0.0984,1.0,0.364
88498.37517738342,0.563,0.636,0.584,0.648,1.0,0.961,0.479,neutral,surprise,0.379,0.129,True,hesitant,276.39,337804.63,0.0001,0.0984,1.0,0.364
88614.76755142212,0.562,0.634,0.584,0.65,1.0,0.969,0.491,neutral,surprise,0.379,0.129,True,hesitant,276.39,337804.63,0.0001,0.0984,1.0,0.364
88645.13683319092,0.567,0.646,0.584,0.651,1.0,0.973,0.433,neutral,surprise,0.379,0.129,True,hesitant,276.39,337804.63,0.0001,0.0984,1.0,0.364
88677.13165283203,0.565,0.642,0.588,0.654,1.0,0.96,0.45,neutral,surprise,0.388,0.105,True,hesitant,276.39,337804.63,0.0001,0.0984,1.0,0.364
88797.7786064148,0.569,0.65,0.588,0.657,1.0,0.97,0.413,neutral,surprise,0.388,0.105,True,hesitant,276.39,337804.63,0.0001,0.0984,1.0,0.364
88825.72388648987,0.571,0.651,0.588,0.664,1.0,0.992,0.431,neutral,surprise,0.388,0.105,True,hesitant,276.39,337804.63,0.0001,0.0984,1.0,0.364
88858.83450508118,0.567,0.646,0.591,0.659,1.0,0.993,0.455,neutral,surprise,0.411,0.12,True,hesitant,276.39,337804.63,0.0001,0.0984,1.0,0.364
88983.9437007904,0.569,0.651,0.591,0.661,1.0,1.0,0.436,neutral,surprise,0.411,0.12,True,hesitant,276.39,337804.63,0.0001,0.0984,1.0,0.364
89015.28286933899,0.569,0.652,0.591,0.66,1.0,0.996,0.428,neutral,surprise,0.411,0.12,True,hesitant,276.39,337804.63,0.0001,0.0984,1.0,0.364
89043.6999797821,0.57,0.652,0.588,0.66,1.0,1.0,0.427,neutral,surprise,0.401,0.126,True,hesitant,276.39,337804.63,0.0001,0.0984,1.0,0.364
89168.46632957458,0.571,0.653,0.588,0.66,1.0,1.0,0.423,neutral,surprise,0.401,0.126,True,hesitant,276.39,337804.63,0.0001,0.0984,1.0,0.364
89199.73492622375,0.571,0.653,0.588,0.66,1.0,1.0,0.423,neutral,surprise,0.401,0.126,True,hesitant,276.39,337804.63,0.0001,0.0984,1.0,0.364
89230.52382469177,0.57,0.648,0.583,0.657,1.0,0.976,0.427,neutral,surprise,0.369,0.115,True,hesitant,276.39,337804.63,0.0001,0.0984,1.0,0.364
89357.38921165466,0.578,0.665,0.583,0.663,1.0,0.996,0.353,neutral,surprise,0.369,0.115,True,hesitant,276.39,337804.63,0.0001,0.0984,1.0,0.364
89385.80131530762,0.578,0.667,0.583,0.663,1.0,0.993,0.339,neutral,surprise,0.369,0.115,True,hesitant,276.39,337804.63,0.0001,0.0984,1.0,0.364
89416.65363311768,0.574,0.667,0.588,0.655,1.0,0.987,0.329,neutral,surprise,0.397,0.122,True,hesitant,276.39,337804.63,0.0001,0.0984,1.0,0.364
89537.15252876282,0.576,0.669,0.588,0.658,1.0,0.998,0.333,neutral,surprise,0.397,0.122,True,hesitant,276.39,337804.63,0.0001,0.0984,1.0,0.364
89567.58904457092,0.576,0.67,0.588,0.659,1.0,0.999,0.327,neutral,surprise,0.397,0.122,True,hesitant,276.39,337804.63,0.0001,0.0984,1.0,0.364
89596.506357193,0.574,0.663,0.586,0.658,1.0,0.996,0.362,neutral,surprise,0.391,0.126,True,hesitant,276.39,337804.63,0.0001,0.0984,1.0,0.364
89716.83120727539,0.576,0.666,0.586,0.659,1.0,1.0,0.348,neutral,surprise,0.391,0.126,True,hesitant,276.39,337804.63,0.0001,0.0984,1.0,0.364
89748.99363517761,0.579,0.674,0.586,0.659,1.0,1.0,0.308,neutral,surprise,0.391,0.126,True,hesitant,276.39,337804.63,0.0001,0.0984,1.0,0.364
89781.65578842163,0.58,0.678,0.585,0.659,1.0,1.0,0.286,neutral,surprise,0.38,0.122,True,hesitant,276.39,337804.63,0.0001,0.0984,1.0,0.364
89939.18538093567,0.572,0.667,0.585,0.644,1.0,0.948,0.293,neutral,surprise,0.38,0.122,True,hesitant,276.39,337804.63,0.0001,0.0984,1.0,0.364
89980.96799850464,0.572,0.666,0.585,0.644,1.0,0.947,0.302,neutral,surprise,0.38,0.122,True,hesitant,276.39,337804.63,0.0001,0.0984,1.0,0.364
90016.11709594727,0.618,0.718,0.505,0.644,1.0,0.955,0.321,neutral,surprise,0.377,0.129,True,hesitant,1545.67,1060563.95,0.0,0.1675,1.0,0.446
90153.81574630737,0.62,0.72,0.505,0.648,1.0,0.969,0.323,neutral,surprise,0.377,0.129,True,hesitant,1545.67,1060563.95,0.0,0.1675,1.0,0.446
90183.76445770264,0.616,0.709,0.505,0.648,1.0,0.967,0.376,neutral,surprise,0.377,0.129,True,hesitant,1545.67,1060563.95,0.0,0.1675,1.0,0.446
90215.19994735718,0.614,0.714,0.512,0.645,1.0,0.971,0.354,neutral,surprise,0.409,0.141,True,hesitant,1545.67,1060563.95,0.0,0.1675,1.0,0.446
90333.88376235962,0.61,0.708,0.512,0.639,1.0,0.949,0.361,neutral,surprise,0.409,0.141,True,hesitant,1545.67,1060563.95,0.0,0.1675,1.0,0.446
90364.51244354248,0.61,0.703,0.512,0.644,1.0,0.966,0.404,neutral,surprise,0.409,0.141,True,hesitant,1545.67,1060563.95,0.0,0.1675,1.0,0.446
90394.8347568512,0.615,0.707,0.5,0.641,1.0,0.957,0.369,neutral,surprise,0.366,0.141,True,hesitant,1545.67,1060563.95,0.0,0.1675,1.0,0.446
90516.38340950012,0.618,0.715,0.5,0.643,1.0,0.965,0.342,neutral,surprise,0.366,0.141,True,hesitant,1545.67,1060563.95,0.0,0.1675,1.0,0.446
90548.25830459595,0.623,0.724,0.5,0.65,1.0,0.987,0.32,neutral,surprise,0.366,0.141,True,hesitant,1545.67,1060563.95,0.0,0.1675,1.0,0.446
90581.61449432373,0.619,0.716,0.501,0.647,1.0,0.963,0.339,neutral,surprise,0.363,0.126,True,hesitant,1545.67,1060563.95,0.0,0.1675,1.0,0.446
90706.04419708252,0.618,0.715,0.501,0.644,1.0,0.952,0.335,neutral,surprise,0.363,0.126,True,hesitant,1545.67,1060563.95,0.0,0.1675,1.0,0.446
90738.11364173889,0.603,0.683,0.501,0.631,1.0,0.908,0.449,neutral,surprise,0.363,0.126,True,hesitant,1545.67,1060563.95,0.0,0.1675,1.0,0.446
90769.3202495575,0.6,0.68,0.509,0.634,1.0,0.915,0.47,neutral,surprise,0.391,0.123,True,hesitant,1545.67,1060563.95,0.0,0.1675,1.0,0.446
91023.60534667969,0.601,0.68,0.509,0.638,1.0,0.93,0.484,neutral,surprise,0.391,0.123,True,hesitant,1545.67,1060563.95,0.0,0.1675,1.0,0.446
91065.33455848694,0.599,0.679,0.509,0.632,1.0,0.908,0.468,neutral,surprise,0.391,0.123,True,hesitant,1545.67,1060563.95,0.0,0.1675,1.0,0.446
91117.4488067627,0.6,0.673,0.505,0.638,1.0,0.895,0.491,neutral,surprise,0.364,0.094,True,hesitant,1545.67,1060563.95,0.0,0.1675,1.0,0.446
91376.26838684082,0.605,0.685,0.505,0.639,1.0,0.897,0.436,neutral,surprise,0.364,0.094,True,hesitant,1545.67,1060563.95,0.0,0.1675,1.0,0.446
91425.99058151245,0.606,0.686,0.505,0.641,1.0,0.904,0.437,neutral,surprise,0.364,0.094,True,hesitant,1545.67,1060563.95,0.0,0.1675,1.0,0.446
91472.88680076599,0.602,0.685,0.51,0.635,1.0,0.919,0.45,neutral,surprise,0.392,0.121,True,hesitant,1545.67,1060563.95,0.0,0.1675,1.0,0.446
91826.32684707642,0.605,0.695,0.51,0.635,1.0,0.92,0.402,neutral,surprise,0.392,0.121,True,hesitant,1545.67,1060563.95,0.0,0.1675,1.0,0.446
91887.00366020203,0.603,0.687,0.51,0.636,1.0,0.922,0.441,neutral,surprise,0.392,0.121,True,hesitant,1545.67,1060563.95,0.0,0.1675,1.0,0.446
91937.94465065002,0.59,0.666,0.518,0.628,1.0,0.894,0.488,neutral,surprise,0.368,0.122,True,hesitant,2219.07,130574.17,0.0,0.1988,1.0,0.427
92265.80739021301,0.59,0.666,0.518,0.626,1.0,0.887,0.481,neutral,surprise,0.368,0.122,True,hesitant,2219.07,130574.17,0.0,0.1988,1.0,0.427
92310.20617485046,0.595,0.674,0.518,0.634,1.0,0.914,0.472,neutral,surprise,0.368,0.122,True,hesitant,2219.07,130574.17,0.0,0.1988,1.0,0.427
92352.2355556488,0.593,0.672,0.525,0.637,1.0,0.915,0.487,neutral,surprise,0.393,0.113,True,hesitant,2219.07,130574.17,0.0,0.1988,1.0,0.427
92546.35000228882,0.6,0.692,0.525,0.637,1.0,0.913,0.384,neutral,surprise,0.393,0.113,True,hesitant,2219.07,130574.17,0.0,0.1988,1.0,0.427
92589.46561813354,0.6,0.691,0.525,0.64,1.0,0.923,0.396,neutral,surprise,0.393,0.113,True,hesitant,2219.07,130574.17,0.0,0.1988,1.0,0.427
92636.31296157837,0.611,0.704,0.521,0.655,1.0,0.953,0.368,neutral,surprise,0.369,0.097,True,hesitant,2219.07,130574.17,0.0,0.1988,1.0,0.427
92851.45735740662,0.611,0.704,0.521,0.655,1.0,0.951,0.368,neutral,surprise,0.369,0.097,True,hesitant,2219.07,130574.17,0.0,0.1988,1.0,0.427
92897.8624343872,0.613,0.708,0.521,0.66,1.0,0.969,0.364,neutral,surprise,0.369,0.097,True,hesitant,2219.07,130574.17,0.0,0.1988,1.0,0.427
92949.96094703674,0.609,0.704,0.523,0.653,1.0,0.956,0.367,neutral,surprise,0.381,0.106,True,hesitant,2219.07,130574.17,0.0,0.1988,1.0,0.427
93162.37735748291,0.606,0.697,0.523,0.652,1.0,0.952,0.4,neutral,surprise,0.381,0.106,True,hesitant,2219.07,130574.17,0.0,0.1988,1.0,0.427
93211.48180961609,0.605,0.691,0.523,0.653,1.0,0.956,0.432,neutral,surprise,0.381,0.106,True,hesitant,2219.07,130574.17,0.0,0.1988,1.0,0.427
93261.35206222534,0.586,0.644,0.512,0.634,1.0,0.88,0.595,neutral,surprise,0.331,0.09,True,hesitant,2219.07,130574.17,0.0,0.1988,1.0,0.427
93454.8647403717,0.588,0.645,0.512,0.639,1.0,0.896,0.603,neutral,surprise,0.331,0.09,True,hesitant,2219.07,130574.17,0.0,0.1988,1.0,0.427
93488.04235458374,0.596,0.659,0.512,0.647,1.0,0.922,0.562,neutral,surprise,0.331,0.09,True,hesitant,2219.07,130574.17,0.0,0.1988,1.0,0.427
93522.83596992493,0.591,0.659,0.513,0.633,1.0,0.928,0.553,neutral,surprise,0.358,0.136,True,hesitant,2219.07,130574.17,0.0,0.1988,1.0,0.427
93640.3272151947,0.589,0.657,0.513,0.628,1.0,0.91,0.544,neutral,surprise,0.358,0.136,True,hesitant,2219.07,130574.17,0.0,0.1988,1.0,0.427
93671.52237892151,0.583,0.648,0.513,0.618,1.0,0.877,0.557,neutral,surprise,0.358,0.136,True,hesitant,2219.07,130574.17,0.0,0.1988,1.0,0.427
100308.22825431824,0.523,0.528,0.574,0.632,1.0,0.8,1.0,neutral,surprise,0.292,0.025,True,hesitant,1032.76,974201.2,0.0001,0.1515,1.0,0.348
100339.24984931946,0.533,0.539,0.574,0.65,1.0,0.857,1.0,neutral,surprise,0.292,0.025,True,hesitant,1032.76,974201.2,0.0001,0.1515,1.0,0.348
100369.24076080322,0.54,0.549,0.576,0.665,1.0,0.903,1.0,neutral,surprise,0.299,0.02,True,hesitant,1032.76,974201.2,0.0001,0.1515,1.0,0.348
100491.48225784302,0.541,0.55,0.576,0.666,1.0,0.908,1.0,neutral,surprise,0.299,0.02,True,hesitant,1032.76,974201.2,0.0001,0.1515,1.0,0.348
100522.94301986694,0.538,0.547,0.576,0.661,1.0,0.892,1.0,neutral,surprise,0.299,0.02,True,hesitant,1032.76,974201.2,0.0001,0.1515,1.0,0.348
100550.14729499817,0.538,0.542,0.554,0.641,1.0,0.884,1.0,neutral,surprise,0.273,0.102,False,hesitant,1032.76,974201.2,0.0001,0.1515,1.0,0.348
100661.32879257202,0.453,0.435,0.554,0.483,1.0,0.355,1.0,neutral,surprise,0.273,0.102,False,hesitant,1032.76,974201.2,0.0001,0.1515,1.0,0.348
100691.84803962708,0.456,0.439,0.554,0.488,1.0,0.374,1.0,neutral,surprise,0.273,0.102,False,hesitant,1032.76,974201.2,0.0001,0.1515,1.0,0.348
100723.09827804565,0.426,0.417,0.597,0.462,1.0,0.265,1.0,neutral,surprise,0.461,0.151,False,hesitant,1032.76,974201.2,0.0001,0.1515,1.0,0.348
100893.6607837677,0.471,0.474,0.597,0.546,1.0,0.546,1.0,neutral,surprise,0.461,0.151,False,hesitant,1032.76,974201.2,0.0001,0.1515,1.0,0.348
100930.39131164551,0.475,0.479,0.597,0.554,1.0,0.572,1.0,neutral,surprise,0.461,0.151,False,hesitant,1032.76,974201.2,0.0001,0.1515,1.0,0.348
100965.6937122345,0.467,0.45,0.596,0.559,1.0,0.573,1.0,neutral,surprise,0.35,0.104,False,hesitant,871.25,785161.66,0.0022,0.1543,0.879,0.376
101096.67611122131,0.468,0.452,0.596,0.563,1.0,0.587,1.0,forward,surprise,0.35,0.104,False,hesitant,871.25,785161.66,0.0022,0.1543,0.879,0.376
101127.49981880188,0.475,0.458,0.596,0.577,1.0,0.634,1.0,forward,surprise,0.35,0.104,False,hesitant,871.25,785161.66,0.0022,0.1543,0.879,0.376
101156.8775177002,0.483,0.464,0.597,0.597,1.0,0.674,1.0,forward,surprise,0.416,0.187,False,hesitant,871.25,785161.66,0.0022,0.1543,0.879,0.376
101279.67619895935,0.489,0.47,0.597,0.612,1.0,0.721,1.0,forward,surprise,0.416,0.187,False,hesitant,871.25,785161.66,0.0022,0.1543,0.879,0.376
101308.86340141296,0.478,0.459,0.597,0.588,1.0,0.641,1.0,forward,surprise,0.416,0.187,False,hesitant,871.25,785161.66,0.0022,0.1543,0.879,0.376
101341.27593040466,0.478,0.461,0.6,0.589,1.0,0.654,1.0,forward,surprise,0.431,0.181,False,hesitant,871.25,785161.66,0.0022,0.1543,0.879,0.376
101463.20128440857,0.477,0.46,0.6,0.588,1.0,0.651,1.0,forward,surprise,0.431,0.181,False,hesitant,871.25,785161.66,0.0022,0.1543,0.879,0.376
101493.12424659729,0.481,0.464,0.6,0.595,1.0,0.676,1.0,forward,surprise,0.431,0.181,False,hesitant,871.25,785161.66,0.0022,0.1543,0.879,0.376
101526.57175064087,0.481,0.462,0.594,0.59,1.0,0.665,1.0,forward,surprise,0.318,0.086,False,hesitant,871.25,785161.66,0.0022,0.1543,0.879,0.376
101646.35920524597,0.45,0.432,0.594,0.523,1.0,0.443,1.0,forward,surprise,0.318,0.086,False,hesitant,871.25,785161.66,0.0022,0.1543,0.879,0.376
101682.29866027832,0.436,0.418,0.594,0.493,1.0,0.341,1.0,forward,surprise,0.318,0.086,False,hesitant,871.25,785161.66,0.0022,0.1543,0.879,0.376
101713.63615989685,0.434,0.424,0.597,0.482,1.0,0.379,1.0,forward,surprise,0.417,0.189,False,hesitant,871.25,785161.66,0.0022,0.1543,0.879,0.376
101827.96359062195,0.457,0.446,0.597,0.532,1.0,0.545,1.0,forward,surprise,0.417,0.189,False,hesitant,871.25,785161.66,0.0022,0.1543,0.879,0.376
101859.35735702515,0.466,0.456,0.597,0.552,1.0,0.613,1.0,forward,surprise,0.417,0.189,False,hesitant,871.25,785161.66,0.0022,0.1543,0.879,0.376
101889.10341262817,0.455,0.446,0.598,0.528,1.0,0.54,1.0,forward,surprise,0.416,0.18,False,hesitant,871.25,785161.66,0.0022,0.1543,0.879,0.376
102014.99652862549,0.424,0.415,0.598,0.46,1.0,0.314,1.0,forward,surprise,0.416,0.18,False,hesitant,871.25,785161.66,0.0022,0.1543,0.879,0.376
102043.68448257446,0.43,0.421,0.598,0.473,1.0,0.357,1.0,forward,surprise,0.416,0.18,False,hesitant,871.25,785161.66,0.0022,0.1543,0.879,0.376
102073.00519943237,0.448,0.425,0.587,0.516,1.0,0.391,1.0,forward,surprise,0.187,0.028,False,hesitant,871.25,785161.66,0.0022,0.1543,0.879,0.376
102195.12557983398,0.443,0.42,0.587,0.505,1.0,0.352,1.0,forward,surprise,0.187,0.028,False,hesitant,871.25,785161.66,0.0022,0.1543,0.879,0.376
102222.7737903595,0.434,0.411,0.587,0.486,1.0,0.288,1.0,forward,surprise,0.187,0.028,False,hesitant,871.25,785161.66,0.0022,0.1543,0.879,0.376
102251.25193595886,0.432,0.409,0.589,0.484,1.0,0.27,1.0,forward,surprise,0.195,0.019,False,hesitant,871.25,785161.66,0.0022,0.1543,0.879,0.376
102370.67246437073,0.434,0.411,0.589,0.489,1.0,0.288,1.0,forward,surprise,0.195,0.019,False,hesitant,871.25,785161.66,0.0022,0.1543,0.879,0.376
102403.42879295349,0.434,0.411,0.589,0.488,1.0,0.286,1.0,forward,surprise,0.195,0.019,False,hesitant,871.25,785161.66,0.0022,0.1543,0.879,0.376
102453.73940467834,0.439,0.416,0.59,0.499,1.0,0.322,1.0,forward,surprise,0.213,0.021,False,hesitant,871.25,785161.66,0.0022,0.1543,0.879,0.376
102571.87294960022,0.439,0.416,0.59,0.5,1.0,0.326,1.0,forward,surprise,0.213,0.021,False,hesitant,871.25,785161.66,0.0022,0.1543,0.879,0.376
102613.87920379639,0.439,0.416,0.59,0.5,1.0,0.324,1.0,forward,surprise,0.213,0.021,False,hesitant,871.25,785161.66,0.0022,0.1543,0.879,0.376
102659.20543670654,0.548,0.51,0.433,0.57,1.0,0.426,1.0,forward,surprise,0.278,0.037,False,stressed,528.38,478985.08,0.0179,0.0925,0.396,0.547
102821.26116752625,0.56,0.523,0.433,0.595,1.0,0.508,1.0,forward,surprise,0.278,0.037,False,stressed,528.38,478985.08,0.0179,0.0925,0.396,0.547
102851.43566131592,0.563,0.526,0.433,0.601,1.0,0.528,1.0,forward,surprise,0.278,0.037,False,stressed,528.38,478985.08,0.0179,0.0925,0.396,0.547
102880.14721870422,0.56,0.531,0.451,0.608,1.0,0.562,1.0,neutral,surprise,0.434,0.043,False,stressed,528.38,478985.08,0.0179,0.0925,0.396,0.547
102998.02708625793,0.583,0.555,0.451,0.654,1.0,0.716,1.0,neutral,surprise,0.434,0.043,False,stressed,528.38,478985.08,0.0179,0.0925,0.396,0.547
103026.31974220276,0.58,0.552,0.451,0.648,1.0,0.695,1.0,neutral,surprise,0.434,0.043,False,stressed,528.38,478985.08,0.0179,0.0925,0.396,0.547
103056.98657035828,0.576,0.552,0.455,0.64,1.0,0.704,1.0,neutral,surprise,0.468,0.089,False,stressed,528.38,478985.08,0.0179,0.0925,0.396,0.547
103185.47248840332,0.57,0.545,0.455,0.627,1.0,0.661,1.0,neutral,surprise,0.468,0.089,False,stressed,528.38,478985.08,0.0179,0.0925,0.396,0.547
103217.10300445557,0.556,0.531,0.455,0.599,1.0,0.567,1.0,neutral,surprise,0.468,0.089,False,stressed,528.38,478985.08,0.0179,0.0925,0.396,0.547
103252.59184837341,0.562,0.54,0.474,0.629,1.0,0.616,1.0,neutral,fear,0.639,0.033,False,stressed,528.38,478985.08,0.0179,0.0925,0.396,0.547
103371.54507637024,0.567,0.545,0.474,0.64,1.0,0.65,1.0,neutral,fear,0.639,0.033,False,stressed,528.38,478985.08,0.0179,0.0925,0.396,0.547
103402.08959579468,0.561,0.539,0.474,0.629,1.0,0.614,1.0,neutral,fear,0.639,0.033,False,stressed,528.38,478985.08,0.0179,0.0925,0.396,0.547
103433.59875679016,0.562,0.541,0.479,0.635,1.0,0.62,1.0,neutral,fear,0.696,0.016,False,stressed,528.38,478985.08,0.0179,0.0925,0.396,0.547
103545.4158782959,0.568,0.547,0.479,0.647,1.0,0.658,1.0,neutral,fear,0.696,0.016,False,stressed,528.38,478985.08,0.0179,0.0925,0.396,0.547
103574.90801811218,0.567,0.546,0.479,0.645,1.0,0.652,1.0,neutral,fear,0.696,0.016,False,stressed,528.38,478985.08,0.0179,0.0925,0.396,0.547
103602.81658172607,0.568,0.546,0.477,0.645,1.0,0.649,1.0,neutral,fear,0.677,0.014,False,stressed,528.38,478985.08,0.0179,0.0925,0.396,0.547
103721.75168991089,0.566,0.544,0.477,0.641,1.0,0.637,1.0,neutral,fear,0.677,0.014,False,stressed,528.38,478985.08,0.0179,0.0925,0.396,0.547
103755.366563797,0.574,0.564,0.477,0.646,1.0,0.654,0.888,neutral,fear,0.677,0.014,False,stressed,528.38,478985.08,0.0179,0.0925,0.396,0.547
103784.78789329529,0.569,0.567,0.484,0.632,1.0,0.603,0.815,neutral,fear,0.754,0.009,False,stressed,528.38,478985.08,0.0179,0.0925,0.396,0.547
103906.49485588074,0.558,0.557,0.484,0.607,1.0,0.519,0.799,forward,fear,0.754,0.009,False,stressed,528.38,478985.08,0.0179,0.0925,0.396,0.547
103936.48195266724,0.543,0.533,0.484,0.587,1.0,0.452,0.884,forward,fear,0.754,0.009,False,stressed,528.38,478985.08,0.0179,0.0925,0.396,0.547
103966.97211265564,0.54,0.532,0.489,0.584,1.0,0.441,0.879,forward,fear,0.801,0.008,False,stressed,528.38,478985.08,0.0179,0.0925,0.396,0.547
104089.50209617615,0.547,0.545,0.489,0.59,1.0,0.46,0.818,forward,fear,0.801,0.008,False,stressed,528.38,478985.08,0.0179,0.0925,0.396,0.547
104118.04580688477,0.544,0.542,0.489,0.586,1.0,0.448,0.824,forward,fear,0.801,0.008,False,stressed,528.38,478985.08,0.0179,0.0925,0.396,0.547
104150.51174163818,0.547,0.546,0.489,0.59,1.0,0.462,0.81,forward,fear,0.799,0.006,False,stressed,528.38,478985.08,0.0179,0.0925,0.396,0.547
104271.53062820435,0.552,0.561,0.489,0.59,1.0,0.459,0.717,forward,fear,0.799,0.006,False,stressed,528.38,478985.08,0.0179,0.0925,0.396,0.547
104301.5513420105,0.552,0.56,0.489,0.59,1.0,0.462,0.721,forward,fear,0.799,0.006,False,stressed,528.38,478985.08,0.0179,0.0925,0.396,0.547
104332.77916908264,0.553,0.56,0.462,0.563,1.0,0.43,0.678,forward,fear,0.531,0.059,False,stressed,528.38,478985.08,0.0179,0.0925,0.396,0.547
104540.24338722229,0.532,0.538,0.462,0.519,1.0,0.283,0.676,forward,fear,0.531,0.059,False,stressed,528.38,478985.08,0.0179,0.0925,0.396,0.547
104575.25372505188,0.53,0.532,0.453,0.507,1.0,0.246,0.71,forward,fear,0.531,0.059,False,stressed,270.49,43859.51,0.0175,0.0786,0.22,0.557
104604.74443435669,0.53,0.537,0.467,0.52,1.0,0.253,0.682,forward,fear,0.675,0.031,False,stressed,270.49,43859.51,0.0175,0.0786,0.22,0.557
104722.7988243103,0.538,0.546,0.467,0.533,1.0,0.296,0.673,forward,fear,0.675,0.031,False,stressed,270.49,43859.51,0.0175,0.0786,0.22,0.557
104753.41963768005,0.542,0.548,0.467,0.545,1.0,0.336,0.699,forward,fear,0.675,0.031,False,stressed,270.49,43859.51,0.0175,0.0786,0.22,0.557
104783.39409828186,0.563,0.558,0.437,0.569,1.0,0.419,0.711,forward,surprise,0.382,0.033,False,stressed,270.49,43859.51,0.0175,0.0786,0.22,0.557
104897.90272712708,0.564,0.56,0.437,0.57,1.0,0.425,0.708,forward,surprise,0.382,0.033,False,stressed,270.49,43859.51,0.0175,0.0786,0.22,0.557
104927.07371711731,0.565,0.562,0.437,0.571,1.0,0.426,0.698,forward,surprise,0.382,0.033,False,stressed,270.49,43859.51,0.0175,0.0786,0.22,0.557
104957.22794532776,0.525,0.521,0.433,0.482,1.0,0.23,0.754,forward,sad,0.368,0.126,False,stressed,270.49,43859.51,0.0175,0.0786,0.22,0.557
105074.84817504883,0.561,0.551,0.433,0.567,1.0,0.512,0.837,forward,sad,0.368,0.126,False,stressed,270.49,43859.51,0.0175,0.0786,0.22,0.557
105104.04324531555,0.561,0.551,0.433,0.566,1.0,0.51,0.836,forward,sad,0.368,0.126,False,stressed,270.49,43859.51,0.0175,0.0786,0.22,0.557
105133.65340232849,0.562,0.548,0.427,0.566,1.0,0.503,0.851,forward,sad,0.319,0.109,False,stressed,270.49,43859.51,0.0175,0.0786,0.22,0.557
105255.61189651489,0.57,0.548,0.427,0.591,1.0,0.587,0.939,neutral,sad,0.319,0.109,False,stressed,270.49,43859.51,0.0175,0.0786,0.22,0.557
105300.60577392578,0.573,0.556,0.427,0.592,1.0,0.592,0.884,neutral,sad,0.319,0.109,False,stressed,270.49,43859.51,0.0175,0.0786,0.22,0.557
105335.58797836304,0.561,0.557,0.437,0.563,1.0,0.591,0.871,neutral,sad,0.407,0.192,True,stressed,270.49,43859.51,0.0175,0.0786,0.22,0.557
105455.14059066772,0.566,0.565,0.437,0.571,1.0,0.62,0.848,neutral,sad,0.407,0.192,True,stressed,270.49,43859.51,0.0175,0.0786,0.22,0.557
105483.06632041931,0.563,0.557,0.437,0.571,1.0,0.619,0.903,neutral,sad,0.407,0.192,True,stressed,270.49,43859.51,0.0175,0.0786,0.22,0.557
105512.380361557,0.561,0.554,0.432,0.56,1.0,0.648,0.949,neutral,sad,0.385,0.249,True,stressed,270.49,43859.51,0.0175,0.0786,0.22,0.557
105636.1494064331,0.532,0.524,0.432,0.499,1.0,0.443,0.948,neutral,sad,0.385,0.249,True,stressed,270.49,43859.51,0.0175,0.0786,0.22,0.557
105665.83895683289,0.517,0.508,0.432,0.469,1.0,0.344,0.959,neutral,sad,0.385,0.249,True,stressed,270.49,43859.51,0.0175,0.0786,0.22,0.557
105695.30153274536,0.524,0.505,0.431,0.493,1.0,0.23,0.866,neutral,surprise,0.347,0.092,True,stressed,270.49,43859.51,0.0175,0.0786,0.22,0.557
105814.6378993988,0.545,0.519,0.431,0.548,1.0,0.414,0.957,neutral,surprise,0.347,0.092,True,stressed,270.49,43859.51,0.0175,0.0786,0.22,0.557
105843.92261505127,0.569,0.541,0.431,0.602,1.0,0.594,0.989,neutral,surprise,0.347,0.092,True,stressed,270.49,43859.51,0.0175,0.0786,0.22,0.557
105874.71985816956,0.568,0.553,0.447,0.603,1.0,0.609,0.919,neutral,surprise,0.467,0.175,True,stressed,270.49,43859.51,0.0175,0.0786,0.22,0.557
105993.71647834778,0.568,0.553,0.447,0.602,1.0,0.604,0.913,neutral,surprise,0.467,0.175,True,stressed,270.49,43859.51,0.0175,0.0786,0.22,0.557
106021.70538902283,0.569,0.551,0.447,0.607,1.0,0.62,0.939,neutral,surprise,0.467,0.175,True,stressed,270.49,43859.51,0.0175,0.0786,0.22,0.557
106053.75099182129,0.576,0.565,0.459,0.631,1.0,0.632,0.872,backward,happy,0.515,0.344,True,stressed,270.49,43859.51,0.0175,0.0786,0.22,0.557
106223.0031490326,0.575,0.562,0.459,0.63,1.0,0.629,0.89,backward,happy,0.515,0.344,True,stressed,270.49,43859.51,0.0175,0.0786,0.22,0.557
106257.5089931488,0.576,0.562,0.459,0.632,1.0,0.635,0.894,backward,happy,0.515,0.344,True,stressed,270.49,43859.51,0.0175,0.0786,0.22,0.557
106290.27986526489,0.566,0.556,0.471,0.62,1.0,0.646,0.922,backward,happy,0.52,0.353,True,stressed,819.95,867927.22,0.0109,0.1133,0.44,0.545
106414.82496261597,0.566,0.558,0.471,0.62,1.0,0.645,0.909,backward,happy,0.52,0.353,True,stressed,819.95,867927.22,0.0109,0.1133,0.44,0.545
106444.571018219,0.568,0.564,0.471,0.619,1.0,0.644,0.861,backward,happy,0.52,0.353,True,stressed,819.95,867927.22,0.0109,0.1133,0.44,0.545
106472.99528121948,0.584,0.587,0.476,0.652,1.0,0.749,0.814,backward,happy,0.536,0.373,True,stressed,819.95,867927.22,0.0109,0.1133,0.44,0.545
106587.87155151367,0.59,0.594,0.476,0.662,1.0,0.784,0.805,backward,happy,0.536,0.373,True,stressed,819.95,867927.22,0.0109,0.1133,0.44,0.545
106617.43950843811,0.593,0.597,0.476,0.669,1.0,0.807,0.805,backward,happy,0.536,0.373,True,stressed,819.95,867927.22,0.0109,0.1133,0.44,0.545
106647.25112915039,0.594,0.61,0.485,0.666,1.0,0.795,0.7,backward,happy,0.577,0.343,True,stressed,819.95,867927.22,0.0109,0.1133,0.44,0.545
106773.72646331787,0.591,0.605,0.485,0.664,1.0,0.786,0.722,backward,happy,0.577,0.343,True,stressed,819.95,867927.22,0.0109,0.1133,0.44,0.545
106802.94752120972,0.578,0.594,0.485,0.634,1.0,0.688,0.702,backward,happy,0.577,0.343,True,stressed,819.95,867927.22,0.0109,0.1133,0.44,0.545
106830.26719093323,0.58,0.594,0.479,0.634,1.0,0.689,0.698,neutral,happy,0.552,0.344,True,stressed,819.95,867927.22,0.0109,0.1133,0.44,0.545
106952.5740146637,0.585,0.604,0.479,0.639,1.0,0.704,0.65,neutral,happy,0.552,0.344,True,stressed,819.95,867927.22,0.0109,0.1133,0.44,0.545
106983.87312889099,0.586,0.607,0.479,0.636,1.0,0.695,0.622,neutral,happy,0.552,0.344,True,stressed,819.95,867927.22,0.0109,0.1133,0.44,0.545
107015.5222415924,0.589,0.612,0.478,0.642,1.0,0.716,0.606,backward,happy,0.551,0.343,True,stressed,819.95,867927.22,0.0109,0.1133,0.44,0.545
107135.38479804993,0.591,0.615,0.478,0.642,1.0,0.716,0.583,backward,happy,0.551,0.343,True,stressed,819.95,867927.22,0.0109,0.1133,0.44,0.545
107168.77746582031,0.581,0.606,0.478,0.619,1.0,0.641,0.572,backward,happy,0.551,0.343,True,stressed,819.95,867927.22,0.0109,0.1133,0.44,0.545
107204.16355133057,0.579,0.609,0.478,0.612,1.0,0.616,0.53,backward,happy,0.551,0.344,True,stressed,819.95,867927.22,0.0109,0.1133,0.44,0.545
107331.96878433228,0.581,0.611,0.478,0.614,1.0,0.625,0.523,backward,happy,0.551,0.344,True,stressed,819.95,867927.22,0.0109,0.1133,0.44,0.545
107363.76237869263,0.581,0.609,0.478,0.618,1.0,0.637,0.547,backward,happy,0.551,0.344,True,stressed,819.95,867927.22,0.0109,0.1133,0.44,0.545
107393.14794540405,0.593,0.624,0.478,0.64,1.0,0.718,0.529,backward,happy,0.551,0.339,True,stressed,819.95,867927.22,0.0109,0.1133,0.44,0.545
107508.07762145996,0.598,0.629,0.478,0.65,1.0,0.749,0.521,backward,happy,0.551,0.339,True,stressed,819.95,867927.22,0.0109,0.1133,0.44,0.545
107539.37292098999,0.596,0.624,0.478,0.651,1.0,0.754,0.56,backward,happy,0.551,0.339,True,stressed,819.95,867927.22,0.0109,0.1133,0.44,0.545
107573.3962059021,0.601,0.642,0.469,0.636,1.0,0.757,0.439,backward,happy,0.511,0.338,True,stressed,819.95,867927.22,0.0109,0.1133,0.44,0.545
107696.38228416443,0.606,0.651,0.469,0.642,1.0,0.775,0.397,backward,happy,0.511,0.338,True,stressed,819.95,867927.22,0.0109,0.1133,0.44,0.545
107727.10466384888,0.609,0.65,0.469,0.651,1.0,0.806,0.434,backward,happy,0.511,0.338,True,stressed,819.95,867927.22,0.0109,0.1133,0.44,0.545
107759.24444198608,0.598,0.649,0.454,0.598,1.0,0.861,0.497,backward,neutral,0.449,0.348,True,stressed,819.95,867927.22,0.0109,0.1133,0.44,0.545
107884.94563102722,0.599,0.649,0.454,0.602,1.0,0.873,0.51,backward,neutral,0.449,0.348,True,stressed,819.95,867927.22,0.0109,0.1133,0.44,0.545
107933.46381187439,0.593,0.64,0.454,0.593,1.0,0.844,0.546,backward,neutral,0.449,0.348,True,stressed,819.95,867927.22,0.0109,0.1133,0.44,0.545
107974.51853752136,0.511,0.593,0.605,0.552,1.0,0.849,0.528,backward,neutral,0.437,0.345,True,hesitant,1460.61,1051309.01,0.0001,0.1762,1.0,0.307
108133.80098342896,0.504,0.586,0.605,0.536,1.0,0.795,0.519,backward,neutral,0.437,0.345,True,hesitant,1460.61,1051309.01,0.0001,0.1762,1.0,0.307
108163.43879699707,0.501,0.579,0.605,0.534,1.0,0.791,0.549,backward,neutral,0.437,0.345,True,hesitant,1460.61,1051309.01,0.0001,0.1762,1.0,0.307
108194.46420669556,0.489,0.558,0.602,0.515,1.0,0.741,0.631,backward,neutral,0.435,0.358,True,hesitant,1460.61,1051309.01,0.0001,0.1762,1.0,0.307
108308.78019332886,0.494,0.564,0.602,0.523,1.0,0.769,0.623,backward,neutral,0.435,0.358,True,hesitant,1460.61,1051309.01,0.0001,0.1762,1.0,0.307
108341.46809577942,0.496,0.566,0.602,0.528,1.0,0.784,0.626,backward,neutral,0.435,0.358,True,hesitant,1460.61,1051309.01,0.0001,0.1762,1.0,0.307
108371.03509902954,0.499,0.567,0.598,0.532,1.0,0.786,0.629,backward,neutral,0.436,0.383,True,hesitant,1460.61,1051309.01,0.0001,0.1762,1.0,0.307
108490.49973487854,0.501,0.575,0.598,0.531,1.0,0.783,0.579,backward,neutral,0.436,0.383,True,hesitant,1460.61,1051309.01,0.0001,0.1762,1.0,0.307
108521.48604393005,0.5,0.57,0.598,0.532,1.0,0.786,0.614,backward,neutral,0.436,0.383,True,hesitant,1460.61,1051309.01,0.0001,0.1762,1.0,0.307
108555.10067939758,0.495,0.561,0.608,0.538,1.0,0.786,0.661,backward,neutral,0.458,0.369,True,hesitant,1460.61,1051309.01,0.0001,0.1762,1.0,0.307
108674.16381835938,0.492,0.56,0.608,0.529,1.0,0.755,0.637,backward,neutral,0.458,0.369,True,hesitant,1460.61,1051309.01,0.0001,0.1762,1.0,0.307
108704.62203025818,0.494,0.568,0.608,0.527,1.0,0.749,0.586,backward,neutral,0.458,0.369,True,hesitant,1460.61,1051309.01,0.0001,0.1762,1.0,0.307
108734.94410514832,0.495,0.567,0.61,0.534,1.0,0.745,0.586,backward,contempt,0.464,0.372,True,hesitant,1460.61,1051309.01,0.0001,0.1762,1.0,0.307
108855.37767410278,0.499,0.575,0.61,0.539,1.0,0.763,0.557,backward,contempt,0.464,0.372,True,hesitant,1460.61,1051309.01,0.0001,0.1762,1.0,0.307
108883.79049301147,0.499,0.573,0.61,0.54,1.0,0.768,0.57,backward,contempt,0.464,0.372,True,hesitant,1460.61,1051309.01,0.0001,0.1762,1.0,0.307
108911.69142723083,0.489,0.561,0.609,0.518,1.0,0.714,0.597,backward,neutral,0.464,0.381,True,hesitant,1460.61,1051309.01,0.0001,0.1762,1.0,0.307
109031.3766002655,0.491,0.565,0.609,0.52,1.0,0.723,0.579,backward,neutral,0.464,0.381,True,hesitant,1460.61,1051309.01,0.0001,0.1762,1.0,0.307
109063.92550468445,0.499,0.583,0.609,0.528,1.0,0.749,0.502,backward,neutral,0.464,0.381,True,hesitant,1460.61,1051309.01,0.0001,0.1762,1.0,0.307
109099.63846206665,0.506,0.597,0.609,0.535,1.0,0.757,0.417,backward,neutral,0.456,0.362,True,hesitant,1460.61,1051309.01,0.0001,0.1762,1.0,0.307
109217.0877456665,0.507,0.6,0.609,0.535,1.0,0.758,0.405,backward,neutral,0.456,0.362,True,hesitant,1460.61,1051309.01,0.0001,0.1762,1.0,0.307
109247.88188934326,0.51,0.604,0.609,0.539,1.0,0.77,0.395,backward,neutral,0.456,0.362,True,hesitant,1460.61,1051309.01,0.0001,0.1762,1.0,0.307
109277.40907669067,0.504,0.596,0.609,0.529,1.0,0.752,0.419,backward,neutral,0.458,0.367,True,hesitant,1460.61,1051309.01,0.0001,0.1762,1.0,0.307
109393.8193321228,0.505,0.598,0.609,0.53,1.0,0.754,0.41,backward,neutral,0.458,0.367,True,hesitant,1460.61,1051309.01,0.0001,0.1762,1.0,0.307
109421.47850990295,0.516,0.612,0.609,0.55,1.0,0.821,0.399,backward,neutral,0.458,0.367,True,hesitant,1460.61,1051309.01,0.0001,0.1762,1.0,0.307
109452.08024978638,0.521,0.616,0.613,0.565,1.0,0.861,0.413,backward,contempt,0.471,0.368,True,hesitant,1460.61,1051309.01,0.0001,0.1762,1.0,0.307
109657.16505050659,0.517,0.608,0.613,0.564,1.0,0.857,0.454,backward,contempt,0.471,0.368,True,hesitant,1460.61,1051309.01,0.0001,0.1762,1.0,0.307
109730.03792762756,0.518,0.611,0.613,0.564,1.0,0.857,0.441,backward,contempt,0.471,0.368,True,hesitant,1460.61,1051309.01,0.0001,0.1762,1.0,0.307
109787.01424598694,0.532,0.632,0.568,0.533,1.0,0.84,0.449,backward,neutral,0.425,0.344,True,hesitant,1985.54,541220.81,0.0,0.1919,1.0,0.334
110195.08099555969,0.528,0.621,0.568,0.531,1.0,0.834,0.506,backward,neutral,0.425,0.344,True,hesitant,1985.54,541220.81,0.0,0.1919,1.0,0.334
110245.28312683105,0.533,0.63,0.568,0.539,1.0,0.861,0.485,backward,neutral,0.425,0.344,True,hesitant,1985.54,541220.81,0.0,0.1919,1.0,0.334
110290.40002822876,0.52,0.595,0.573,0.54,1.0,0.765,0.57,neutral,surprise,0.385,0.235,True,hesitant,1985.54,541220.81,0.0,0.1919,1.0,0.334
110550.76217651367,0.506,0.577,0.573,0.515,1.0,0.683,0.581,neutral,surprise,0.385,0.235,True,hesitant,1985.54,541220.81,0.0,0.1919,1.0,0.334
110600.46815872192,0.506,0.579,0.573,0.513,1.0,0.676,0.566,neutral,surprise,0.385,0.235,True,hesitant,1985.54,541220.81,0.0,0.1919,1.0,0.334
110648.1785774231,0.512,0.58,0.572,0.53,1.0,0.678,0.563,neutral,surprise,0.358,0.196,True,hesitant,1985.54,541220.81,0.0,0.1919,1.0,0.334
110883.29315185547,0.51,0.578,0.572,0.527,1.0,0.668,0.565,neutral,surprise,0.358,0.196,True,hesitant,1985.54,541220.81,0.0,0.1919,1.0,0.334
110925.18973350525,0.512,0.582,0.572,0.527,1.0,0.669,0.546,neutral,surprise,0.358,0.196,True,hesitant,1985.54,541220.81,0.0,0.1919,1.0,0.334
110967.19312667847,0.503,0.581,0.572,0.5,1.0,0.66,0.538,neutral,surprise,0.393,0.254,True,hesitant,1985.54,541220.81,0.0,0.1919,1.0,0.334
111160.2075099945,0.493,0.566,0.572,0.485,1.0,0.609,0.566,neutral,surprise,0.393,0.254,True,hesitant,1985.54,541220.81,0.0,0.1919,1.0,0.334
111204.04839515686,0.487,0.561,0.572,0.471,1.0,0.562,0.546,neutral,surprise,0.393,0.254,True,hesitant,1985.54,541220.81,0.0,0.1919,1.0,0.334
111255.95235824585,0.504,0.578,0.591,0.528,1.0,0.676,0.568,neutral,surprise,0.418,0.194,True,hesitant,1985.54,541220.81,0.0,0.1919,1.0,0.334
111456.91776275635,0.504,0.572,0.591,0.535,1.0,0.699,0.626,neutral,surprise,0.418,0.194,True,hesitant,1985.54,541220.81,0.0,0.1919,1.0,0.334
111496.94585800171,0.507,0.578,0.591,0.54,1.0,0.717,0.61,neutral,surprise,0.418,0.194,True,hesitant,1985.54,541220.81,0.0,0.1919,1.0,0.334
111537.13274002075,0.52,0.597,0.577,0.544,1.0,0.764,0.557,neutral,surprise,0.389,0.222,True,hesitant,1985.54,541220.81,0.0,0.1919,1.0,0.334
111789.30449485779,0.521,0.6,0.577,0.542,1.0,0.759,0.541,neutral,surprise,0.389,0.222,True,hesitant,1985.54,541220.81,0.0,0.1919,1.0,0.334
111837.12697029114,0.518,0.601,0.577,0.532,1.0,0.723,0.496,neutral,surprise,0.389,0.222,True,hesitant,1985.54,541220.81,0.0,0.1919,1.0,0.334
111891.65210723877,0.484,0.569,0.619,0.506,1.0,0.63,0.536,neutral,surprise,0.406,0.217,True,hesitant,2285.71,0.0,0.0,0.2012,1.0,0.265
112095.75057029724,0.486,0.571,0.619,0.511,1.0,0.648,0.545,neutral,surprise,0.406,0.217,True,hesitant,2285.71,0.0,0.0,0.2012,1.0,0.265
112135.94102859497,0.479,0.563,0.619,0.497,1.0,0.6,0.539,neutral,surprise,0.406,0.217,True,hesitant,2285.71,0.0,0.0,0.2012,1.0,0.265
112168.55716705322,0.485,0.556,0.64,0.549,1.0,0.664,0.645,neutral,surprise,0.422,0.141,True,hesitant,2285.71,0.0,0.0,0.2012,1.0,0.265
112290.7383441925,0.464,0.52,0.64,0.52,1.0,0.57,0.722,neutral,surprise,0.422,0.141,True,hesitant,2285.71,0.0,0.0,0.2012,1.0,0.265
112322.62849807739,0.449,0.492,0.64,0.502,1.0,0.509,0.799,neutral,surprise,0.422,0.141,True,hesitant,2285.71,0.0,0.0,0.2012,1.0,0.265
112352.67424583435,0.444,0.502,0.657,0.493,1.0,0.496,0.735,neutral,surprise,0.493,0.175,True,hesitant,2285.71,0.0,0.0,0.2012,1.0,0.265
119751.35850906372,0.494,0.53,0.589,0.548,1.0,0.747,0.774,neutral,sad,0.352,0.202,True,hesitant,1763.61,839267.12,0.0001,0.1769,1.0,0.342
119878.38912010193,0.482,0.511,0.589,0.531,1.0,0.692,0.833,neutral,sad,0.352,0.202,True,hesitant,1763.61,839267.12,0.0001,0.1769,1.0,0.342
119913.45477104187,0.487,0.521,0.589,0.535,1.0,0.706,0.789,neutral,sad,0.352,0.202,True,hesitant,1763.61,839267.12,0.0001,0.1769,1.0,0.342
119946.46215438843,0.483,0.526,0.586,0.513,1.0,0.711,0.769,neutral,neutral,0.386,0.269,True,hesitant,1763.61,839267.12,0.0001,0.1769,1.0,0.342
120069.74029541016,0.494,0.552,0.586,0.518,1.0,0.728,0.636,neutral,neutral,0.386,0.269,True,hesitant,1763.61,839267.12,0.0001,0.1769,1.0,0.342
120098.82664680481,0.493,0.558,0.586,0.509,1.0,0.697,0.563,neutral,neutral,0.386,0.269,True,hesitant,1763.61,839267.12,0.0001,0.1769,1.0,0.342
120129.47630882263,0.492,0.559,0.591,0.512,1.0,0.687,0.546,neutral,sad,0.395,0.251,True,hesitant,1763.61,839267.12,0.0001,0.1769,1.0,0.342
120244.2135810852,0.499,0.568,0.591,0.522,1.0,0.722,0.532,neutral,sad,0.395,0.251,True,hesitant,1763.61,839267.12,0.0001,0.1769,1.0,0.342
120273.16403388977,0.5,0.573,0.591,0.52,1.0,0.714,0.494,neutral,sad,0.395,0.251,True,hesitant,1763.61,839267.12,0.0001,0.1769,1.0,0.342
120304.10814285278,0.496,0.57,0.584,0.503,1.0,0.703,0.503,neutral,neutral,0.386,0.284,True,hesitant,1763.61,839267.12,0.0001,0.1769,1.0,0.342
120417.74201393127,0.5,0.581,0.584,0.503,1.0,0.704,0.44,neutral,neutral,0.386,0.284,True,hesitant,1763.61,839267.12,0.0001,0.1769,1.0,0.342
120446.45571708679,0.503,0.584,0.584,0.509,1.0,0.724,0.44,neutral,neutral,0.386,0.284,True,hesitant,1763.61,839267.12,0.0001,0.1769,1.0,0.342
120480.51452636719,0.516,0.599,0.591,0.543,1.0,0.777,0.407,neutral,sad,0.384,0.237,True,hesitant,1763.61,839267.12,0.0001,0.1769,1.0,0.342
120606.48703575134,0.517,0.596,0.591,0.552,1.0,0.807,0.451,backward,sad,0.384,0.237,True,hesitant,1763.61,839267.12,0.0001,0.1769,1.0,0.342
120635.9121799469,0.518,0.596,0.591,0.554,1.0,0.815,0.459,backward,sad,0.384,0.237,True,hesitant,1763.61,839267.12,0.0001,0.1769,1.0,0.342
120688.9443397522,0.518,0.605,0.586,0.538,1.0,0.811,0.405,backward,neutral,0.389,0.277,True,hesitant,1763.61,839267.12,0.0001,0.1769,1.0,0.342
120864.6605014801,0.541,0.631,0.52,0.508,1.0,0.712,0.45,neutral,neutral,0.389,0.277,True,hesitant,2212.08,142593.78,0.0,0.2046,1.0,0.394
120894.45734024048,0.542,0.63,0.52,0.511,1.0,0.721,0.462,neutral,neutral,0.389,0.277,True,hesitant,2212.08,142593.78,0.0,0.2046,1.0,0.394
120924.07536506653,0.539,0.629,0.53,0.513,1.0,0.722,0.468,neutral,neutral,0.415,0.28,True,hesitant,2212.08,142593.78,0.0,0.2046,1.0,0.394
121054.33249473572,0.535,0.621,0.53,0.51,1.0,0.712,0.495,neutral,neutral,0.415,0.28,True,hesitant,2212.08,142593.78,0.0,0.2046,1.0,0.394
121085.48212051392,0.516,0.591,0.53,0.481,1.0,0.616,0.553,neutral,neutral,0.415,0.28,True,hesitant,2212.08,142593.78,0.0,0.2046,1.0,0.394
121120.43952941895,0.513,0.589,0.53,0.474,1.0,0.579,0.527,neutral,neutral,0.41,0.262,True,hesitant,2212.08,142593.78,0.0,0.2046,1.0,0.394
121241.32537841797,0.514,0.588,0.53,0.48,1.0,0.599,0.552,neutral,neutral,0.41,0.262,True,hesitant,2212.08,142593.78,0.0,0.2046,1.0,0.394
121272.70984649658,0.51,0.577,0.53,0.478,1.0,0.591,0.598,neutral,neutral,0.41,0.262,True,hesitant,2212.08,142593.78,0.0,0.2046,1.0,0.394
121308.94303321838,0.513,0.575,0.526,0.487,1.0,0.627,0.647,neutral,neutral,0.4,0.265,True,hesitant,2212.08,142593.78,0.0,0.2046,1.0,0.394
121440.37199020386,0.515,0.578,0.526,0.489,1.0,0.633,0.637,neutral,neutral,0.4,0.265,True,hesitant,2212.08,142593.78,0.0,0.2046,1.0,0.394
121472.86796569824,0.519,0.586,0.526,0.493,1.0,0.646,0.61,neutral,neutral,0.4,0.265,True,hesitant,2212.08,142593.78,0.0,0.2046,1.0,0.394
121501.62959098816,0.519,0.577,0.525,0.502,1.0,0.677,0.683,neutral,neutral,0.399,0.27,True,hesitant,2212.08,142593.78,0.0,0.2046,1.0,0.394
121629.53877449036,0.52,0.577,0.525,0.505,1.0,0.69,0.698,neutral,neutral,0.399,0.27,True,hesitant,2212.08,142593.78,0.0,0.2046,1.0,0.394
121661.49139404297,0.529,0.585,0.525,0.528,1.0,0.764,0.73,neutral,neutral,0.399,0.27,True,hesitant,2212.08,142593.78,0.0,0.2046,1.0,0.394
121692.70062446594,0.53,0.594,0.518,0.513,1.0,0.762,0.69,neutral,neutral,0.397,0.307,True,hesitant,2212.08,142593.78,0.0,0.2046,1.0,0.394
121826.8141746521,0.531,0.594,0.518,0.516,1.0,0.774,0.701,neutral,neutral,0.397,0.307,True,hesitant,2212.08,142593.78,0.0,0.2046,1.0,0.394
121854.73465919495,0.521,0.581,0.518,0.496,1.0,0.706,0.7,neutral,neutral,0.397,0.307,True,hesitant,2212.08,142593.78,0.0,0.2046,1.0,0.394
121887.55416870117,0.524,0.585,0.525,0.509,1.0,0.733,0.705,neutral,neutral,0.408,0.294,True,hesitant,2212.08,142593.78,0.0,0.2046,1.0,0.394
122033.72812271118,0.507,0.565,0.525,0.476,1.0,0.622,0.691,neutral,neutral,0.408,0.294,True,hesitant,2212.08,142593.78,0.0,0.2046,1.0,0.394
122064.57018852234,0.51,0.568,0.525,0.483,1.0,0.646,0.702,neutral,neutral,0.408,0.294,True,hesitant,2212.08,142593.78,0.0,0.2046,1.0,0.394
122093.64461898804,0.508,0.566,0.528,0.483,1.0,0.624,0.691,neutral,neutral,0.409,0.275,True,hesitant,2212.08,142593.78,0.0,0.2046,1.0,0.394
122221.69089317322,0.502,0.548,0.528,0.485,1.0,0.632,0.789,neutral,neutral,0.409,0.275,True,hesitant,2212.08,142593.78,0.0,0.2046,1.0,0.394
122248.79741668701,0.506,0.557,0.528,0.487,1.0,0.64,0.75,neutral,neutral,0.409,0.275,True,hesitant,2212.08,142593.78,0.0,0.2046,1.0,0.394
122280.98559379578,0.51,0.556,0.527,0.499,1.0,0.666,0.78,neutral,neutral,0.403,0.266,True,hesitant,2212.08,142593.78,0.0,0.2046,1.0,0.394
122400.00104904175,0.506,0.542,0.527,0.504,1.0,0.681,0.868,neutral,neutral,0.403,0.266,True,hesitant,2212.08,142593.78,0.0,0.2046,1.0,0.394
122446.64120674133,0.515,0.554,0.527,0.52,1.0,0.734,0.86,neutral,neutral,0.403,0.266,True,hesitant,2212.08,142593.78,0.0,0.2046,1.0,0.394
122483.9494228363,0.453,0.473,0.601,0.492,1.0,0.672,1.0,neutral,neutral,0.394,0.288,True,hesitant,1641.73,917341.96,0.0001,0.1656,1.0,0.325
122664.76082801819,0.451,0.471,0.601,0.488,1.0,0.658,0.998,neutral,neutral,0.394,0.288,True,hesitant,1641.73,917341.96,0.0001,0.1656,1.0,0.325
122694.63109970093,0.441,0.461,0.601,0.467,1.0,0.589,0.992,neutral,neutral,0.394,0.288,True,hesitant,1641.73,917341.96,0.0001,0.1656,1.0,0.325
122725.26669502258,0.433,0.451,0.604,0.454,1.0,0.539,1.0,neutral,neutral,0.407,0.287,True,hesitant,1641.73,917341.96,0.0001,0.1656,1.0,0.325
122853.9171218872,0.434,0.453,0.604,0.457,1.0,0.551,1.0,neutral,neutral,0.407,0.287,True,hesitant,1641.73,917341.96,0.0001,0.1656,1.0,0.325
