timestamp_ms,performance_score,confidence_score,stress_score,engagement_score,posture_score,openness_score,fidget_score,lean,dominant_emotion,face_stress,face_confidence,eye_contact,tone_label,pitch_mean,pitch_variance,energy,speaking_rate,pause_ratio,tone_overall
549.515962600708,0.545,0.743,0.658,0.552,1.0,0.737,0.0,neutral,surprise,0.387,0.178,True,unknown,0.0,0.0,0.0,0.0,0.0,0.0
740.1235103607178,0.473,0.529,0.658,0.56,1.0,0.764,0.936,neutral,surprise,0.387,0.178,True,unknown,0.0,0.0,0.0,0.0,0.0,0.0
772.9041576385498,0.498,0.588,0.673,0.593,1.0,0.754,0.69,neutral,surprise,0.336,0.09,True,unknown,0.0,0.0,0.0,0.0,0.0,0.0
897.8450298309326,0.495,0.587,0.673,0.585,1.0,0.726,0.666,neutral,surprise,0.336,0.09,True,unknown,0.0,0.0,0.0,0.0,0.0,0.0
926.3720512390137,0.492,0.589,0.673,0.57,1.0,0.677,0.606,neutral,surprise,0.336,0.09,True,unknown,0.0,0.0,0.0,0.0,0.0,0.0
958.0729007720947,0.512,0.605,0.621,0.56,1.0,0.687,0.546,neutral,surprise,0.266,0.122,True,unknown,0.0,0.0,0.0,0.0,0.0,0.0
1093.8806533813477,0.519,0.616,0.621,0.569,1.0,0.717,0.53,neutral,surprise,0.266,0.122,True,unknown,0.0,0.0,0.0,0.0,0.0,0.0
1124.9339580535889,0.522,0.626,0.621,0.566,1.0,0.708,0.482,neutral,surprise,0.266,0.122,True,unknown,0.0,0.0,0.0,0.0,0.0,0.0
1157.5241088867188,0.504,0.609,0.563,0.459,1.0,0.643,0.476,neutral,neutral,0.364,0.362,True,unknown,0.0,0.0,0.0,0.0,0.0,0.0
1292.6404476165771,0.507,0.616,0.563,0.461,1.0,0.647,0.451,neutral,neutral,0.364,0.362,True,unknown,0.0,0.0,0.0,0.0,0.0,0.0
1321.9842910766602,0.513,0.616,0.563,0.483,1.0,0.723,0.523,neutral,neutral,0.364,0.362,True,unknown,0.0,0.0,0.0,0.0,0.0,0.0
1355.309247970581,0.516,0.626,0.574,0.494,1.0,0.758,0.513,neutral,neutral,0.379,0.36,True,unknown,0.0,0.0,0.0,0.0,0.0,0.0
1482.203722000122,0.518,0.628,0.574,0.498,1.0,0.773,0.517,neutral,neutral,0.379,0.36,True,unknown,0.0,0.0,0.0,0.0,0.0,0.0
1516.2906646728516,0.517,0.626,0.574,0.495,1.0,0.763,0.516,neutral,neutral,0.379,0.36,True,unknown,0.0,0.0,0.0,0.0,0.0,0.0
1546.6065406799316,0.517,0.623,0.566,0.491,1.0,0.732,0.498,neutral,neutral,0.359,0.346,True,unknown,0.0,0.0,0.0,0.0,0.0,0.0
1693.796157836914,0.52,0.63,0.566,0.492,1.0,0.734,0.466,neutral,neutral,0.359,0.346,True,unknown,0.0,0.0,0.0,0.0,0.0,0.0
1722.2821712493896,0.523,0.635,0.566,0.497,1.0,0.752,0.461,neutral,neutral,0.359,0.346,True,unknown,0.0,0.0,0.0,0.0,0.0,0.0
1751.173496246338,0.519,0.644,0.584,0.495,1.0,0.77,0.446,neutral,neutral,0.406,0.384,True,unknown,0.0,0.0,0.0,0.0,0.0,0.0
1880.2917003631592,0.519,0.641,0.584,0.498,1.0,0.779,0.469,neutral,neutral,0.406,0.384,True,unknown,0.0,0.0,0.0,0.0,0.0,0.0
1913.8116836547852,0.515,0.636,0.584,0.49,1.0,0.754,0.466,neutral,neutral,0.406,0.384,True,unknown,0.0,0.0,0.0,0.0,0.0,0.0
1944.779396057129,0.509,0.64,0.609,0.495,1.0,0.786,0.482,neutral,neutral,0.449,0.397,True,unknown,0.0,0.0,0.0,0.0,0.0,0.0
2078.562021255493,0.508,0.637,0.609,0.494,1.0,0.783,0.497,neutral,neutral,0.449,0.397,True,unknown,0.0,0.0,0.0,0.0,0.0,0.0
2107.489585876465,0.499,0.625,0.609,0.477,1.0,0.729,0.498,neutral,neutral,0.449,0.397,True,unknown,0.0,0.0,0.0,0.0,0.0,0.0
2138.493061065674,0.498,0.621,0.626,0.498,1.0,0.734,0.511,neutral,neutral,0.451,0.352,True,unknown,0.0,0.0,0.0,0.0,0.0,0.0
2269.26851272583,0.483,0.604,0.626,0.47,1.0,0.641,0.492,neutral,neutral,0.451,0.352,True,unknown,0.0,0.0,0.0,0.0,0.0,0.0
2301.0592460632324,0.487,0.604,0.626,0.481,1.0,0.677,0.531,neutral,neutral,0.451,0.352,True,unknown,0.0,0.0,0.0,0.0,0.0,0.0
2330.350875854492,0.495,0.612,0.604,0.475,1.0,0.692,0.516,neutral,neutral,0.433,0.38,True,unknown,0.0,0.0,0.0,0.0,0.0,0.0
2460.6540203094482,0.49,0.594,0.604,0.477,1.0,0.699,0.609,neutral,neutral,0.433,0.38,True,unknown,0.0,0.0,0.0,0.0,0.0,0.0
2490.0383949279785,0.486,0.588,0.604,0.473,1.0,0.684,0.621,neutral,neutral,0.433,0.38,True,unknown,0.0,0.0,0.0,0.0,0.0,0.0
2519.510269165039,0.475,0.578,0.649,0.498,1.0,0.687,0.663,neutral,contempt,0.487,0.357,True,unknown,0.0,0.0,0.0,0.0,0.0,0.0
2651.951551437378,0.469,0.568,0.649,0.492,1.0,0.667,0.688,neutral,contempt,0.487,0.357,True,unknown,0.0,0.0,0.0,0.0,0.0,0.0
2681.833028793335,0.459,0.548,0.649,0.481,1.0,0.632,0.744,neutral,contempt,0.487,0.357,True,unknown,0.0,0.0,0.0,0.0,0.0,0.0
2712.1193408966064,0.451,0.541,0.626,0.437,1.0,0.563,0.725,neutral,neutral,0.469,0.39,True,unknown,0.0,0.0,0.0,0.0,0.0,0.0
2839.3585681915283,0.467,0.554,0.626,0.473,1.0,0.683,0.782,neutral,neutral,0.469,0.39,True,unknown,0.0,0.0,0.0,0.0,0.0,0.0
2871.9265460968018,0.475,0.561,0.626,0.491,1.0,0.743,0.814,neutral,neutral,0.469,0.39,True,unknown,0.0,0.0,0.0,0.0,0.0,0.0
2904.323101043701,0.491,0.578,0.611,0.509,1.0,0.83,0.821,neutral,neutral,0.451,0.397,True,unknown,0.0,0.0,0.0,0.0,0.0,0.0
3108.4518432617188,0.48,0.522,0.587,0.508,1.0,0.811,0.851,neutral,neutral,0.451,0.397,True,hesitant,1929.63,595300.98,0.0014,0.1858,0.934,0.363
3142.0559883117676,0.45,0.482,0.587,0.457,1.0,0.643,0.966,neutral,neutral,0.451,0.397,True,hesitant,1929.63,595300.98,0.0014,0.1858,0.934,0.363
3171.475648880005,0.456,0.487,0.58,0.462,1.0,0.656,0.936,neutral,neutral,0.422,0.392,True,hesitant,1929.63,595300.98,0.0014,0.1858,0.934,0.363
3317.2764778137207,0.464,0.5,0.58,0.472,1.0,0.691,0.883,neutral,neutral,0.422,0.392,True,hesitant,1929.63,595300.98,0.0014,0.1858,0.934,0.363
3349.0381240844727,0.465,0.5,0.58,0.477,1.0,0.706,0.894,neutral,neutral,0.422,0.392,True,hesitant,1929.63,595300.98,0.0014,0.1858,0.934,0.363
3380.157709121704,0.466,0.511,0.591,0.481,1.0,0.677,0.784,neutral,neutral,0.459,0.38,True,hesitant,1929.63,595300.98,0.0014,0.1858,0.934,0.363
3512.321949005127,0.458,0.503,0.591,0.462,1.0,0.614,0.779,neutral,neutral,0.459,0.38,True,hesitant,1929.63,595300.98,0.0014,0.1858,0.934,0.363
3542.8967475891113,0.453,0.503,0.591,0.447,1.0,0.562,0.722,neutral,neutral,0.459,0.38,True,hesitant,1929.63,595300.98,0.0014,0.1858,0.934,0.363
3571.57826423645,0.452,0.506,0.593,0.441,1.0,0.543,0.691,neutral,neutral,0.47,0.384,True,hesitant,1929.63,595300.98,0.0014,0.1858,0.934,0.363
3700.496196746826,0.458,0.518,0.593,0.447,1.0,0.564,0.627,neutral,neutral,0.47,0.384,True,hesitant,1929.63,595300.98,0.0014,0.1858,0.934,0.363
3733.2630157470703,0.458,0.518,0.593,0.446,1.0,0.559,0.621,neutral,neutral,0.47,0.384,True,hesitant,1929.63,595300.98,0.0014,0.1858,0.934,0.363
3763.962984085083,0.454,0.521,0.589,0.427,1.0,0.506,0.56,neutral,neutral,0.462,0.401,True,hesitant,1929.63,595300.98,0.0014,0.1858,0.934,0.363
3895.477294921875,0.449,0.517,0.589,0.413,1.0,0.459,0.536,neutral,neutral,0.462,0.401,True,hesitant,1929.63,595300.98,0.0014,0.1858,0.934,0.363
3929.985523223877,0.44,0.505,0.589,0.397,1.0,0.407,0.567,neutral,neutral,0.462,0.401,True,hesitant,1929.63,595300.98,0.0014,0.1858,0.934,0.363
3961.005687713623,0.441,0.504,0.596,0.41,1.0,0.418,0.58,neutral,neutral,0.48,0.386,True,hesitant,1929.63,595300.98,0.0014,0.1858,0.934,0.363
4078.753709793091,0.456,0.523,0.596,0.438,1.0,0.511,0.541,neutral,neutral,0.48,0.386,True,hesitant,1929.63,595300.98,0.0014,0.1858,0.934,0.363
4108.9160442352295,0.466,0.525,0.596,0.469,1.0,0.615,0.627,neutral,neutral,0.48,0.386,True,hesitant,1929.63,595300.98,0.0014,0.1858,0.934,0.363
4142.0722007751465,0.469,0.503,0.622,0.534,1.0,0.534,0.669,neutral,contempt,0.57,0.319,True,hesitant,1929.63,595300.98,0.0014,0.1858,0.934,0.363
4259.273290634155,0.442,0.471,0.622,0.484,1.0,0.366,0.716,neutral,contempt,0.57,0.319,True,hesitant,1929.63,595300.98,0.0014,0.1858,0.934,0.363
4290.641784667969,0.421,0.445,0.622,0.443,1.0,0.23,0.756,neutral,contempt,0.57,0.319,True,hesitant,1929.63,595300.98,0.0014,0.1858,0.934,0.363
4322.278022766113,0.422,0.439,0.618,0.45,1.0,0.193,0.766,neutral,happy,0.554,0.321,True,hesitant,1929.63,595300.98,0.0014,0.1858,0.934,0.363
4452.733039855957,0.416,0.429,0.618,0.439,1.0,0.156,0.795,neutral,happy,0.554,0.321,True,hesitant,1929.63,595300.98,0.0014,0.1858,0.934,0.363
4482.090473175049,0.412,0.423,0.618,0.435,1.0,0.143,0.826,neutral,happy,0.554,0.321,True,hesitant,1929.63,595300.98,0.0014,0.1858,0.934,0.363
4515.567779541016,0.416,0.421,0.609,0.438,1.0,0.143,0.844,neutral,happy,0.517,0.336,True,hesitant,1929.63,595300.98,0.0014,0.1858,0.934,0.363
4647.867202758789,0.416,0.416,0.609,0.445,1.0,0.165,0.903,neutral,happy,0.517,0.336,True,hesitant,1929.63,595300.98,0.0014,0.1858,0.934,0.363
4690.232992172241,0.415,0.409,0.609,0.45,1.0,0.182,0.969,neutral,happy,0.517,0.336,True,hesitant,1929.63,595300.98,0.0014,0.1858,0.934,0.363
4735.691070556641,0.407,0.405,0.634,0.458,1.0,0.222,0.993,neutral,happy,0.499,0.323,True,hesitant,2285.71,0.0,0.0,0.2009,1.0,0.265
4913.196802139282,0.415,0.417,0.634,0.47,1.0,0.262,0.968,neutral,happy,0.499,0.323,True,hesitant,2285.71,0.0,0.0,0.2009,1.0,0.265
4944.108009338379,0.433,0.437,0.634,0.505,1.0,0.378,0.979,neutral,happy,0.499,0.323,True,hesitant,2285.71,0.0,0.0,0.2009,1.0,0.265
4974.029302597046,0.468,0.48,0.624,0.563,1.0,0.584,0.95,neutral,happy,0.464,0.298,True,hesitant,2285.71,0.0,0.0,0.2009,1.0,0.265
5109.292984008789,0.446,0.455,0.624,0.518,1.0,0.433,0.928,neutral,happy,0.464,0.298,True,hesitant,2285.71,0.0,0.0,0.2009,1.0,0.265
5142.213821411133,0.447,0.461,0.624,0.515,1.0,0.424,0.892,neutral,happy,0.464,0.298,True,hesitant,2285.71,0.0,0.0,0.2009,1.0,0.265
5171.903133392334,0.45,0.466,0.624,0.517,1.0,0.43,0.875,neutral,happy,0.468,0.305,True,hesitant,2285.71,0.0,0.0,0.2009,1.0,0.265
5300.243139266968,0.45,0.469,0.624,0.515,1.0,0.424,0.849,neutral,happy,0.468,0.305,True,hesitant,2285.71,0.0,0.0,0.2009,1.0,0.265
5327.996492385864,0.451,0.473,0.624,0.513,1.0,0.416,0.824,neutral,happy,0.468,0.305,True,hesitant,2285.71,0.0,0.0,0.2009,1.0,0.265
5357.718944549561,0.44,0.465,0.631,0.493,1.0,0.346,0.795,neutral,happy,0.483,0.304,True,hesitant,2285.71,0.0,0.0,0.2009,1.0,0.265
5481.8150997161865,0.44,0.468,0.631,0.49,1.0,0.335,0.768,neutral,happy,0.483,0.304,True,hesitant,2285.71,0.0,0.0,0.2009,1.0,0.265
5512.070417404175,0.446,0.478,0.631,0.499,1.0,0.366,0.751,neutral,happy,0.483,0.304,True,hesitant,2285.71,0.0,0.0,0.2009,1.0,0.265
5546.60439491272,0.463,0.503,0.632,0.526,1.0,0.46,0.709,neutral,happy,0.483,0.3,True,hesitant,2285.71,0.0,0.0,0.2009,1.0,0.265
5665.024042129517,0.464,0.501,0.632,0.533,1.0,0.484,0.747,neutral,happy,0.483,0.3,True,hesitant,2285.71,0.0,0.0,0.2009,1.0,0.265
5695.456743240356,0.469,0.511,0.632,0.538,1.0,0.502,0.713,neutral,happy,0.483,0.3,True,hesitant,2285.71,0.0,0.0,0.2009,1.0,0.265
5725.823879241943,0.469,0.517,0.635,0.536,1.0,0.501,0.68,neutral,happy,0.493,0.304,True,hesitant,2285.71,0.0,0.0,0.2009,1.0,0.265
5853.394508361816,0.486,0.52,0.635,0.588,1.0,0.675,0.837,neutral,happy,0.493,0.304,True,hesitant,2285.71,0.0,0.0,0.2009,1.0,0.265
5883.787393569946,0.483,0.518,0.635,0.581,1.0,0.651,0.829,neutral,happy,0.493,0.304,True,hesitant,2285.71,0.0,0.0,0.2009,1.0,0.265
5912.012577056885,0.495,0.538,0.642,0.604,1.0,0.708,0.792,neutral,happy,0.524,0.343,True,hesitant,2285.71,0.0,0.0,0.2009,1.0,0.265
6187.19744682312,0.477,0.493,0.642,0.596,1.0,0.68,1.0,neutral,happy,0.524,0.343,True,hesitant,2285.71,0.0,0.0,0.2009,1.0,0.265
6232.685804367065,0.487,0.506,0.642,0.617,1.0,0.75,1.0,neutral,happy,0.524,0.343,True,hesitant,2285.71,0.0,0.0,0.2009,1.0,0.265
6286.818265914917,0.494,0.512,0.634,0.622,1.0,0.78,1.0,neutral,happy,0.507,0.343,True,hesitant,2285.71,0.0,0.0,0.2009,1.0,0.265
6679.360628128052,0.513,0.535,0.634,0.66,1.0,0.905,1.0,neutral,happy,0.507,0.343,True,hesitant,2285.71,0.0,0.0,0.2009,1.0,0.265
6736.543655395508,0.505,0.526,0.634,0.644,1.0,0.853,1.0,neutral,happy,0.507,0.343,True,hesitant,2285.71,0.0,0.0,0.2009,1.0,0.265
6795.905828475952,0.541,0.538,0.529,0.626,1.0,0.778,1.0,neutral,surprise,0.437,0.168,True,hesitant,2133.37,278518.03,0.0,0.194,1.0,0.435
7130.809545516968,0.534,0.529,0.529,0.613,1.0,0.734,1.0,neutral,surprise,0.437,0.168,True,hesitant,2133.37,278518.03,0.0,0.194,1.0,0.435
7184.133052825928,0.48,0.463,0.529,0.51,1.0,0.392,1.0,neutral,surprise,0.437,0.168,True,hesitant,2133.37,278518.03,0.0,0.194,1.0,0.435
7233.285665512085,0.493,0.478,0.528,0.534,1.0,0.467,1.0,neutral,surprise,0.447,0.214,True,hesitant,2133.37,278518.03,0.0,0.194,1.0,0.435
7485.247373580933,0.488,0.472,0.528,0.525,1.0,0.438,1.0,neutral,surprise,0.447,0.214,True,hesitant,2133.37,278518.03,0.0,0.194,1.0,0.435
7524.267911911011,0.489,0.474,0.528,0.528,1.0,0.447,1.0,neutral,surprise,0.447,0.214,True,hesitant,2133.37,278518.03,0.0,0.194,1.0,0.435
7567.436456680298,0.483,0.468,0.531,0.518,1.0,0.416,1.0,neutral,surprise,0.454,0.206,True,hesitant,2133.37,278518.03,0.0,0.194,1.0,0.435
7744.946718215942,0.502,0.491,0.531,0.554,1.0,0.534,1.0,neutral,surprise,0.454,0.206,True,hesitant,2133.37,278518.03,0.0,0.194,1.0,0.435
7773.48780632019,0.506,0.496,0.531,0.562,1.0,0.561,1.0,neutral,surprise,0.454,0.206,True,hesitant,2133.37,278518.03,0.0,0.194,1.0,0.435
7802.558183670044,0.482,0.466,0.531,0.516,1.0,0.404,1.0,neutral,surprise,0.457,0.218,True,hesitant,2133.37,278518.03,0.0,0.194,1.0,0.435
7929.1040897369385,0.482,0.466,0.531,0.516,1.0,0.405,1.0,neutral,surprise,0.457,0.218,True,hesitant,2133.37,278518.03,0.0,0.194,1.0,0.435
7959.472179412842,0.456,0.434,0.531,0.466,1.0,0.24,1.0,neutral,surprise,0.457,0.218,True,hesitant,2133.37,278518.03,0.0,0.194,1.0,0.435
12711.893558502197,0.412,0.391,0.601,0.452,1.0,0.199,1.0,neutral,surprise,0.22,0.037,True,hesitant,2056.7,394955.91,0.0,0.1969,1.0,0.338
12742.775678634644,0.402,0.379,0.601,0.433,1.0,0.134,1.0,neutral,surprise,0.22,0.037,True,hesitant,2056.7,394955.91,0.0,0.1969,1.0,0.338
12775.157451629639,0.388,0.381,0.618,0.402,1.0,0.139,1.0,neutral,surprise,0.404,0.122,True,hesitant,2056.7,394955.91,0.0,0.1969,1.0,0.338
12909.130573272705,0.395,0.389,0.618,0.418,1.0,0.191,1.0,neutral,surprise,0.404,0.122,True,hesitant,2056.7,394955.91,0.0,0.1969,1.0,0.338
12940.370082855225,0.405,0.401,0.618,0.437,1.0,0.255,1.0,neutral,surprise,0.404,0.122,True,hesitant,2056.7,394955.91,0.0,0.1969,1.0,0.338
12974.364519119263,0.409,0.399,0.624,0.46,1.0,0.249,1.0,neutral,surprise,0.398,0.051,True,hesitant,2056.7,394955.91,0.0,0.1969,1.0,0.338
13105.994462966919,0.409,0.398,0.624,0.459,1.0,0.244,1.0,neutral,surprise,0.398,0.051,True,hesitant,2056.7,394955.91,0.0,0.1969,1.0,0.338
13138.115882873535,0.407,0.396,0.624,0.455,1.0,0.231,1.0,neutral,surprise,0.398,0.051,True,hesitant,2056.7,394955.91,0.0,0.1969,1.0,0.338
13174.744844436646,0.4,0.398,0.636,0.446,1.0,0.243,1.0,neutral,surprise,0.492,0.078,False,hesitant,2056.7,394955.91,0.0,0.1969,1.0,0.338
13306.397914886475,0.397,0.394,0.636,0.439,1.0,0.218,1.0,neutral,surprise,0.492,0.078,False,hesitant,2056.7,394955.91,0.0,0.1969,1.0,0.338
13338.09232711792,0.397,0.394,0.636,0.439,1.0,0.219,1.0,neutral,surprise,0.492,0.078,False,hesitant,2056.7,394955.91,0.0,0.1969,1.0,0.338
13371.094942092896,0.401,0.387,0.603,0.421,1.0,0.18,1.0,neutral,surprise,0.299,0.103,False,hesitant,2056.7,394955.91,0.0,0.1969,1.0,0.338
13502.934455871582,0.41,0.398,0.603,0.439,1.0,0.24,1.0,neutral,surprise,0.299,0.103,False,hesitant,2056.7,394955.91,0.0,0.1969,1.0,0.338
13534.764289855957,0.407,0.395,0.603,0.434,1.0,0.225,1.0,neutral,surprise,0.299,0.103,False,hesitant,2056.7,394955.91,0.0,0.1969,1.0,0.338
13568.553686141968,0.408,0.408,0.625,0.447,1.0,0.216,0.915,neutral,surprise,0.409,0.06,False,hesitant,2056.7,394955.91,0.0,0.1969,1.0,0.338
13685.293674468994,0.405,0.402,0.625,0.443,1.0,0.205,0.937,neutral,surprise,0.409,0.06,False,hesitant,2056.7,394955.91,0.0,0.1969,1.0,0.338
13714.761972427368,0.408,0.411,0.625,0.443,1.0,0.204,0.885,neutral,surprise,0.409,0.06,False,hesitant,2056.7,394955.91,0.0,0.1969,1.0,0.338
13744.1885471344,0.412,0.423,0.618,0.433,1.0,0.211,0.826,neutral,surprise,0.386,0.091,False,hesitant,2056.7,394955.91,0.0,0.1969,1.0,0.338
13869.115352630615,0.414,0.433,0.618,0.428,1.0,0.196,0.75,neutral,surprise,0.386,0.091,False,hesitant,2056.7,394955.91,0.0,0.1969,1.0,0.338
13900.198459625244,0.413,0.434,0.618,0.424,1.0,0.183,0.731,neutral,surprise,0.386,0.091,False,hesitant,2056.7,394955.91,0.0,0.1969,1.0,0.338
13949.80001449585,0.477,0.482,0.52,0.466,1.0,0.192,0.701,neutral,surprise,0.337,0.051,False,hesitant,1228.75,956933.45,0.0086,0.1592,0.67,0.435
14125.479459762573,0.483,0.485,0.52,0.484,1.0,0.253,0.745,neutral,surprise,0.337,0.051,False,hesitant,1228.75,956933.45,0.0086,0.1592,0.67,0.435
14154.12974357605,0.475,0.466,0.52,0.479,1.0,0.235,0.824,neutral,surprise,0.337,0.051,False,hesitant,1228.75,956933.45,0.0086,0.1592,0.67,0.435
14183.248043060303,0.475,0.461,0.49,0.449,1.0,0.274,0.883,neutral,surprise,0.267,0.155,False,hesitant,1228.75,956933.45,0.0086,0.1592,0.67,0.435
14312.294721603394,0.485,0.472,0.49,0.471,1.0,0.347,0.902,neutral,surprise,0.267,0.155,False,hesitant,1228.75,956933.45,0.0086,0.1592,0.67,0.435
14343.025922775269,0.482,0.469,0.49,0.466,1.0,0.33,0.9,neutral,surprise,0.267,0.155,False,hesitant,1228.75,956933.45,0.0086,0.1592,0.67,0.435
14371.76775932312,0.477,0.476,0.502,0.455,1.0,0.35,0.89,neutral,surprise,0.347,0.219,False,hesitant,1228.75,956933.45,0.0086,0.1592,0.67,0.435
14505.749464035034,0.478,0.471,0.502,0.463,1.0,0.377,0.939,neutral,surprise,0.347,0.219,False,hesitant,1228.75,956933.45,0.0086,0.1592,0.67,0.435
14535.456657409668,0.483,0.477,0.502,0.474,1.0,0.413,0.945,neutral,surprise,0.347,0.219,False,hesitant,1228.75,956933.45,0.0086,0.1592,0.67,0.435
14566.953182220459,0.486,0.498,0.529,0.491,1.0,0.446,0.878,neutral,contempt,0.455,0.283,True,hesitant,1228.75,956933.45,0.0086,0.1592,0.67,0.435
14719.078063964844,0.497,0.497,0.529,0.526,1.0,0.562,1.0,neutral,contempt,0.455,0.283,True,hesitant,1228.75,956933.45,0.0086,0.1592,0.67,0.435
14746.678829193115,0.511,0.514,0.529,0.553,1.0,0.652,1.0,neutral,contempt,0.455,0.283,True,hesitant,1228.75,956933.45,0.0086,0.1592,0.67,0.435
14775.045394897461,0.502,0.526,0.514,0.493,1.0,0.677,1.0,neutral,neutral,0.441,0.398,True,hesitant,1228.75,956933.45,0.0086,0.1592,0.67,0.435
14902.985095977783,0.499,0.522,0.514,0.486,1.0,0.655,1.0,neutral,neutral,0.441,0.398,True,hesitant,1228.75,956933.45,0.0086,0.1592,0.67,0.435
14936.869144439697,0.497,0.521,0.514,0.483,1.0,0.646,1.0,neutral,neutral,0.441,0.398,True,hesitant,1228.75,956933.45,0.0086,0.1592,0.67,0.435
14971.185207366943,0.51,0.509,0.557,0.588,1.0,0.605,1.0,neutral,happy,0.543,0.355,True,hesitant,1228.75,956933.45,0.0086,0.1592,0.67,0.435
15090.374946594238,0.52,0.522,0.557,0.609,1.0,0.675,1.0,neutral,happy,0.543,0.355,True,hesitant,1228.75,956933.45,0.0086,0.1592,0.67,0.435
15116.520881652832,0.522,0.524,0.557,0.613,1.0,0.689,1.0,neutral,happy,0.543,0.355,True,hesitant,1228.75,956933.45,0.0086,0.1592,0.67,0.435
15144.709587097168,0.524,0.525,0.559,0.621,1.0,0.697,1.0,neutral,happy,0.548,0.346,True,hesitant,1228.75,956933.45,0.0086,0.1592,0.67,0.435
15284.867525100708,0.526,0.527,0.559,0.624,1.0,0.708,1.0,neutral,happy,0.548,0.346,True,hesitant,1228.75,956933.45,0.0086,0.1592,0.67,0.435
15315.430879592896,0.532,0.537,0.559,0.634,1.0,0.74,0.977,neutral,happy,0.548,0.346,True,hesitant,1228.75,956933.45,0.0086,0.1592,0.67,0.435
15344.618320465088,0.536,0.551,0.557,0.627,1.0,0.744,0.901,neutral,happy,0.543,0.352,True,hesitant,1228.75,956933.45,0.0086,0.1592,0.67,0.435
15481.381893157959,0.536,0.553,0.557,0.626,1.0,0.74,0.886,neutral,happy,0.543,0.352,True,hesitant,1228.75,956933.45,0.0086,0.1592,0.67,0.435
15509.30404663086,0.534,0.549,0.557,0.622,1.0,0.728,0.9,neutral,happy,0.543,0.352,True,hesitant,1228.75,956933.45,0.0086,0.1592,0.67,0.435
15541.810750961304,0.516,0.569,0.509,0.483,1.0,0.668,0.751,neutral,neutral,0.432,0.411,True,hesitant,1228.75,956933.45,0.0086,0.1592,0.67,0.435
15692.7490234375,0.519,0.574,0.509,0.487,1.0,0.68,0.734,neutral,neutral,0.432,0.411,True,hesitant,1228.75,956933.45,0.0086,0.1592,0.67,0.435
15733.39319229126,0.516,0.589,0.509,0.461,1.0,0.595,0.56,neutral,neutral,0.432,0.411,True,hesitant,1228.75,956933.45,0.0086,0.1592,0.67,0.435
15774.341583251953,0.537,0.594,0.481,0.492,1.0,0.629,0.605,neutral,neutral,0.415,0.366,True,hesitant,742.9,744604.44,0.01,0.1442,0.604,0.479
15946.768045425415,0.527,0.584,0.481,0.471,1.0,0.56,0.589,neutral,neutral,0.415,0.366,True,hesitant,742.9,744604.44,0.01,0.1442,0.604,0.479
15976.83048248291,0.531,0.594,0.481,0.473,1.0,0.566,0.54,neutral,neutral,0.415,0.366,True,hesitant,742.9,744604.44,0.01,0.1442,0.604,0.479
16008.428812026978,0.527,0.583,0.488,0.479,1.0,0.531,0.556,neutral,neutral,0.427,0.328,True,hesitant,742.9,744604.44,0.01,0.1442,0.604,0.479
16142.778396606445,0.524,0.578,0.488,0.474,1.0,0.514,0.569,neutral,neutral,0.427,0.328,True,hesitant,742.9,744604.44,0.01,0.1442,0.604,0.479
16168.983459472656,0.519,0.569,0.488,0.469,1.0,0.497,0.605,neutral,neutral,0.427,0.328,True,hesitant,742.9,744604.44,0.01,0.1442,0.604,0.479
16201.19857788086,0.523,0.569,0.493,0.487,1.0,0.525,0.632,neutral,neutral,0.438,0.315,True,hesitant,742.9,744604.44,0.01,0.1442,0.604,0.479
16329.870223999023,0.526,0.574,0.493,0.493,1.0,0.543,0.62,neutral,neutral,0.438,0.315,True,hesitant,742.9,744604.44,0.01,0.1442,0.604,0.479
16360.505104064941,0.519,0.562,0.493,0.483,1.0,0.512,0.655,neutral,neutral,0.438,0.315,True,hesitant,742.9,744604.44,0.01,0.1442,0.604,0.479
16391.52431488037,0.512,0.551,0.483,0.46,1.0,0.471,0.677,neutral,neutral,0.411,0.32,True,hesitant,742.9,744604.44,0.01,0.1442,0.604,0.479
16524.47772026062,0.518,0.558,0.483,0.472,1.0,0.509,0.675,neutral,neutral,0.411,0.32,True,hesitant,742.9,744604.44,0.01,0.1442,0.604,0.479
16553.807020187378,0.521,0.561,0.483,0.479,1.0,0.532,0.682,neutral,neutral,0.411,0.32,True,hesitant,742.9,744604.44,0.01,0.1442,0.604,0.479
16583.446502685547,0.524,0.567,0.477,0.475,1.0,0.555,0.681,neutral,neutral,0.402,0.351,True,hesitant,742.9,744604.44,0.01,0.1442,0.604,0.479
16718.02806854248,0.524,0.567,0.477,0.475,1.0,0.555,0.679,neutral,neutral,0.402,0.351,True,hesitant,742.9,744604.44,0.01,0.1442,0.604,0.479
16746.772050857544,0.523,0.575,0.477,0.463,1.0,0.515,0.595,neutral,neutral,0.402,0.351,True,hesitant,742.9,744604.44,0.01,0.1442,0.604,0.479
16776.787757873535,0.525,0.578,0.474,0.463,1.0,0.527,0.584,neutral,neutral,0.391,0.34,True,hesitant,742.9,744604.44,0.01,0.1442,0.604,0.479
16908.15234184265,0.528,0.585,0.474,0.465,1.0,0.533,0.552,neutral,neutral,0.391,0.34,True,hesitant,742.9,744604.44,0.01,0.1442,0.604,0.479
16937.85834312439,0.534,0.598,0.474,0.469,1.0,0.546,0.489,neutral,neutral,0.391,0.34,True,hesitant,742.9,744604.44,0.01,0.1442,0.604,0.479
16967.334985733032,0.528,0.595,0.481,0.46,1.0,0.501,0.461,neutral,neutral,0.408,0.335,True,hesitant,742.9,744604.44,0.01,0.1442,0.604,0.479
17090.439796447754,0.528,0.6,0.481,0.456,1.0,0.487,0.419,neutral,neutral,0.408,0.335,True,hesitant,742.9,744604.44,0.01,0.1442,0.604,0.479
17128.535985946655,0.527,0.6,0.481,0.451,1.0,0.469,0.402,neutral,neutral,0.408,0.335,True,hesitant,742.9,744604.44,0.01,0.1442,0.604,0.479
17158.61988067627,0.532,0.601,0.472,0.456,1.0,0.487,0.412,neutral,neutral,0.382,0.328,True,hesitant,742.9,744604.44,0.01,0.1442,0.604,0.479
17292.789697647095,0.534,0.605,0.472,0.457,1.0,0.492,0.395,neutral,neutral,0.382,0.328,True,hesitant,742.9,744604.44,0.01,0.1442,0.604,0.479
17321.271181106567,0.539,0.614,0.472,0.464,1.0,0.514,0.365,neutral,neutral,0.382,0.328,True,hesitant,742.9,744604.44,0.01,0.1442,0.604,0.479
17353.074073791504,0.527,0.613,0.477,0.43,1.0,0.465,0.334,neutral,neutral,0.406,0.375,True,hesitant,742.9,744604.44,0.01,0.1442,0.604,0.479
17524.81746673584,0.524,0.608,0.477,0.427,1.0,0.455,0.353,neutral,neutral,0.406,0.375,True,hesitant,742.9,744604.44,0.01,0.1442,0.604,0.479
17562.822341918945,0.525,0.611,0.477,0.428,1.0,0.459,0.341,neutral,neutral,0.406,0.375,True,hesitant,742.9,744604.44,0.01,0.1442,0.604,0.479
17600.84295272827,0.47,0.559,0.557,0.398,1.0,0.466,0.444,neutral,neutral,0.387,0.381,True,hesitant,1890.01,684338.63,0.0001,0.1869,1.0,0.331
17759.610176086426,0.472,0.562,0.557,0.401,1.0,0.476,0.437,neutral,neutral,0.387,0.381,True,hesitant,1890.01,684338.63,0.0001,0.1869,1.0,0.331
17787.26315498352,0.473,0.565,0.557,0.402,1.0,0.481,0.424,neutral,neutral,0.387,0.381,True,hesitant,1890.01,684338.63,0.0001,0.1869,1.0,0.331
17816.209316253662,0.469,0.558,0.571,0.412,1.0,0.468,0.437,neutral,neutral,0.409,0.348,True,hesitant,1890.01,684338.63,0.0001,0.1869,1.0,0.331
17951.287031173706,0.473,0.562,0.571,0.42,1.0,0.494,0.439,neutral,neutral,0.409,0.348,True,hesitant,1890.01,684338.63,0.0001,0.1869,1.0,0.331
17981.884956359863,0.471,0.56,0.571,0.417,1.0,0.486,0.442,neutral,neutral,0.409,0.348,True,hesitant,1890.01,684338.63,0.0001,0.1869,1.0,0.331
18011.619329452515,0.47,0.558,0.572,0.417,1.0,0.477,0.439,neutral,neutral,0.406,0.341,True,hesitant,1890.01,684338.63,0.0001,0.1869,1.0,0.331
18150.291681289673,0.466,0.545,0.572,0.417,1.0,0.479,0.519,neutral,neutral,0.406,0.341,True,hesitant,1890.01,684338.63,0.0001,0.1869,1.0,0.331
18181.386947631836,0.463,0.539,0.572,0.416,1.0,0.474,0.544,neutral,neutral,0.406,0.341,True,hesitant,1890.01,684338.63,0.0001,0.1869,1.0,0.331
18214.169025421143,0.466,0.546,0.569,0.415,1.0,0.492,0.531,neutral,neutral,0.407,0.357,True,hesitant,1890.01,684338.63,0.0001,0.1869,1.0,0.331
18348.27208518982,0.472,0.549,0.569,0.43,1.0,0.542,0.566,neutral,neutral,0.407,0.357,True,hesitant,1890.01,684338.63,0.0001,0.1869,1.0,0.331
18377.72822380066,0.469,0.545,0.569,0.425,1.0,0.525,0.57,neutral,neutral,0.407,0.357,True,hesitant,1890.01,684338.63,0.0001,0.1869,1.0,0.331
18407.98330307007,0.47,0.544,0.569,0.43,1.0,0.509,0.55,neutral,neutral,0.391,0.328,True,hesitant,1890.01,684338.63,0.0001,0.1869,1.0,0.331
18542.006015777588,0.468,0.542,0.569,0.425,1.0,0.491,0.546,neutral,neutral,0.391,0.328,True,hesitant,1890.01,684338.63,0.0001,0.1869,1.0,0.331
18569.497108459473,0.47,0.556,0.569,0.415,1.0,0.46,0.433,neutral,neutral,0.391,0.328,True,hesitant,1890.01,684338.63,0.0001,0.1869,1.0,0.331
18600.016355514526,0.46,0.542,0.572,0.402,1.0,0.432,0.488,neutral,neutral,0.41,0.346,True,hesitant,1890.01,684338.63,0.0001,0.1869,1.0,0.331
18726.336002349854,0.453,0.512,0.572,0.412,1.0,0.466,0.692,neutral,neutral,0.41,0.346,True,hesitant,1890.01,684338.63,0.0001,0.1869,1.0,0.331
18755.302667617798,0.431,0.464,0.572,0.396,1.0,0.413,0.909,neutral,neutral,0.41,0.346,True,hesitant,1890.01,684338.63,0.0001,0.1869,1.0,0.331
18789.4446849823,0.423,0.453,0.567,0.377,1.0,0.365,0.932,neutral,neutral,0.401,0.357,True,hesitant,1890.01,684338.63,0.0001,0.1869,1.0,0.331
19039.5188331604,0.42,0.444,0.567,0.376,1.0,0.364,0.977,neutral,neutral,0.401,0.357,True,hesitant,1890.01,684338.63,0.0001,0.1869,1.0,0.331
19093.079328536987,0.42,0.443,0.567,0.378,1.0,0.369,0.992,neutral,neutral,0.401,0.357,True,hesitant,1890.01,684338.63,0.0001,0.1869,1.0,0.331
19134.114980697632,0.429,0.455,0.57,0.396,1.0,0.372,0.9,neutral,neutral,0.384,0.309,True,hesitant,1890.01,684338.63,0.0001,0.1869,1.0,0.331
19608.62684249878,0.428,0.457,0.57,0.393,1.0,0.365,0.883,neutral,neutral,0.384,0.309,True,hesitant,1890.01,684338.63,0.0001,0.1869,1.0,0.331
19665.184020996094,0.429,0.458,0.57,0.394,1.0,0.368,0.88,neutral,neutral,0.384,0.309,True,hesitant,1890.01,684338.63,0.0001,0.1869,1.0,0.331
19717.82875061035,0.421,0.465,0.576,0.365,1.0,0.358,0.854,neutral,neutral,0.403,0.376,True,hesitant,2285.71,0.0,0.0,0.2009,1.0,0.265
20008.506298065186,0.425,0.466,0.576,0.378,1.0,0.401,0.893,neutral,neutral,0.403,0.376,True,hesitant,2285.71,0.0,0.0,0.2009,1.0,0.265
20058.151483535767,0.424,0.458,0.576,0.384,1.0,0.42,0.956,neutral,neutral,0.403,0.376,True,hesitant,2285.71,0.0,0.0,0.2009,1.0,0.265
20104.35652732849,0.423,0.456,0.588,0.399,1.0,0.436,0.967,neutral,neutral,0.417,0.353,True,hesitant,2285.71,0.0,0.0,0.2009,1.0,0.265
20349.66540336609,0.421,0.452,0.588,0.395,1.0,0.422,0.973,neutral,neutral,0.417,0.353,True,hesitant,2285.71,0.0,0.0,0.2009,1.0,0.265
20393.003463745117,0.421,0.458,0.588,0.389,1.0,0.401,0.922,neutral,neutral,0.417,0.353,True,hesitant,2285.71,0.0,0.0,0.2009,1.0,0.265
20435.99534034729,0.437,0.492,0.576,0.387,1.0,0.383,0.718,neutral,neutral,0.383,0.338,True,hesitant,2285.71,0.0,0.0,0.2009,1.0,0.265
20650.339365005493,0.452,0.534,0.576,0.39,1.0,0.392,0.507,neutral,neutral,0.383,0.338,True,hesitant,2285.71,0.0,0.0,0.2009,1.0,0.265
20700.11258125305,0.448,0.523,0.576,0.39,1.0,0.392,0.569,neutral,neutral,0.383,0.338,True,hesitant,2285.71,0.0,0.0,0.2009,1.0,0.265
20745.26023864746,0.456,0.536,0.578,0.402,1.0,0.424,0.53,neutral,neutral,0.384,0.334,True,hesitant,2285.71,0.0,0.0,0.2009,1.0,0.265
20956.254720687866,0.456,0.536,0.578,0.402,1.0,0.423,0.525,neutral,neutral,0.384,0.334,True,hesitant,2285.71,0.0,0.0,0.2009,1.0,0.265
20994.670629501343,0.458,0.54,0.578,0.403,1.0,0.428,0.516,neutral,neutral,0.384,0.334,True,hesitant,2285.71,0.0,0.0,0.2009,1.0,0.265
21023.946046829224,0.463,0.543,0.578,0.416,1.0,0.449,0.512,neutral,neutral,0.374,0.315,True,hesitant,2285.71,0.0,0.0,0.2009,1.0,0.265
21151.228189468384,0.46,0.529,0.578,0.425,1.0,0.479,0.616,neutral,neutral,0.374,0.315,True,hesitant,2285.71,0.0,0.0,0.2009,1.0,0.265
21180.36127090454,0.45,0.509,0.578,0.414,1.0,0.443,0.683,neutral,neutral,0.374,0.315,True,hesitant,2285.71,0.0,0.0,0.2009,1.0,0.265
28830.018281936646,0.466,0.488,0.555,0.465,1.0,0.317,0.803,neutral,surprise,0.509,0.099,True,hesitant,2240.72,90082.3,0.0,0.1994,1.0,0.427
28860.085248947144,0.466,0.487,0.555,0.467,1.0,0.323,0.813,neutral,surprise,0.509,0.099,True,hesitant,2240.72,90082.3,0.0,0.1994,1.0,0.427
28897.162914276123,0.479,0.487,0.529,0.478,1.0,0.312,0.81,neutral,surprise,0.406,0.054,True,hesitant,2240.72,90082.3,0.0,0.1994,1.0,0.427
29027.308225631714,0.479,0.489,0.529,0.476,1.0,0.308,0.794,neutral,surprise,0.406,0.054,True,hesitant,2240.72,90082.3,0.0,0.1994,1.0,0.427
29057.141542434692,0.481,0.495,0.529,0.476,1.0,0.308,0.766,neutral,surprise,0.406,0.054,True,hesitant,2240.72,90082.3,0.0,0.1994,1.0,0.427
29085.72006225586,0.501,0.529,0.513,0.486,1.0,0.319,0.621,neutral,surprise,0.337,0.04,False,hesitant,2240.72,90082.3,0.0,0.1994,1.0,0.427
29214.078664779663,0.492,0.513,0.513,0.475,1.0,0.282,0.657,neutral,surprise,0.337,0.04,False,hesitant,2240.72,90082.3,0.0,0.1994,1.0,0.427
29247.148752212524,0.502,0.511,0.513,0.508,1.0,0.393,0.776,neutral,surprise,0.337,0.04,False,hesitant,2240.72,90082.3,0.0,0.1994,1.0,0.427
29278.343439102173,0.471,0.487,0.535,0.459,1.0,0.324,0.814,neutral,surprise,0.444,0.112,False,hesitant,2240.72,90082.3,0.0,0.1994,1.0,0.427
29408.308506011963,0.468,0.486,0.535,0.45,1.0,0.293,0.789,neutral,surprise,0.444,0.112,False,hesitant,2240.72,90082.3,0.0,0.1994,1.0,0.427
29437.440395355225,0.465,0.483,0.535,0.444,1.0,0.272,0.783,neutral,surprise,0.444,0.112,False,hesitant,2240.72,90082.3,0.0,0.1994,1.0,0.427
29465.70062637329,0.464,0.491,0.55,0.45,1.0,0.245,0.723,neutral,surprise,0.489,0.071,True,hesitant,2240.72,90082.3,0.0,0.1994,1.0,0.427
29585.57367324829,0.492,0.522,0.55,0.505,1.0,0.428,0.759,neutral,surprise,0.489,0.071,True,hesitant,2240.72,90082.3,0.0,0.1994,1.0,0.427
29618.41917037964,0.49,0.521,0.55,0.501,1.0,0.415,0.75,neutral,surprise,0.489,0.071,True,hesitant,2240.72,90082.3,0.0,0.1994,1.0,0.427
29647.106409072876,0.488,0.513,0.533,0.485,1.0,0.405,0.774,neutral,surprise,0.438,0.105,False,hesitant,2240.72,90082.3,0.0,0.1994,1.0,0.427
29772.855758666992,0.487,0.506,0.533,0.488,1.0,0.412,0.815,neutral,surprise,0.438,0.105,False,hesitant,2240.72,90082.3,0.0,0.1994,1.0,0.427
29804.56018447876,0.485,0.505,0.533,0.482,1.0,0.394,0.801,neutral,surprise,0.438,0.105,False,hesitant,2240.72,90082.3,0.0,0.1994,1.0,0.427
29840.247631072998,0.483,0.5,0.527,0.475,1.0,0.398,0.827,neutral,surprise,0.424,0.126,False,hesitant,2240.72,90082.3,0.0,0.1994,1.0,0.427
29955.424308776855,0.495,0.501,0.527,0.515,1.0,0.532,0.955,neutral,surprise,0.424,0.126,False,hesitant,2240.72,90082.3,0.0,0.1994,1.0,0.427
29987.26987838745,0.509,0.517,0.527,0.542,1.0,0.62,0.966,neutral,surprise,0.424,0.126,False,hesitant,2240.72,90082.3,0.0,0.1994,1.0,0.427
30017.290353775024,0.523,0.534,0.468,0.499,1.0,0.653,0.921,neutral,surprise,0.307,0.257,False,hesitant,2240.72,90082.3,0.0,0.1994,1.0,0.427
30141.724824905396,0.53,0.55,0.468,0.506,1.0,0.674,0.856,neutral,surprise,0.307,0.257,False,hesitant,2240.72,90082.3,0.0,0.1994,1.0,0.427
30170.950889587402,0.5,0.51,0.468,0.45,1.0,0.488,0.874,neutral,surprise,0.307,0.257,False,hesitant,2240.72,90082.3,0.0,0.1994,1.0,0.427
30201.53498649597,0.462,0.46,0.565,0.495,1.0,0.377,0.995,neutral,surprise,0.544,0.065,True,hesitant,2240.72,90082.3,0.0,0.1994,1.0,0.427
30416.350841522217,0.464,0.463,0.565,0.5,1.0,0.394,1.0,neutral,surprise,0.544,0.065,True,hesitant,2240.72,90082.3,0.0,0.1994,1.0,0.427
30452.44002342224,0.47,0.468,0.588,0.541,1.0,0.465,1.0,neutral,surprise,0.544,0.065,True,hesitant,1150.11,967831.18,0.0065,0.1699,0.714,0.4
30494.38190460205,0.492,0.482,0.547,0.55,1.0,0.48,0.951,neutral,surprise,0.35,0.044,False,hesitant,1150.11,967831.18,0.0065,0.1699,0.714,0.4
30628.101587295532,0.492,0.479,0.547,0.553,1.0,0.49,0.976,neutral,surprise,0.35,0.044,False,hesitant,1150.11,967831.18,0.0065,0.1699,0.714,0.4
30657.58514404297,0.495,0.485,0.547,0.555,1.0,0.497,0.949,neutral,surprise,0.35,0.044,False,hesitant,1150.11,967831.18,0.0065,0.1699,0.714,0.4
30687.309741973877,0.496,0.493,0.536,0.537,1.0,0.492,0.901,neutral,surprise,0.331,0.092,False,hesitant,1150.11,967831.18,0.0065,0.1699,0.714,0.4
30819.214820861816,0.487,0.473,0.536,0.529,1.0,0.466,0.979,neutral,surprise,0.331,0.092,False,hesitant,1150.11,967831.18,0.0065,0.1699,0.714,0.4
30849.830865859985,0.484,0.473,0.536,0.521,1.0,0.439,0.95,neutral,surprise,0.331,0.092,False,hesitant,1150.11,967831.18,0.0065,0.1699,0.714,0.4
30897.316932678223,0.484,0.485,0.531,0.502,1.0,0.37,0.822,neutral,surprise,0.303,0.085,True,hesitant,1150.11,967831.18,0.0065,0.1699,0.714,0.4
31020.901918411255,0.479,0.481,0.531,0.488,1.0,0.325,0.797,neutral,surprise,0.303,0.085,True,hesitant,1150.11,967831.18,0.0065,0.1699,0.714,0.4
31049.0825176239,0.478,0.477,0.531,0.489,1.0,0.326,0.817,neutral,surprise,0.303,0.085,True,hesitant,1150.11,967831.18,0.0065,0.1699,0.714,0.4
31079.350233078003,0.49,0.488,0.531,0.516,1.0,0.435,0.872,neutral,surprise,0.309,0.091,False,hesitant,1150.11,967831.18,0.0065,0.1699,0.714,0.4
31206.82644844055,0.527,0.536,0.531,0.583,1.0,0.66,0.856,neutral,surprise,0.309,0.091,False,hesitant,1150.11,967831.18,0.0065,0.1699,0.714,0.4
31235.363960266113,0.536,0.56,0.531,0.585,1.0,0.667,0.741,neutral,surprise,0.309,0.091,False,hesitant,1150.11,967831.18,0.0065,0.1699,0.714,0.4
31299.84712600708,0.561,0.575,0.534,0.656,1.0,0.828,0.831,neutral,surprise,0.305,0.068,True,hesitant,1150.11,967831.18,0.0065,0.1699,0.714,0.4
31442.275047302246,0.511,0.494,0.534,0.584,1.0,0.588,1.0,neutral,surprise,0.305,0.068,True,hesitant,1150.11,967831.18,0.0065,0.1699,0.714,0.4
31472.43642807007,0.489,0.466,0.534,0.543,1.0,0.452,1.0,neutral,surprise,0.305,0.068,True,hesitant,1150.11,967831.18,0.0065,0.1699,0.714,0.4
31502.498626708984,0.447,0.437,0.552,0.459,1.0,0.307,1.0,neutral,surprise,0.421,0.146,True,hesitant,1150.11,967831.18,0.0065,0.1699,0.714,0.4
31641.64710044861,0.452,0.443,0.552,0.468,1.0,0.34,1.0,neutral,surprise,0.421,0.146,True,hesitant,1150.11,967831.18,0.0065,0.1699,0.714,0.4
31671.287059783936,0.456,0.448,0.552,0.475,1.0,0.363,1.0,neutral,surprise,0.421,0.146,True,hesitant,1150.11,967831.18,0.0065,0.1699,0.714,0.4
31700.870275497437,0.445,0.444,0.567,0.46,1.0,0.341,1.0,neutral,disgust,0.482,0.163,True,hesitant,1150.11,967831.18,0.0065,0.1699,0.714,0.4
31830.87468147278,0.48,0.487,0.567,0.527,1.0,0.564,1.0,neutral,disgust,0.482,0.163,True,hesitant,1150.11,967831.18,0.0065,0.1699,0.714,0.4
31859.22861099243,0.488,0.497,0.567,0.541,1.0,0.61,1.0,neutral,disgust,0.482,0.163,True,hesitant,1150.11,967831.18,0.0065,0.1699,0.714,0.4
31892.897605895996,0.489,0.495,0.553,0.532,1.0,0.603,1.0,neutral,sad,0.435,0.177,True,hesitant,1150.11,967831.18,0.0065,0.1699,0.714,0.4
32069.872617721558,0.492,0.499,0.553,0.538,1.0,0.622,1.0,neutral,sad,0.435,0.177,True,hesitant,1150.11,967831.18,0.0065,0.1699,0.714,0.4
32106.21929168701,0.486,0.491,0.553,0.526,1.0,0.582,1.0,neutral,sad,0.435,0.177,True,hesitant,1150.11,967831.18,0.0065,0.1699,0.714,0.4
32140.210151672363,0.482,0.475,0.561,0.539,1.0,0.586,1.0,neutral,sad,0.412,0.173,True,hesitant,515.89,372931.56,0.0098,0.1811,0.615,0.414
32290.886163711548,0.474,0.467,0.561,0.523,1.0,0.533,1.0,neutral,sad,0.412,0.173,True,hesitant,515.89,372931.56,0.0098,0.1811,0.615,0.414
32318.679571151733,0.475,0.468,0.561,0.525,1.0,0.539,1.0,neutral,sad,0.412,0.173,True,hesitant,515.89,372931.56,0.0098,0.1811,0.615,0.414
32352.02431678772,0.467,0.483,0.541,0.456,1.0,0.45,0.825,neutral,sad,0.35,0.279,True,hesitant,515.89,372931.56,0.0098,0.1811,0.615,0.414
32485.013723373413,0.478,0.498,0.541,0.476,1.0,0.517,0.786,neutral,sad,0.35,0.279,True,hesitant,515.89,372931.56,0.0098,0.1811,0.615,0.414
32515.258073806763,0.478,0.497,0.541,0.479,1.0,0.529,0.806,neutral,sad,0.35,0.279,True,hesitant,515.89,372931.56,0.0098,0.1811,0.615,0.414
32545.926570892334,0.478,0.508,0.536,0.459,1.0,0.569,0.797,neutral,neutral,0.372,0.367,True,hesitant,515.89,372931.56,0.0098,0.1811,0.615,0.414
32664.13450241089,0.478,0.508,0.536,0.459,1.0,0.57,0.804,neutral,neutral,0.372,0.367,True,hesitant,515.89,372931.56,0.0098,0.1811,0.615,0.414
32693.429470062256,0.476,0.503,0.536,0.459,1.0,0.569,0.839,neutral,neutral,0.372,0.367,True,hesitant,515.89,372931.56,0.0098,0.1811,0.615,0.414
32725.311994552612,0.478,0.495,0.544,0.484,1.0,0.515,0.805,neutral,neutral,0.359,0.265,True,hesitant,515.89,372931.56,0.0098,0.1811,0.615,0.414
32848.292112350464,0.475,0.488,0.544,0.482,1.0,0.507,0.84,neutral,neutral,0.359,0.265,True,hesitant,515.89,372931.56,0.0098,0.1811,0.615,0.414
32878.48877906799,0.479,0.493,0.544,0.488,1.0,0.526,0.825,neutral,neutral,0.359,0.265,True,hesitant,515.89,372931.56,0.0098,0.1811,0.615,0.414
32914.35694694519,0.479,0.507,0.539,0.468,1.0,0.528,0.748,neutral,neutral,0.359,0.318,True,hesitant,515.89,372931.56,0.0098,0.1811,0.615,0.414
33048.07782173157,0.477,0.503,0.539,0.466,1.0,0.522,0.769,neutral,neutral,0.359,0.318,True,hesitant,515.89,372931.56,0.0098,0.1811,0.615,0.414
33077.16250419617,0.48,0.508,0.539,0.469,1.0,0.533,0.747,neutral,neutral,0.359,0.318,True,hesitant,515.89,372931.56,0.0098,0.1811,0.615,0.414
33107.527017593384,0.477,0.501,0.537,0.465,1.0,0.497,0.748,neutral,neutral,0.341,0.297,True,hesitant,515.89,372931.56,0.0098,0.1811,0.615,0.414
33233.299255371094,0.469,0.484,0.537,0.458,1.0,0.472,0.843,neutral,neutral,0.341,0.297,True,hesitant,515.89,372931.56,0.0098,0.1811,0.615,0.414
33264.80746269226,0.469,0.487,0.537,0.455,1.0,0.464,0.814,neutral,neutral,0.341,0.297,True,hesitant,515.89,372931.56,0.0098,0.1811,0.615,0.414
33299.35097694397,0.46,0.485,0.538,0.427,1.0,0.42,0.8,neutral,neutral,0.367,0.337,True,hesitant,515.89,372931.56,0.0098,0.1811,0.615,0.414
33421.486377716064,0.461,0.491,0.538,0.426,1.0,0.417,0.757,neutral,neutral,0.367,0.337,True,hesitant,515.89,372931.56,0.0098,0.1811,0.615,0.414
33449.29122924805,0.468,0.502,0.538,0.436,1.0,0.448,0.711,neutral,neutral,0.367,0.337,True,hesitant,515.89,372931.56,0.0098,0.1811,0.615,0.414
33478.02782058716,0.466,0.498,0.539,0.436,1.0,0.458,0.753,neutral,neutral,0.378,0.351,True,hesitant,515.89,372931.56,0.0098,0.1811,0.615,0.414
33601.28617286682,0.465,0.495,0.539,0.436,1.0,0.458,0.774,neutral,neutral,0.378,0.351,True,hesitant,515.89,372931.56,0.0098,0.1811,0.615,0.414
33633.41307640076,0.467,0.497,0.539,0.439,1.0,0.469,0.771,neutral,neutral,0.378,0.351,True,hesitant,515.89,372931.56,0.0098,0.1811,0.615,0.414
33697.996616363525,0.473,0.503,0.534,0.447,1.0,0.534,0.807,neutral,neutral,0.372,0.382,True,hesitant,515.89,372931.56,0.0098,0.1811,0.615,0.414
33877.18987464905,0.468,0.5,0.534,0.434,1.0,0.489,0.789,neutral,neutral,0.372,0.382,True,hesitant,515.89,372931.56,0.0098,0.1811,0.615,0.414
33913.95974159241,0.462,0.494,0.534,0.419,1.0,0.44,0.783,neutral,neutral,0.372,0.382,True,hesitant,515.89,372931.56,0.0098,0.1811,0.615,0.414
33948.72832298279,0.409,0.446,0.631,0.412,1.0,0.432,0.737,neutral,neutral,0.361,0.336,True,hesitant,1506.16,976731.94,0.0019,0.1975,0.923,0.294
34099.08866882324,0.411,0.45,0.631,0.413,1.0,0.436,0.711,neutral,neutral,0.361,0.336,True,hesitant,1506.16,976731.94,0.0019,0.1975,0.923,0.294
34125.7266998291,0.411,0.451,0.631,0.414,1.0,0.438,0.709,neutral,neutral,0.361,0.336,True,hesitant,1506.16,976731.94,0.0019,0.1975,0.923,0.294
34156.89754486084,0.415,0.47,0.634,0.409,1.0,0.439,0.578,neutral,neutral,0.389,0.354,True,hesitant,1506.16,976731.94,0.0019,0.1975,0.923,0.294
34285.823345184326,0.414,0.46,0.634,0.415,1.0,0.46,0.676,neutral,neutral,0.389,0.354,True,hesitant,1506.16,976731.94,0.0019,0.1975,0.923,0.294
34315.765380859375,0.406,0.451,0.634,0.401,1.0,0.415,0.693,neutral,neutral,0.389,0.354,True,hesitant,1506.16,976731.94,0.0019,0.1975,0.923,0.294
34342.79918670654,0.401,0.448,0.638,0.392,1.0,0.397,0.709,neutral,neutral,0.422,0.376,True,hesitant,1506.16,976731.94,0.0019,0.1975,0.923,0.294
34472.60761260986,0.404,0.45,0.638,0.4,1.0,0.421,0.719,neutral,neutral,0.422,0.376,True,hesitant,1506.16,976731.94,0.0019,0.1975,0.923,0.294
34501.99890136719,0.41,0.46,0.638,0.408,1.0,0.449,0.677,neutral,neutral,0.422,0.376,True,hesitant,1506.16,976731.94,0.0019,0.1975,0.923,0.294
34530.49683570862,0.412,0.468,0.634,0.401,1.0,0.442,0.608,neutral,neutral,0.403,0.374,True,hesitant,1506.16,976731.94,0.0019,0.1975,0.923,0.294
34662.29319572449,0.413,0.47,0.634,0.401,1.0,0.443,0.599,neutral,neutral,0.403,0.374,True,hesitant,1506.16,976731.94,0.0019,0.1975,0.923,0.294
34692.42525100708,0.416,0.479,0.634,0.4,1.0,0.438,0.528,neutral,neutral,0.403,0.374,True,hesitant,1506.16,976731.94,0.0019,0.1975,0.923,0.294
34719.13838386536,0.419,0.481,0.627,0.401,1.0,0.45,0.52,neutral,neutral,0.372,0.37,True,hesitant,1506.16,976731.94,0.0019,0.1975,0.923,0.294
34846.86374664307,0.409,0.469,0.627,0.381,1.0,0.382,0.542,neutral,neutral,0.372,0.37,True,hesitant,1506.16,976731.94,0.0019,0.1975,0.923,0.294
34876.52349472046,0.406,0.463,0.627,0.378,1.0,0.374,0.574,neutral,neutral,0.372,0.37,True,hesitant,1506.16,976731.94,0.0019,0.1975,0.923,0.294
34906.04019165039,0.408,0.467,0.62,0.373,1.0,0.379,0.565,neutral,neutral,0.355,0.388,True,hesitant,1506.16,976731.94,0.0019,0.1975,0.923,0.294
35117.71035194397,0.405,0.465,0.62,0.364,1.0,0.35,0.552,neutral,neutral,0.355,0.388,True,hesitant,1506.16,976731.94,0.0019,0.1975,0.923,0.294
35166.23401641846,0.404,0.464,0.62,0.363,1.0,0.347,0.556,neutral,neutral,0.355,0.388,True,hesitant,1506.16,976731.94,0.0019,0.1975,0.923,0.294
35211.342334747314,0.407,0.475,0.627,0.368,1.0,0.351,0.464,neutral,neutral,0.367,0.367,True,hesitant,1506.16,976731.94,0.0019,0.1975,0.923,0.294
35480.8623790741,0.406,0.476,0.627,0.362,1.0,0.331,0.439,neutral,neutral,0.367,0.367,True,hesitant,1506.16,976731.94,0.0019,0.1975,0.923,0.294
35525.10976791382,0.395,0.459,0.627,0.347,1.0,0.281,0.512,neutral,neutral,0.367,0.367,True,hesitant,1506.16,976731.94,0.0019,0.1975,0.923,0.294
35577.04305648804,0.416,0.474,0.628,0.4,1.0,0.26,0.656,neutral,fear,0.46,0.262,True,hesitant,2285.71,0.0,0.0,0.2004,1.0,0.266
36114.27569389343,0.414,0.464,0.628,0.406,1.0,0.28,0.725,neutral,fear,0.46,0.262,True,hesitant,2285.71,0.0,0.0,0.2004,1.0,0.266
36163.97666931152,0.398,0.413,0.628,0.411,1.0,0.297,0.997,neutral,fear,0.46,0.262,True,hesitant,2285.71,0.0,0.0,0.2004,1.0,0.266
36215.77548980713,0.456,0.41,0.529,0.493,1.0,0.311,1.0,neutral,neutral,0.0,0.5,False,hesitant,2285.71,0.0,0.0,0.2004,1.0,0.266
36273.71621131897,0.456,0.409,0.529,0.492,1.0,0.308,1.0,neutral,neutral,0.0,0.5,False,hesitant,2285.71,0.0,0.0,0.2004,1.0,0.266
36319.78225708008,0.451,0.403,0.529,0.483,1.0,0.278,1.0,neutral,neutral,0.0,0.5,False,hesitant,2285.71,0.0,0.0,0.2004,1.0,0.266
36355.76415061951,0.449,0.4,0.529,0.48,1.0,0.265,1.0,neutral,neutral,0.0,0.5,False,hesitant,2285.71,0.0,0.0,0.2004,1.0,0.266
36409.56950187683,0.45,0.402,0.529,0.482,1.0,0.272,1.0,neutral,neutral,0.0,0.5,False,hesitant,2285.71,0.0,0.0,0.2004,1.0,0.266
36453.95255088806,0.452,0.404,0.529,0.485,1.0,0.282,1.0,neutral,neutral,0.0,0.5,False,hesitant,2285.71,0.0,0.0,0.2004,1.0,0.266
36498.22902679443,0.448,0.399,0.529,0.478,1.0,0.259,1.0,neutral,neutral,0.0,0.5,False,hesitant,2285.71,0.0,0.0,0.2004,1.0,0.266
36550.39358139038,0.45,0.402,0.529,0.482,1.0,0.274,1.0,neutral,neutral,0.0,0.5,False,hesitant,2285.71,0.0,0.0,0.2004,1.0,0.266
36593.76645088196,0.451,0.403,0.529,0.483,1.0,0.278,1.0,neutral,neutral,0.0,0.5,False,hesitant,2285.71,0.0,0.0,0.2004,1.0,0.266
36633.9750289917,0.449,0.401,0.529,0.48,1.0,0.268,1.0,neutral,neutral,0.0,0.5,False,hesitant,2285.71,0.0,0.0,0.2004,1.0,0.266
36680.18198013306,0.444,0.394,0.529,0.471,1.0,0.236,1.0,neutral,neutral,0.0,0.5,False,hesitant,2285.71,0.0,0.0,0.2004,1.0,0.266
36725.71778297424,0.444,0.394,0.529,0.471,1.0,0.237,1.0,neutral,neutral,0.0,0.5,False,hesitant,2285.71,0.0,0.0,0.2004,1.0,0.266
36767.48061180115,0.445,0.395,0.529,0.472,1.0,0.241,1.0,neutral,neutral,0.0,0.5,False,hesitant,2285.71,0.0,0.0,0.2004,1.0,0.266
36821.34437561035,0.446,0.397,0.529,0.474,1.0,0.248,1.0,neutral,neutral,0.0,0.5,False,hesitant,2285.71,0.0,0.0,0.2004,1.0,0.266
36863.79623413086,0.443,0.393,0.529,0.469,1.0,0.231,1.0,neutral,neutral,0.0,0.5,False,hesitant,2285.71,0.0,0.0,0.2004,1.0,0.266
36905.45678138733,0.446,0.397,0.529,0.474,1.0,0.247,1.0,neutral,neutral,0.0,0.5,False,hesitant,2285.71,0.0,0.0,0.2004,1.0,0.266
36959.32197570801,0.452,0.405,0.529,0.486,1.0,0.287,1.0,neutral,neutral,0.0,0.5,False,hesitant,2285.71,0.0,0.0,0.2004,1.0,0.266
36996.62470817566,0.451,0.404,0.529,0.484,1.0,0.281,1.0,neutral,neutral,0.0,0.5,False,hesitant,2285.71,0.0,0.0,0.2004,1.0,0.266
37042.051553726196,0.453,0.406,0.529,0.486,1.0,0.285,0.995,neutral,neutral,0.0,0.5,False,hesitant,2285.71,0.0,0.0,0.2004,1.0,0.266
37090.21711349487,0.449,0.401,0.529,0.48,1.0,0.266,1.0,neutral,neutral,0.0,0.5,False,hesitant,2285.71,0.0,0.0,0.2004,1.0,0.266
37132.30919837952,0.461,0.431,0.529,0.485,1.0,0.283,0.87,neutral,neutral,0.0,0.5,False,hesitant,2285.71,0.0,0.0,0.2004,1.0,0.266
37169.063568115234,0.461,0.43,0.529,0.484,1.0,0.28,0.873,neutral,neutral,0.0,0.5,False,hesitant,2285.71,0.0,0.0,0.2004,1.0,0.266
37213.95230293274,0.459,0.428,0.529,0.48,1.0,0.267,0.871,neutral,neutral,0.0,0.5,False,hesitant,2285.71,0.0,0.0,0.2004,1.0,0.266
37245.9933757782,0.457,0.424,0.529,0.479,1.0,0.262,0.885,neutral,neutral,0.0,0.5,False,hesitant,2285.71,0.0,0.0,0.2004,1.0,0.266
37280.35259246826,0.459,0.427,0.529,0.482,1.0,0.274,0.88,neutral,neutral,0.0,0.5,False,hesitant,2285.71,0.0,0.0,0.2004,1.0,0.266
37319.79823112488,0.457,0.424,0.529,0.48,1.0,0.265,0.89,neutral,neutral,0.0,0.5,False,hesitant,2285.71,0.0,0.0,0.2004,1.0,0.266
37354.122161865234,0.459,0.428,0.529,0.48,1.0,0.267,0.869,neutral,neutral,0.0,0.5,False,hesitant,2285.71,0.0,0.0,0.2004,1.0,0.266
37387.956857681274,0.456,0.424,0.529,0.477,1.0,0.257,0.878,neutral,neutral,0.0,0.5,False,hesitant,2285.71,0.0,0.0,0.2004,1.0,0.266
37428.0219078064,0.457,0.426,0.529,0.478,1.0,0.261,0.872,neutral,neutral,0.0,0.5,False,hesitant,2285.71,0.0,0.0,0.2004,1.0,0.266
37462.132930755615,0.468,0.459,0.529,0.476,1.0,0.254,0.708,neutral,neutral,0.0,0.5,False,hesitant,2285.71,0.0,0.0,0.2004,1.0,0.266
37495.692014694214,0.476,0.465,0.529,0.493,1.0,0.309,0.732,neutral,neutral,0.0,0.5,False,hesitant,2285.71,0.0,0.0,0.2004,1.0,0.266
37534.483194351196,0.485,0.481,0.529,0.505,1.0,0.349,0.694,neutral,neutral,0.0,0.5,False,hesitant,2285.71,0.0,0.0,0.2004,1.0,0.266
37565.25135040283,0.494,0.491,0.529,0.525,1.0,0.417,0.717,neutral,neutral,0.0,0.5,False,hesitant,2285.71,0.0,0.0,0.2004,1.0,0.266
45032.1888923645,0.445,0.458,0.657,0.549,1.0,0.544,1.0,forward,surprise,0.476,0.045,True,hesitant,1956.74,532137.01,0.0003,0.1918,1.0,0.293
45165.73357582092,0.446,0.46,0.657,0.551,1.0,0.553,1.0,forward,surprise,0.476,0.045,True,hesitant,1956.74,532137.01,0.0003,0.1918,1.0,0.293
45198.55237007141,0.447,0.461,0.657,0.552,1.0,0.556,1.0,forward,surprise,0.476,0.045,True,hesitant,1956.74,532137.01,0.0003,0.1918,1.0,0.293
45228.91926765442,0.456,0.461,0.632,0.554,1.0,0.558,1.0,forward,surprise,0.362,0.045,True,hesitant,1956.74,532137.01,0.0003,0.1918,1.0,0.293
45359.51209068298,0.475,0.485,0.632,0.589,1.0,0.673,1.0,forward,surprise,0.362,0.045,True,hesitant,1956.74,532137.01,0.0003,0.1918,1.0,0.293
45393.9106464386,0.487,0.5,0.632,0.61,1.0,0.745,1.0,forward,surprise,0.362,0.045,True,hesitant,1956.74,532137.01,0.0003,0.1918,1.0,0.293
45427.70767211914,0.491,0.504,0.606,0.589,1.0,0.773,1.0,forward,surprise,0.314,0.119,True,hesitant,1956.74,532137.01,0.0003,0.1918,1.0,0.293
45558.41612815857,0.488,0.5,0.606,0.585,1.0,0.758,1.0,forward,surprise,0.314,0.119,True,hesitant,1956.74,532137.01,0.0003,0.1918,1.0,0.293
45587.6944065094,0.488,0.5,0.606,0.585,1.0,0.758,1.0,forward,surprise,0.314,0.119,True,hesitant,1956.74,532137.01,0.0003,0.1918,1.0,0.293
45616.69135093689,0.448,0.489,0.717,0.594,1.0,0.696,1.0,forward,disgust,0.753,0.052,True,hesitant,1956.74,532137.01,0.0003,0.1918,1.0,0.293
45751.203775405884,0.437,0.475,0.717,0.572,1.0,0.622,0.996,forward,disgust,0.753,0.052,True,hesitant,1956.74,532137.01,0.0003,0.1918,1.0,0.293
45783.87379646301,0.434,0.477,0.717,0.56,1.0,0.581,0.948,forward,disgust,0.753,0.052,True,hesitant,1956.74,532137.01,0.0003,0.1918,1.0,0.293
45817.79718399048,0.455,0.476,0.646,0.549,1.0,0.605,0.973,forward,surprise,0.461,0.104,True,hesitant,1956.74,532137.01,0.0003,0.1918,1.0,0.293
45964.354038238525,0.454,0.471,0.646,0.55,1.0,0.609,1.0,forward,surprise,0.461,0.104,True,hesitant,1956.74,532137.01,0.0003,0.1918,1.0,0.293
45993.5576915741,0.439,0.452,0.646,0.522,1.0,0.515,1.0,forward,surprise,0.461,0.104,True,hesitant,1956.74,532137.01,0.0003,0.1918,1.0,0.293
46032.34076499939,0.434,0.435,0.635,0.513,1.0,0.43,1.0,forward,surprise,0.385,0.054,False,hesitant,1956.74,532137.01,0.0003,0.1918,1.0,0.293
46171.57530784607,0.418,0.415,0.635,0.482,1.0,0.329,1.0,forward,surprise,0.385,0.054,False,hesitant,1956.74,532137.01,0.0003,0.1918,1.0,0.293
46204.22625541687,0.412,0.408,0.635,0.473,1.0,0.297,1.0,forward,surprise,0.385,0.054,False,hesitant,1956.74,532137.01,0.0003,0.1918,1.0,0.293
46232.38730430603,0.41,0.409,0.645,0.474,1.0,0.301,1.0,forward,surprise,0.43,0.059,False,hesitant,1956.74,532137.01,0.0003,0.1918,1.0,0.293
46354.1955947876,0.412,0.412,0.645,0.478,1.0,0.316,1.0,forward,surprise,0.43,0.059,False,hesitant,1956.74,532137.01,0.0003,0.1918,1.0,0.293
46387.447357177734,0.412,0.413,0.645,0.479,1.0,0.32,1.0,forward,surprise,0.43,0.059,False,hesitant,1956.74,532137.01,0.0003,0.1918,1.0,0.293
46419.24500465393,0.417,0.415,0.631,0.474,1.0,0.33,1.0,forward,surprise,0.397,0.096,False,hesitant,1956.74,532137.01,0.0003,0.1918,1.0,0.293
46606.79054260254,0.417,0.416,0.631,0.474,1.0,0.332,1.0,forward,surprise,0.397,0.096,False,hesitant,1956.74,532137.01,0.0003,0.1918,1.0,0.293
46646.89016342163,0.421,0.42,0.631,0.482,1.0,0.357,1.0,forward,surprise,0.397,0.096,False,hesitant,1956.74,532137.01,0.0003,0.1918,1.0,0.293
46684.48829650879,0.488,0.454,0.505,0.52,1.0,0.332,1.0,forward,surprise,0.326,0.031,False,hesitant,1220.32,1023649.89,0.0103,0.1668,0.604,0.442
46843.20569038391,0.484,0.448,0.505,0.512,1.0,0.306,1.0,forward,surprise,0.326,0.031,False,hesitant,1220.32,1023649.89,0.0103,0.1668,0.604,0.442
46876.251459121704,0.485,0.45,0.505,0.514,1.0,0.314,1.0,forward,surprise,0.326,0.031,False,hesitant,1220.32,1023649.89,0.0103,0.1668,0.604,0.442
46908.05220603943,0.481,0.464,0.516,0.497,1.0,0.301,0.916,forward,surprise,0.389,0.067,False,hesitant,1220.32,1023649.89,0.0103,0.1668,0.604,0.442
47040.99369049072,0.487,0.477,0.516,0.503,1.0,0.319,0.871,forward,surprise,0.389,0.067,False,hesitant,1220.32,1023649.89,0.0103,0.1668,0.604,0.442
47073.081970214844,0.499,0.511,0.516,0.504,1.0,0.324,0.711,forward,surprise,0.389,0.067,False,hesitant,1220.32,1023649.89,0.0103,0.1668,0.604,0.442
47101.35865211487,0.518,0.541,0.504,0.517,1.0,0.341,0.588,forward,surprise,0.329,0.048,False,hesitant,1220.32,1023649.89,0.0103,0.1668,0.604,0.442
47227.67353057861,0.525,0.551,0.504,0.528,1.0,0.379,0.574,forward,surprise,0.329,0.048,False,hesitant,1220.32,1023649.89,0.0103,0.1668,0.604,0.442
47257.03811645508,0.534,0.575,0.504,0.53,1.0,0.386,0.469,forward,surprise,0.329,0.048,False,hesitant,1220.32,1023649.89,0.0103,0.1668,0.604,0.442
47303.53665351868,0.52,0.56,0.525,0.526,1.0,0.373,0.528,forward,surprise,0.42,0.048,False,hesitant,1220.32,1023649.89,0.0103,0.1668,0.604,0.442
47431.89740180969,0.51,0.533,0.525,0.524,1.0,0.366,0.65,forward,surprise,0.42,0.048,False,hesitant,1220.32,1023649.89,0.0103,0.1668,0.604,0.442
47464.3828868866,0.513,0.537,0.525,0.528,1.0,0.381,0.644,forward,surprise,0.42,0.048,False,hesitant,1220.32,1023649.89,0.0103,0.1668,0.604,0.442
47499.30739402771,0.521,0.542,0.502,0.525,1.0,0.382,0.621,forward,surprise,0.327,0.058,False,hesitant,1220.32,1023649.89,0.0103,0.1668,0.604,0.442
47618.348836898804,0.522,0.545,0.502,0.524,1.0,0.38,0.603,neutral,surprise,0.327,0.058,False,hesitant,1220.32,1023649.89,0.0103,0.1668,0.604,0.442
47656.2283039093,0.52,0.541,0.502,0.52,1.0,0.365,0.613,neutral,surprise,0.327,0.058,False,hesitant,1220.32,1023649.89,0.0103,0.1668,0.604,0.442
47686.29288673401,0.516,0.536,0.498,0.51,1.0,0.354,0.621,neutral,surprise,0.322,0.078,False,hesitant,1220.32,1023649.89,0.0103,0.1668,0.604,0.442
47809.99755859375,0.515,0.537,0.498,0.505,1.0,0.338,0.6,neutral,surprise,0.322,0.078,False,hesitant,1220.32,1023649.89,0.0103,0.1668,0.604,0.442
47839.55192565918,0.515,0.534,0.498,0.507,1.0,0.343,0.616,neutral,surprise,0.322,0.078,False,hesitant,1220.32,1023649.89,0.0103,0.1668,0.604,0.442
47871.83713912964,0.508,0.534,0.484,0.468,1.0,0.344,0.612,neutral,surprise,0.329,0.191,True,hesitant,1220.32,1023649.89,0.0103,0.1668,0.604,0.442
47994.80891227722,0.506,0.53,0.484,0.467,1.0,0.341,0.628,forward,surprise,0.329,0.191,True,hesitant,1220.32,1023649.89,0.0103,0.1668,0.604,0.442
48024.940490722656,0.507,0.533,0.484,0.465,1.0,0.334,0.606,forward,surprise,0.329,0.191,True,hesitant,1220.32,1023649.89,0.0103,0.1668,0.604,0.442
48056.46347999573,0.512,0.532,0.505,0.508,1.0,0.337,0.624,neutral,surprise,0.351,0.082,True,hesitant,1220.32,1023649.89,0.0103,0.1668,0.604,0.442
48185.670137405396,0.508,0.523,0.505,0.505,1.0,0.328,0.659,neutral,surprise,0.351,0.082,True,hesitant,1220.32,1023649.89,0.0103,0.1668,0.604,0.442
48216.87650680542,0.512,0.537,0.505,0.504,1.0,0.325,0.586,neutral,surprise,0.351,0.082,True,hesitant,1220.32,1023649.89,0.0103,0.1668,0.604,0.442
48245.784282684326,0.528,0.571,0.494,0.502,1.0,0.325,0.425,neutral,surprise,0.303,0.071,True,hesitant,1220.32,1023649.89,0.0103,0.1668,0.604,0.442
48435.0266456604,0.527,0.571,0.494,0.501,1.0,0.321,0.42,neutral,surprise,0.303,0.071,True,hesitant,1220.32,1023649.89,0.0103,0.1668,0.604,0.442
48473.43349456787,0.523,0.562,0.494,0.497,1.0,0.307,0.449,neutral,surprise,0.303,0.071,True,hesitant,1220.32,1023649.89,0.0103,0.1668,0.604,0.442
48507.98773765564,0.607,0.612,0.327,0.523,1.0,0.302,0.425,neutral,surprise,0.284,0.094,False,stressed,349.62,202470.31,0.0228,0.1185,0.165,0.655
48638.92579078674,0.608,0.616,0.327,0.523,1.0,0.3,0.406,neutral,surprise,0.284,0.094,False,stressed,349.62,202470.31,0.0228,0.1185,0.165,0.655
48669.504165649414,0.609,0.62,0.327,0.522,1.0,0.299,0.387,neutral,surprise,0.284,0.094,False,stressed,349.62,202470.31,0.0228,0.1185,0.165,0.655
48700.99472999573,0.591,0.598,0.348,0.513,1.0,0.26,0.454,neutral,surprise,0.354,0.092,False,stressed,349.62,202470.31,0.0228,0.1185,0.165,0.655
48827.911615371704,0.591,0.595,0.348,0.514,1.0,0.262,0.466,neutral,surprise,0.354,0.092,False,stressed,349.62,202470.31,0.0228,0.1185,0.165,0.655
48858.391761779785,0.584,0.584,0.348,0.506,1.0,0.238,0.494,neutral,surprise,0.354,0.092,False,stressed,349.62,202470.31,0.0228,0.1185,0.165,0.655
48890.735149383545,0.584,0.579,0.345,0.506,1.0,0.233,0.514,neutral,surprise,0.344,0.094,False,stressed,349.62,202470.31,0.0228,0.1185,0.165,0.655
49011.14296913147,0.578,0.561,0.345,0.507,1.0,0.237,0.601,neutral,surprise,0.344,0.094,False,stressed,349.62,202470.31,0.0228,0.1185,0.165,0.655
49039.7253036499,0.586,0.572,0.345,0.521,1.0,0.281,0.59,neutral,surprise,0.344,0.094,False,stressed,349.62,202470.31,0.0228,0.1185,0.165,0.655
49069.77200508118,0.592,0.562,0.323,0.529,1.0,0.329,0.684,neutral,surprise,0.273,0.102,False,stressed,349.62,202470.31,0.0228,0.1185,0.165,0.655
49192.02899932861,0.594,0.564,0.323,0.533,1.0,0.344,0.691,neutral,surprise,0.273,0.102,False,stressed,349.62,202470.31,0.0228,0.1185,0.165,0.655
49221.90046310425,0.594,0.564,0.323,0.533,1.0,0.342,0.69,neutral,surprise,0.273,0.102,False,stressed,349.62,202470.31,0.0228,0.1185,0.165,0.655
49253.7739276886,0.572,0.561,0.335,0.476,1.0,0.35,0.699,neutral,sad,0.32,0.251,False,stressed,349.62,202470.31,0.0228,0.1185,0.165,0.655
49380.18202781677,0.569,0.551,0.335,0.479,1.0,0.362,0.762,neutral,sad,0.32,0.251,False,stressed,349.62,202470.31,0.0228,0.1185,0.165,0.655
49408.27250480652,0.567,0.544,0.335,0.481,1.0,0.367,0.8,neutral,sad,0.32,0.251,False,stressed,349.62,202470.31,0.0228,0.1185,0.165,0.655
49438.33804130554,0.578,0.547,0.364,0.546,1.0,0.366,0.794,neutral,surprise,0.408,0.091,True,stressed,349.62,202470.31,0.0228,0.1185,0.165,0.655
49560.68515777588,0.575,0.535,0.364,0.549,1.0,0.376,0.862,neutral,surprise,0.408,0.091,True,stressed,349.62,202470.31,0.0228,0.1185,0.165,0.655
49591.293811798096,0.564,0.527,0.364,0.524,1.0,0.292,0.817,neutral,surprise,0.408,0.091,True,stressed,349.62,202470.31,0.0228,0.1185,0.165,0.655
49623.70276451111,0.57,0.524,0.333,0.512,1.0,0.261,0.796,neutral,surprise,0.306,0.095,True,stressed,349.62,202470.31,0.0228,0.1185,0.165,0.655
49754.125356674194,0.579,0.539,0.333,0.523,1.0,0.297,0.763,neutral,surprise,0.306,0.095,True,stressed,349.62,202470.31,0.0228,0.1185,0.165,0.655
49784.76071357727,0.584,0.544,0.333,0.534,1.0,0.334,0.774,neutral,surprise,0.306,0.095,True,stressed,349.62,202470.31,0.0228,0.1185,0.165,0.655
49817.70348548889,0.587,0.562,0.339,0.529,1.0,0.345,0.699,neutral,surprise,0.327,0.116,False,stressed,349.62,202470.31,0.0228,0.1185,0.165,0.655
49943.58158111572,0.585,0.556,0.339,0.529,1.0,0.347,0.729,neutral,surprise,0.327,0.116,False,stressed,349.62,202470.31,0.0228,0.1185,0.165,0.655
49972.91970252991,0.587,0.572,0.339,0.517,1.0,0.305,0.612,neutral,surprise,0.327,0.116,False,stressed,349.62,202470.31,0.0228,0.1185,0.165,0.655
49999.70531463623,0.582,0.567,0.338,0.507,1.0,0.281,0.611,neutral,surprise,0.322,0.119,False,stressed,349.62,202470.31,0.0228,0.1185,0.165,0.655
50169.262409210205,0.583,0.565,0.338,0.512,1.0,0.295,0.635,neutral,surprise,0.322,0.119,False,stressed,349.62,202470.31,0.0228,0.1185,0.165,0.655
50207.07559585571,0.583,0.561,0.338,0.516,1.0,0.311,0.669,neutral,surprise,0.322,0.119,False,stressed,349.62,202470.31,0.0228,0.1185,0.165,0.655
50240.53406715393,0.571,0.587,0.367,0.481,1.0,0.323,0.565,neutral,surprise,0.355,0.216,False,stressed,352.16,181800.03,0.0222,0.1381,0.143,0.63
50380.36799430847,0.573,0.591,0.367,0.481,1.0,0.322,0.545,backward,surprise,0.355,0.216,False,stressed,352.16,181800.03,0.0222,0.1381,0.143,0.63
50409.38949584961,0.571,0.586,0.367,0.48,1.0,0.32,0.574,backward,surprise,0.355,0.216,False,stressed,352.16,181800.03,0.0222,0.1381,0.143,0.63
50441.86329841614,0.58,0.6,0.378,0.509,1.0,0.332,0.509,backward,surprise,0.413,0.153,False,stressed,352.16,181800.03,0.0222,0.1381,0.143,0.63
50566.23315811157,0.582,0.604,0.378,0.51,1.0,0.334,0.491,backward,surprise,0.413,0.153,False,stressed,352.16,181800.03,0.0222,0.1381,0.143,0.63
50597.00798988342,0.583,0.607,0.378,0.51,1.0,0.335,0.475,backward,surprise,0.413,0.153,False,stressed,352.16,181800.03,0.0222,0.1381,0.143,0.63
50626.038789749146,0.588,0.609,0.37,0.513,1.0,0.341,0.469,backward,surprise,0.37,0.146,False,stressed,352.16,181800.03,0.0222,0.1381,0.143,0.63
50749.754428863525,0.589,0.615,0.37,0.511,1.0,0.332,0.427,backward,surprise,0.37,0.146,False,stressed,352.16,181800.03,0.0222,0.1381,0.143,0.63
50778.55634689331,0.585,0.604,0.37,0.51,1.0,0.331,0.484,backward,surprise,0.37,0.146,False,stressed,352.16,181800.03,0.0222,0.1381,0.143,0.63
50810.44030189514,0.577,0.606,0.355,0.464,1.0,0.333,0.461,backward,surprise,0.311,0.267,False,stressed,352.16,181800.03,0.0222,0.1381,0.143,0.63
50935.61005592346,0.579,0.607,0.355,0.47,1.0,0.353,0.478,backward,surprise,0.311,0.267,False,stressed,352.16,181800.03,0.0222,0.1381,0.143,0.63
50965.548276901245,0.581,0.61,0.355,0.471,1.0,0.357,0.468,backward,surprise,0.311,0.267,False,stressed,352.16,181800.03,0.0222,0.1381,0.143,0.63
50999.16982650757,0.585,0.616,0.359,0.483,1.0,0.359,0.434,backward,surprise,0.325,0.24,False,stressed,352.16,181800.03,0.0222,0.1381,0.143,0.63
51122.19738960266,0.588,0.626,0.359,0.483,1.0,0.362,0.38,backward,surprise,0.325,0.24,False,stressed,352.16,181800.03,0.0222,0.1381,0.143,0.63
51151.90625190735,0.589,0.625,0.359,0.485,1.0,0.367,0.392,backward,surprise,0.325,0.24,False,stressed,352.16,181800.03,0.0222,0.1381,0.143,0.63
51182.09457397461,0.589,0.629,0.361,0.483,1.0,0.371,0.369,neutral,surprise,0.333,0.248,False,stressed,352.16,181800.03,0.0222,0.1381,0.143,0.63
51305.416107177734,0.591,0.635,0.361,0.483,1.0,0.371,0.335,backward,surprise,0.333,0.248,False,stressed,352.16,181800.03,0.0222,0.1381,0.143,0.63
51333.45866203308,0.59,0.632,0.361,0.483,1.0,0.369,0.345,backward,surprise,0.333,0.248,False,stressed,352.16,181800.03,0.0222,0.1381,0.143,0.63
51365.61560630798,0.592,0.635,0.358,0.483,1.0,0.371,0.331,backward,surprise,0.323,0.246,False,stressed,352.16,181800.03,0.0222,0.1381,0.143,0.63
51486.762285232544,0.589,0.631,0.358,0.478,1.0,0.354,0.34,backward,surprise,0.323,0.246,False,stressed,352.16,181800.03,0.0222,0.1381,0.143,0.63
51514.82605934143,0.592,0.634,0.358,0.484,1.0,0.375,0.343,backward,surprise,0.323,0.246,False,stressed,352.16,181800.03,0.0222,0.1381,0.143,0.63
51544.81887817383,0.59,0.629,0.362,0.489,1.0,0.378,0.377,neutral,surprise,0.336,0.239,False,stressed,352.16,181800.03,0.0222,0.1381,0.143,0.63
51665.42673110962,0.595,0.64,0.362,0.492,1.0,0.386,0.318,neutral,surprise,0.336,0.239,False,stressed,352.16,181800.03,0.0222,0.1381,0.143,0.63
51696.064710617065,0.593,0.636,0.362,0.492,1.0,0.388,0.341,neutral,surprise,0.336,0.239,False,stressed,352.16,181800.03,0.0222,0.1381,0.143,0.63
51725.50177574158,0.588,0.634,0.349,0.46,1.0,0.381,0.345,neutral,neutral,0.296,0.305,False,stressed,352.16,181800.03,0.0222,0.1381,0.143,0.63
51852.31637954712,0.587,0.633,0.349,0.46,1.0,0.381,0.352,neutral,neutral,0.296,0.305,False,stressed,352.16,181800.03,0.0222,0.1381,0.143,0.63
51904.200077056885,0.585,0.63,0.349,0.457,1.0,0.371,0.36,neutral,neutral,0.296,0.305,False,stressed,352.16,181800.03,0.0222,0.1381,0.143,0.63
51936.14220619202,0.51,0.576,0.49,0.432,1.0,0.364,0.364,neutral,surprise,0.301,0.254,False,hesitant,862.33,876065.51,0.0076,0.1689,0.681,0.413
52103.724002838135,0.51,0.578,0.49,0.43,1.0,0.36,0.348,neutral,surprise,0.301,0.254,False,hesitant,862.33,876065.51,0.0076,0.1689,0.681,0.413
52133.52823257446,0.509,0.578,0.49,0.429,1.0,0.355,0.344,neutral,surprise,0.301,0.254,False,hesitant,862.33,876065.51,0.0076,0.1689,0.681,0.413
52164.172649383545,0.508,0.577,0.484,0.419,1.0,0.351,0.344,neutral,neutral,0.295,0.275,False,hesitant,862.33,876065.51,0.0076,0.1689,0.681,0.413
52287.75691986084,0.509,0.58,0.484,0.419,1.0,0.351,0.331,neutral,neutral,0.295,0.275,False,hesitant,862.33,876065.51,0.0076,0.1689,0.681,0.413
52317.90256500244,0.509,0.578,0.484,0.42,1.0,0.352,0.342,neutral,neutral,0.295,0.275,False,hesitant,862.33,876065.51,0.0076,0.1689,0.681,0.413
52352.45490074158,0.503,0.569,0.487,0.416,1.0,0.344,0.381,neutral,neutral,0.303,0.277,False,hesitant,862.33,876065.51,0.0076,0.1689,0.681,0.413
52484.41576957703,0.496,0.559,0.487,0.403,1.0,0.299,0.39,neutral,neutral,0.303,0.277,False,hesitant,862.33,876065.51,0.0076,0.1689,0.681,0.413
52517.44246482849,0.49,0.554,0.487,0.387,1.0,0.247,0.364,neutral,neutral,0.303,0.277,False,hesitant,862.33,876065.51,0.0076,0.1689,0.681,0.413
52547.33347892761,0.487,0.541,0.492,0.401,1.0,0.257,0.44,backward,surprise,0.305,0.251,False,hesitant,862.33,876065.51,0.0076,0.1689,0.681,0.413
52672.80697822571,0.497,0.557,0.492,0.415,1.0,0.305,0.402,backward,surprise,0.305,0.251,False,hesitant,862.33,876065.51,0.0076,0.1689,0.681,0.413
52705.29341697693,0.491,0.54,0.492,0.414,1.0,0.301,0.488,backward,surprise,0.305,0.251,False,hesitant,862.33,876065.51,0.0076,0.1689,0.681,0.413
52737.066984176636,0.486,0.536,0.487,0.395,1.0,0.285,0.498,backward,neutral,0.311,0.288,False,hesitant,862.33,876065.51,0.0076,0.1689,0.681,0.413
52859.028339385986,0.484,0.531,0.487,0.397,1.0,0.292,0.528,backward,neutral,0.311,0.288,False,hesitant,862.33,876065.51,0.0076,0.1689,0.681,0.413
52893.49150657654,0.482,0.521,0.487,0.4,1.0,0.302,0.591,backward,neutral,0.311,0.288,False,hesitant,862.33,876065.51,0.0076,0.1689,0.681,0.413
52923.078775405884,0.479,0.515,0.511,0.427,1.0,0.304,0.615,backward,surprise,0.347,0.221,False,hesitant,862.33,876065.51,0.0076,0.1689,0.681,0.413
53052.1285533905,0.477,0.509,0.511,0.425,1.0,0.296,0.644,backward,surprise,0.347,0.221,False,hesitant,862.33,876065.51,0.0076,0.1689,0.681,0.413
53083.725452423096,0.474,0.501,0.511,0.426,1.0,0.299,0.686,backward,surprise,0.347,0.221,False,hesitant,862.33,876065.51,0.0076,0.1689,0.681,0.413
53115.28539657593,0.476,0.501,0.523,0.446,1.0,0.303,0.687,backward,surprise,0.364,0.174,False,hesitant,862.33,876065.51,0.0076,0.1689,0.681,0.413
53238.1317615509,0.475,0.499,0.523,0.445,1.0,0.3,0.698,backward,surprise,0.364,0.174,False,hesitant,862.33,876065.51,0.0076,0.1689,0.681,0.413
53267.71354675293,0.47,0.495,0.523,0.434,1.0,0.264,0.681,backward,surprise,0.364,0.174,False,hesitant,862.33,876065.51,0.0076,0.1689,0.681,0.413
53298.094511032104,0.474,0.5,0.494,0.405,1.0,0.264,0.661,backward,surprise,0.307,0.246,True,hesitant,862.33,876065.51,0.0076,0.1689,0.681,0.413
53420.99165916443,0.474,0.502,0.494,0.404,1.0,0.259,0.643,backward,surprise,0.307,0.246,True,hesitant,862.33,876065.51,0.0076,0.1689,0.681,0.413
53449.7184753418,0.479,0.514,0.494,0.406,1.0,0.268,0.588,backward,surprise,0.307,0.246,True,hesitant,862.33,876065.51,0.0076,0.1689,0.681,0.413
53483.6266040802,0.481,0.514,0.499,0.419,1.0,0.279,0.599,backward,surprise,0.309,0.221,True,hesitant,862.33,876065.51,0.0076,0.1689,0.681,0.413
53606.20713233948,0.492,0.54,0.499,0.426,1.0,0.302,0.488,backward,surprise,0.309,0.221,True,hesitant,862.33,876065.51,0.0076,0.1689,0.681,0.413
53639.48607444763,0.489,0.532,0.499,0.425,1.0,0.299,0.526,backward,surprise,0.309,0.221,True,hesitant,862.33,876065.51,0.0076,0.1689,0.681,0.413
53689.37659263611,0.476,0.536,0.498,0.377,1.0,0.302,0.503,backward,neutral,0.314,0.289,True,hesitant,2058.29,409191.38,0.0,0.1959,1.0,0.377
53863.58094215393,0.485,0.554,0.498,0.385,1.0,0.33,0.441,backward,neutral,0.314,0.289,True,hesitant,2058.29,409191.38,0.0,0.1959,1.0,0.377
53893.41926574707,0.486,0.555,0.498,0.388,1.0,0.34,0.443,backward,neutral,0.314,0.289,True,hesitant,2058.29,409191.38,0.0,0.1959,1.0,0.377
53924.89576339722,0.487,0.559,0.503,0.39,1.0,0.33,0.412,backward,neutral,0.32,0.277,False,hesitant,2058.29,409191.38,0.0,0.1959,1.0,0.377
54045.645236968994,0.492,0.569,0.503,0.395,1.0,0.348,0.378,backward,neutral,0.32,0.277,False,hesitant,2058.29,409191.38,0.0,0.1959,1.0,0.377
54077.55422592163,0.491,0.57,0.503,0.393,1.0,0.342,0.367,backward,neutral,0.32,0.277,False,hesitant,2058.29,409191.38,0.0,0.1959,1.0,0.377
54106.9233417511,0.491,0.566,0.503,0.395,1.0,0.322,0.365,backward,surprise,0.31,0.258,True,hesitant,2058.29,409191.38,0.0,0.1959,1.0,0.377
54227.99634933472,0.492,0.571,0.503,0.395,1.0,0.321,0.342,backward,surprise,0.31,0.258,True,hesitant,2058.29,409191.38,0.0,0.1959,1.0,0.377
54260.97583770752,0.492,0.571,0.503,0.395,1.0,0.321,0.342,backward,surprise,0.31,0.258,True,hesitant,2058.29,409191.38,0.0,0.1959,1.0,0.377
54299.52383041382,0.492,0.572,0.507,0.398,1.0,0.328,0.342,backward,surprise,0.317,0.254,True,hesitant,2058.29,409191.38,0.0,0.1959,1.0,0.377
54541.14842414856,0.497,0.581,0.507,0.403,1.0,0.343,0.311,backward,surprise,0.317,0.254,True,hesitant,2058.29,409191.38,0.0,0.1959,1.0,0.377
54602.57649421692,0.499,0.586,0.507,0.406,1.0,0.354,0.296,backward,surprise,0.317,0.254,True,hesitant,2058.29,409191.38,0.0,0.1959,1.0,0.377
54652.05764770508,0.503,0.592,0.497,0.4,1.0,0.38,0.294,backward,neutral,0.313,0.29,False,hesitant,2058.29,409191.38,0.0,0.1959,1.0,0.377
54935.97674369812,0.506,0.599,0.497,0.401,1.0,0.384,0.26,backward,neutral,0.313,0.29,False,hesitant,2058.29,409191.38,0.0,0.1959,1.0,0.377
54982.06615447998,0.506,0.6,0.497,0.401,1.0,0.384,0.258,backward,neutral,0.313,0.29,False,hesitant,2058.29,409191.38,0.0,0.1959,1.0,0.377
55032.10091590881,0.51,0.604,0.494,0.404,1.0,0.385,0.239,backward,neutral,0.301,0.283,True,hesitant,2058.29,409191.38,0.0,0.1959,1.0,0.377
55305.553913116455,0.513,0.61,0.494,0.408,1.0,0.399,0.219,backward,neutral,0.301,0.283,True,hesitant,2058.29,409191.38,0.0,0.1959,1.0,0.377
55354.41088676453,0.507,0.592,0.494,0.408,1.0,0.398,0.313,backward,neutral,0.301,0.283,True,hesitant,2058.29,409191.38,0.0,0.1959,1.0,0.377
55409.3964099884,0.474,0.567,0.553,0.396,1.0,0.384,0.321,backward,neutral,0.305,0.302,True,hesitant,2285.71,0.0,0.0,0.201,1.0,0.265
55833.356618881226,0.472,0.56,0.553,0.399,1.0,0.394,0.367,backward,neutral,0.305,0.302,True,hesitant,2285.71,0.0,0.0,0.201,1.0,0.265
55878.25059890747,0.474,0.564,0.553,0.399,1.0,0.394,0.349,backward,neutral,0.305,0.302,True,hesitant,2285.71,0.0,0.0,0.201,1.0,0.265
55920.70555686951,0.472,0.564,0.554,0.395,1.0,0.394,0.348,backward,neutral,0.314,0.313,True,hesitant,2285.71,0.0,0.0,0.201,1.0,0.265
56130.2387714386,0.463,0.55,0.554,0.382,1.0,0.351,0.377,backward,neutral,0.314,0.313,True,hesitant,2285.71,0.0,0.0,0.201,1.0,0.265
56172.09768295288,0.459,0.544,0.554,0.376,1.0,0.332,0.387,backward,neutral,0.314,0.313,True,hesitant,2285.71,0.0,0.0,0.201,1.0,0.265
56211.2181186676,0.439,0.533,0.678,0.465,1.0,0.329,0.434,backward,contempt,0.594,0.272,True,hesitant,2285.71,0.0,0.0,0.201,1.0,0.265
56399.89137649536,0.439,0.533,0.678,0.466,1.0,0.333,0.436,backward,contempt,0.594,0.272,True,hesitant,2285.71,0.0,0.0,0.201,1.0,0.265
56450.16646385193,0.439,0.533,0.678,0.466,1.0,0.334,0.44,backward,contempt,0.594,0.272,True,hesitant,2285.71,0.0,0.0,0.201,1.0,0.265
56486.278772354126,0.436,0.527,0.682,0.467,1.0,0.306,0.438,backward,contempt,0.602,0.265,True,hesitant,2285.71,0.0,0.0,0.201,1.0,0.265
56687.2673034668,0.432,0.519,0.682,0.462,1.0,0.291,0.463,backward,contempt,0.602,0.265,True,hesitant,2285.71,0.0,0.0,0.201,1.0,0.265
56731.95505142212,0.436,0.523,0.682,0.472,1.0,0.325,0.478,backward,contempt,0.602,0.265,True,hesitant,2285.71,0.0,0.0,0.201,1.0,0.265
56771.209716796875,0.446,0.533,0.683,0.494,1.0,0.381,0.489,backward,contempt,0.607,0.279,True,hesitant,2285.71,0.0,0.0,0.201,1.0,0.265
56968.49489212036,0.454,0.554,0.683,0.498,1.0,0.393,0.393,backward,contempt,0.607,0.279,True,hesitant,2285.71,0.0,0.0,0.201,1.0,0.265
57017.353773117065,0.455,0.557,0.683,0.498,1.0,0.392,0.375,backward,contempt,0.607,0.279,True,hesitant,2285.71,0.0,0.0,0.201,1.0,0.265
57059.57269668579,0.444,0.557,0.713,0.496,1.0,0.393,0.373,backward,contempt,0.673,0.217,True,hesitant,2285.71,0.0,0.0,0.201,1.0,0.265
57275.68697929382,0.446,0.559,0.713,0.501,1.0,0.409,0.383,backward,contempt,0.673,0.217,True,hesitant,2285.71,0.0,0.0,0.201,1.0,0.265
57318.39156150818,0.448,0.559,0.713,0.505,1.0,0.421,0.39,backward,contempt,0.673,0.217,True,hesitant,2285.71,0.0,0.0,0.201,1.0,0.265
57359.190464019775,0.446,0.563,0.72,0.502,1.0,0.419,0.371,backward,contempt,0.692,0.214,True,hesitant,2285.71,0.0,0.0,0.201,1.0,0.265
57603.92737388611,0.49,0.581,0.606,0.497,1.0,0.395,0.377,backward,contempt,0.692,0.214,True,hesitant,1312.06,1108558.16,0.0007,0.1451,1.0,0.43
57638.39030265808,0.483,0.567,0.606,0.488,1.0,0.367,0.425,backward,contempt,0.692,0.214,True,hesitant,1312.06,1108558.16,0.0007,0.1451,1.0,0.43
57700.151681900024,0.479,0.562,0.511,0.369,1.0,0.352,0.453,backward,neutral,0.422,0.364,False,hesitant,1312.06,1108558.16,0.0007,0.1451,1.0,0.43
72189.47696685791,0.466,0.566,0.621,0.451,1.0,0.343,0.27,backward,surprise,0.383,0.144,False,hesitant,1856.84,655892.26,0.0,0.1916,1.0,0.281
72326.91836357117,0.464,0.562,0.621,0.449,1.0,0.336,0.285,backward,surprise,0.383,0.144,False,hesitant,1856.84,655892.26,0.0,0.1916,1.0,0.281
72357.81908035278,0.462,0.553,0.621,0.451,1.0,0.343,0.338,backward,surprise,0.383,0.144,False,hesitant,1856.84,655892.26,0.0,0.1916,1.0,0.281
72388.24319839478,0.458,0.548,0.636,0.463,1.0,0.323,0.343,backward,surprise,0.409,0.101,False,hesitant,1856.84,655892.26,0.0,0.1916,1.0,0.281
72511.99173927307,0.456,0.545,0.636,0.461,1.0,0.319,0.356,backward,surprise,0.409,0.101,False,hesitant,1856.84,655892.26,0.0,0.1916,1.0,0.281
72542.61589050293,0.456,0.545,0.636,0.461,1.0,0.318,0.355,backward,surprise,0.409,0.101,False,hesitant,1856.84,655892.26,0.0,0.1916,1.0,0.281
72576.28202438354,0.454,0.547,0.649,0.466,1.0,0.318,0.349,backward,surprise,0.448,0.089,False,hesitant,1856.84,655892.26,0.0,0.1916,1.0,0.281
72704.54120635986,0.454,0.545,0.649,0.469,1.0,0.326,0.362,backward,surprise,0.448,0.089,False,hesitant,1856.84,655892.26,0.0,0.1916,1.0,0.281
72740.69023132324,0.455,0.547,0.649,0.47,1.0,0.329,0.359,backward,surprise,0.448,0.089,False,hesitant,1856.84,655892.26,0.0,0.1916,1.0,0.281
72770.91121673584,0.456,0.556,0.659,0.473,1.0,0.334,0.321,backward,fear,0.485,0.084,False,hesitant,1856.84,655892.26,0.0,0.1916,1.0,0.281
72896.69036865234,0.455,0.557,0.659,0.468,1.0,0.316,0.3,backward,fear,0.485,0.084,False,hesitant,1856.84,655892.26,0.0,0.1916,1.0,0.281
72925.51732063293,0.456,0.557,0.659,0.473,1.0,0.332,0.311,backward,fear,0.485,0.084,False,hesitant,1856.84,655892.26,0.0,0.1916,1.0,0.281
72954.89740371704,0.459,0.557,0.643,0.463,1.0,0.327,0.307,backward,surprise,0.439,0.107,False,hesitant,1856.84,655892.26,0.0,0.1916,1.0,0.281
73094.50244903564,0.457,0.553,0.643,0.46,1.0,0.317,0.316,backward,surprise,0.439,0.107,False,hesitant,1856.84,655892.26,0.0,0.1916,1.0,0.281
73122.40147590637,0.453,0.546,0.643,0.458,1.0,0.31,0.342,backward,surprise,0.439,0.107,False,hesitant,1856.84,655892.26,0.0,0.1916,1.0,0.281
73151.97157859802,0.447,0.552,0.681,0.473,1.0,0.312,0.32,backward,fear,0.562,0.063,True,hesitant,1856.84,655892.26,0.0,0.1916,1.0,0.281
73284.98601913452,0.451,0.562,0.681,0.474,1.0,0.314,0.275,backward,fear,0.562,0.063,True,hesitant,1856.84,655892.26,0.0,0.1916,1.0,0.281
73314.85104560852,0.449,0.562,0.681,0.468,1.0,0.293,0.254,backward,fear,0.562,0.063,True,hesitant,1856.84,655892.26,0.0,0.1916,1.0,0.281
73346.72093391418,0.45,0.563,0.677,0.468,1.0,0.288,0.246,backward,fear,0.545,0.059,True,hesitant,1856.84,655892.26,0.0,0.1916,1.0,0.281
73477.84447669983,0.451,0.564,0.677,0.468,1.0,0.289,0.242,backward,fear,0.545,0.059,True,hesitant,1856.84,655892.26,0.0,0.1916,1.0,0.281
73508.14056396484,0.451,0.564,0.677,0.469,1.0,0.291,0.243,backward,fear,0.545,0.059,True,hesitant,1856.84,655892.26,0.0,0.1916,1.0,0.281
73540.11511802673,0.452,0.567,0.678,0.471,1.0,0.291,0.227,backward,fear,0.549,0.053,True,hesitant,1856.84,655892.26,0.0,0.1916,1.0,0.281
73721.5223312378,0.462,0.573,0.654,0.467,1.0,0.267,0.24,backward,fear,0.549,0.053,True,hesitant,1878.46,632205.8,0.0012,0.1854,0.934,0.309
73757.31468200684,0.463,0.576,0.654,0.467,1.0,0.266,0.225,backward,fear,0.549,0.053,True,hesitant,1878.46,632205.8,0.0012,0.1854,0.934,0.309
73790.46082496643,0.463,0.577,0.652,0.464,1.0,0.254,0.206,backward,fear,0.54,0.053,True,hesitant,1878.46,632205.8,0.0012,0.1854,0.934,0.309
73921.40793800354,0.466,0.583,0.652,0.466,1.0,0.263,0.189,backward,fear,0.54,0.053,True,hesitant,1878.46,632205.8,0.0012,0.1854,0.934,0.309
73949.7811794281,0.467,0.584,0.652,0.469,1.0,0.271,0.19,backward,fear,0.54,0.053,True,hesitant,1878.46,632205.8,0.0012,0.1854,0.934,0.309
73978.83176803589,0.472,0.585,0.619,0.447,1.0,0.279,0.182,backward,surprise,0.455,0.123,True,hesitant,1878.46,632205.8,0.0012,0.1854,0.934,0.309
74104.243516922,0.474,0.589,0.619,0.448,1.0,0.284,0.168,backward,surprise,0.455,0.123,True,hesitant,1878.46,632205.8,0.0012,0.1854,0.934,0.309
74135.90049743652,0.473,0.586,0.619,0.45,1.0,0.289,0.188,backward,surprise,0.455,0.123,True,hesitant,1878.46,632205.8,0.0012,0.1854,0.934,0.309
74165.46869277954,0.475,0.579,0.608,0.45,1.0,0.306,0.235,backward,surprise,0.426,0.137,True,hesitant,1878.46,632205.8,0.0012,0.1854,0.934,0.309
74302.14786529541,0.474,0.571,0.608,0.456,1.0,0.327,0.295,backward,surprise,0.426,0.137,True,hesitant,1878.46,632205.8,0.0012,0.1854,0.934,0.309
74333.65392684937,0.475,0.568,0.608,0.462,1.0,0.346,0.328,backward,surprise,0.426,0.137,True,hesitant,1878.46,632205.8,0.0012,0.1854,0.934,0.309
74365.34547805786,0.473,0.569,0.625,0.476,1.0,0.351,0.335,backward,surprise,0.468,0.11,False,hesitant,1878.46,632205.8,0.0012,0.1854,0.934,0.309
74484.7776889801,0.473,0.567,0.625,0.477,1.0,0.356,0.349,backward,surprise,0.468,0.11,False,hesitant,1878.46,632205.8,0.0012,0.1854,0.934,0.309
74514.34803009033,0.47,0.554,0.625,0.482,1.0,0.372,0.425,backward,surprise,0.468,0.11,False,hesitant,1878.46,632205.8,0.0012,0.1854,0.934,0.309
74545.86791992188,0.474,0.557,0.611,0.476,1.0,0.382,0.419,backward,surprise,0.435,0.137,True,hesitant,1878.46,632205.8,0.0012,0.1854,0.934,0.309
74685.51540374756,0.473,0.555,0.611,0.476,1.0,0.383,0.426,backward,surprise,0.435,0.137,True,hesitant,1878.46,632205.8,0.0012,0.1854,0.934,0.309
74720.77083587646,0.473,0.556,0.611,0.474,1.0,0.376,0.416,backward,surprise,0.435,0.137,True,hesitant,1878.46,632205.8,0.0012,0.1854,0.934,0.309
74750.65279006958,0.469,0.554,0.619,0.473,1.0,0.369,0.424,backward,surprise,0.455,0.127,True,hesitant,1878.46,632205.8,0.0012,0.1854,0.934,0.309
74888.10777664185,0.469,0.553,0.619,0.473,1.0,0.369,0.427,backward,surprise,0.455,0.127,True,hesitant,1878.46,632205.8,0.0012,0.1854,0.934,0.309
74916.40186309814,0.465,0.542,0.619,0.472,1.0,0.368,0.477,backward,surprise,0.455,0.127,True,hesitant,1878.46,632205.8,0.0012,0.1854,0.934,0.309
74944.8471069336,0.467,0.54,0.614,0.476,1.0,0.376,0.497,backward,surprise,0.439,0.125,True,hesitant,1878.46,632205.8,0.0012,0.1854,0.934,0.309
75074.59378242493,0.47,0.544,0.614,0.481,1.0,0.391,0.49,backward,surprise,0.439,0.125,True,hesitant,1878.46,632205.8,0.0012,0.1854,0.934,0.309
75102.97346115112,0.474,0.555,0.614,0.483,1.0,0.397,0.443,backward,surprise,0.439,0.125,True,hesitant,1878.46,632205.8,0.0012,0.1854,0.934,0.309
75132.02810287476,0.481,0.563,0.568,0.441,1.0,0.393,0.391,backward,surprise,0.368,0.239,True,hesitant,1878.46,632205.8,0.0012,0.1854,0.934,0.309
75256.40082359314,0.477,0.558,0.568,0.435,1.0,0.376,0.401,backward,surprise,0.368,0.239,True,hesitant,1878.46,632205.8,0.0012,0.1854,0.934,0.309
75286.62371635437,0.477,0.56,0.568,0.434,1.0,0.372,0.39,backward,surprise,0.368,0.239,True,hesitant,1878.46,632205.8,0.0012,0.1854,0.934,0.309
75332.0140838623,0.472,0.553,0.594,0.455,1.0,0.348,0.403,backward,surprise,0.393,0.157,True,hesitant,1878.46,632205.8,0.0012,0.1854,0.934,0.309
75512.09545135498,0.453,0.544,0.636,0.451,1.0,0.347,0.352,backward,surprise,0.393,0.157,True,hesitant,1945.58,550328.33,0.0,0.2009,1.0,0.265
75548.13170433044,0.453,0.541,0.636,0.453,1.0,0.354,0.371,backward,surprise,0.393,0.157,True,hesitant,1945.58,550328.33,0.0,0.2009,1.0,0.265
75576.9100189209,0.456,0.542,0.627,0.454,1.0,0.366,0.376,backward,surprise,0.372,0.169,True,hesitant,1945.58,550328.33,0.0,0.2009,1.0,0.265
75704.28395271301,0.457,0.541,0.627,0.457,1.0,0.375,0.388,backward,surprise,0.372,0.169,True,hesitant,1945.58,550328.33,0.0,0.2009,1.0,0.265
75733.34217071533,0.458,0.543,0.627,0.459,1.0,0.383,0.387,backward,surprise,0.372,0.169,True,hesitant,1945.58,550328.33,0.0,0.2009,1.0,0.265
75765.78664779663,0.458,0.545,0.635,0.465,1.0,0.389,0.388,backward,surprise,0.39,0.159,True,hesitant,1945.58,550328.33,0.0,0.2009,1.0,0.265
75897.2601890564,0.46,0.552,0.635,0.462,1.0,0.378,0.342,backward,surprise,0.39,0.159,True,hesitant,1945.58,550328.33,0.0,0.2009,1.0,0.265
75924.55816268921,0.448,0.533,0.635,0.447,1.0,0.329,0.386,backward,surprise,0.39,0.159,True,hesitant,1945.58,550328.33,0.0,0.2009,1.0,0.265
75959.04159545898,0.443,0.524,0.636,0.441,1.0,0.297,0.401,backward,surprise,0.393,0.155,False,hesitant,1945.58,550328.33,0.0,0.2009,1.0,0.265
76087.11504936218,0.444,0.523,0.636,0.446,1.0,0.313,0.418,backward,surprise,0.393,0.155,False,hesitant,1945.58,550328.33,0.0,0.2009,1.0,0.265
76114.64667320251,0.447,0.525,0.636,0.452,1.0,0.333,0.43,backward,surprise,0.393,0.155,False,hesitant,1945.58,550328.33,0.0,0.2009,1.0,0.265
76144.85335350037,0.454,0.534,0.623,0.449,1.0,0.34,0.391,backward,surprise,0.353,0.164,False,hesitant,1945.58,550328.33,0.0,0.2009,1.0,0.265
76270.2784538269,0.455,0.534,0.623,0.453,1.0,0.352,0.4,backward,surprise,0.353,0.164,False,hesitant,1945.58,550328.33,0.0,0.2009,1.0,0.265
76299.61895942688,0.458,0.541,0.623,0.455,1.0,0.359,0.375,backward,surprise,0.353,0.164,False,hesitant,1945.58,550328.33,0.0,0.2009,1.0,0.265
76333.54926109314,0.457,0.544,0.633,0.461,1.0,0.358,0.358,backward,surprise,0.378,0.15,False,hesitant,1945.58,550328.33,0.0,0.2009,1.0,0.265
76456.60424232483,0.458,0.548,0.633,0.459,1.0,0.353,0.338,backward,surprise,0.378,0.15,False,hesitant,1945.58,550328.33,0.0,0.2009,1.0,0.265
76487.7781867981,0.458,0.547,0.633,0.461,1.0,0.358,0.344,backward,surprise,0.378,0.15,False,hesitant,1945.58,550328.33,0.0,0.2009,1.0,0.265
76515.43974876404,0.458,0.55,0.639,0.463,1.0,0.36,0.333,backward,surprise,0.394,0.142,True,hesitant,1945.58,550328.33,0.0,0.2009,1.0,0.265
76640.31744003296,0.457,0.547,0.639,0.463,1.0,0.357,0.345,backward,surprise,0.394,0.142,True,hesitant,1945.58,550328.33,0.0,0.2009,1.0,0.265
76668.50018501282,0.457,0.55,0.639,0.462,1.0,0.355,0.329,backward,surprise,0.394,0.142,True,hesitant,1945.58,550328.33,0.0,0.2009,1.0,0.265
76699.73874092102,0.454,0.548,0.642,0.457,1.0,0.344,0.327,backward,surprise,0.411,0.152,False,hesitant,1945.58,550328.33,0.0,0.2009,1.0,0.265
76829.00357246399,0.459,0.562,0.642,0.457,1.0,0.341,0.256,backward,surprise,0.411,0.152,False,hesitant,1945.58,550328.33,0.0,0.2009,1.0,0.265
76861.9487285614,0.459,0.562,0.642,0.457,1.0,0.343,0.257,backward,surprise,0.411,0.152,False,hesitant,1945.58,550328.33,0.0,0.2009,1.0,0.265
76897.9983329773,0.463,0.564,0.636,0.461,1.0,0.346,0.25,backward,surprise,0.371,0.13,True,hesitant,1945.58,550328.33,0.0,0.2009,1.0,0.265
77023.62656593323,0.47,0.574,0.636,0.472,1.0,0.381,0.239,backward,surprise,0.371,0.13,True,hesitant,1945.58,550328.33,0.0,0.2009,1.0,0.265
77054.1763305664,0.469,0.572,0.636,0.47,1.0,0.373,0.24,backward,surprise,0.371,0.13,True,hesitant,1945.58,550328.33,0.0,0.2009,1.0,0.265
77094.69199180603,0.464,0.569,0.641,0.465,1.0,0.368,0.245,backward,surprise,0.399,0.141,True,hesitant,1945.58,550328.33,0.0,0.2009,1.0,0.265
77277.64630317688,0.506,0.6,0.555,0.466,1.0,0.371,0.239,backward,surprise,0.399,0.141,True,hesitant,2199.83,162071.35,0.0,0.202,1.0,0.383
77308.2959651947,0.506,0.6,0.555,0.466,1.0,0.37,0.245,backward,surprise,0.399,0.141,True,hesitant,2199.83,162071.35,0.0,0.202,1.0,0.383
77336.79986000061,0.503,0.595,0.549,0.458,1.0,0.345,0.241,backward,surprise,0.382,0.147,True,hesitant,2199.83,162071.35,0.0,0.202,1.0,0.383
77455.35016059875,0.504,0.597,0.549,0.457,1.0,0.342,0.229,backward,surprise,0.382,0.147,True,hesitant,2199.83,162071.35,0.0,0.202,1.0,0.383
77485.74995994568,0.504,0.597,0.549,0.456,1.0,0.34,0.224,backward,surprise,0.382,0.147,True,hesitant,2199.83,162071.35,0.0,0.202,1.0,0.383
77514.26672935486,0.495,0.587,0.516,0.401,1.0,0.349,0.279,backward,neutral,0.357,0.297,False,hesitant,2199.83,162071.35,0.0,0.202,1.0,0.383
77649.04737472534,0.491,0.573,0.516,0.403,1.0,0.355,0.355,backward,neutral,0.357,0.297,False,hesitant,2199.83,162071.35,0.0,0.202,1.0,0.383
77680.21965026855,0.491,0.572,0.516,0.404,1.0,0.358,0.364,backward,neutral,0.357,0.297,False,hesitant,2199.83,162071.35,0.0,0.202,1.0,0.383
77707.1521282196,0.496,0.568,0.531,0.444,1.0,0.352,0.378,backward,surprise,0.343,0.186,False,hesitant,2199.83,162071.35,0.0,0.202,1.0,0.383
77841.49479866028,0.495,0.566,0.531,0.443,1.0,0.351,0.388,backward,surprise,0.343,0.186,False,hesitant,2199.83,162071.35,0.0,0.202,1.0,0.383
77869.85540390015,0.491,0.556,0.531,0.44,1.0,0.339,0.422,backward,surprise,0.343,0.186,False,hesitant,2199.83,162071.35,0.0,0.202,1.0,0.383
77899.35111999512,0.488,0.557,0.548,0.449,1.0,0.332,0.416,backward,surprise,0.385,0.158,True,hesitant,2199.83,162071.35,0.0,0.202,1.0,0.383
78033.28323364258,0.481,0.545,0.548,0.441,1.0,0.305,0.449,backward,surprise,0.385,0.158,True,hesitant,2199.83,162071.35,0.0,0.202,1.0,0.383
78064.5158290863,0.483,0.547,0.548,0.444,1.0,0.313,0.447,backward,surprise,0.385,0.158,True,hesitant,2199.83,162071.35,0.0,0.202,1.0,0.383
78099.40004348755,0.482,0.547,0.559,0.455,1.0,0.323,0.461,backward,surprise,0.411,0.131,False,hesitant,2199.83,162071.35,0.0,0.202,1.0,0.383
78226.32360458374,0.481,0.541,0.559,0.459,1.0,0.336,0.5,backward,surprise,0.411,0.131,False,hesitant,2199.83,162071.35,0.0,0.202,1.0,0.383
78255.03039360046,0.485,0.546,0.559,0.464,1.0,0.352,0.493,backward,surprise,0.411,0.131,False,hesitant,2199.83,162071.35,0.0,0.202,1.0,0.383
78284.34538841248,0.482,0.538,0.559,0.463,1.0,0.347,0.523,backward,surprise,0.409,0.131,True,hesitant,2199.83,162071.35,0.0,0.202,1.0,0.383
78502.40921974182,0.476,0.523,0.559,0.463,1.0,0.348,0.6,backward,surprise,0.409,0.131,True,hesitant,2199.83,162071.35,0.0,0.202,1.0,0.383
78552.15740203857,0.482,0.534,0.559,0.468,1.0,0.365,0.562,backward,surprise,0.409,0.131,True,hesitant,2199.83,162071.35,0.0,0.202,1.0,0.383
78594.64120864868,0.488,0.545,0.558,0.475,1.0,0.371,0.517,backward,surprise,0.397,0.109,True,hesitant,2199.83,162071.35,0.0,0.202,1.0,0.383
78860.04686355591,0.488,0.546,0.558,0.475,1.0,0.369,0.508,backward,surprise,0.397,0.109,True,hesitant,2199.83,162071.35,0.0,0.202,1.0,0.383
78933.15935134888,0.49,0.551,0.558,0.476,1.0,0.372,0.491,backward,surprise,0.397,0.109,True,hesitant,2199.83,162071.35,0.0,0.202,1.0,0.383
79005.0163269043,0.51,0.573,0.519,0.471,1.0,0.378,0.452,backward,surprise,0.393,0.131,True,hesitant,2218.91,130908.96,0.0,0.1993,1.0,0.427
79383.21661949158,0.513,0.581,0.519,0.471,1.0,0.378,0.412,backward,surprise,0.393,0.131,True,hesitant,2218.91,130908.96,0.0,0.1993,1.0,0.427
79436.5005493164,0.513,0.58,0.519,0.471,1.0,0.378,0.418,backward,surprise,0.393,0.131,True,hesitant,2218.91,130908.96,0.0,0.1993,1.0,0.427
79483.09135437012,0.516,0.58,0.517,0.48,1.0,0.382,0.427,backward,surprise,0.375,0.104,True,hesitant,2218.91,130908.96,0.0,0.1993,1.0,0.427
79731.85324668884,0.513,0.573,0.517,0.479,1.0,0.379,0.46,backward,surprise,0.375,0.104,True,hesitant,2218.91,130908.96,0.0,0.1993,1.0,0.427
79769.17219161987,0.511,0.571,0.517,0.474,1.0,0.362,0.452,backward,surprise,0.375,0.104,True,hesitant,2218.91,130908.96,0.0,0.1993,1.0,0.427
79809.31353569031,0.508,0.58,0.528,0.466,1.0,0.365,0.404,backward,surprise,0.426,0.136,True,hesitant,2218.91,130908.96,0.0,0.1993,1.0,0.427
80045.76587677002,0.506,0.574,0.528,0.467,1.0,0.37,0.438,backward,surprise,0.426,0.136,True,hesitant,2218.91,130908.96,0.0,0.1993,1.0,0.427
80088.7656211853,0.51,0.583,0.528,0.468,1.0,0.373,0.399,backward,surprise,0.426,0.136,True,hesitant,2218.91,130908.96,0.0,0.1993,1.0,0.427
80131.11877441406,0.515,0.594,0.518,0.463,1.0,0.375,0.344,backward,surprise,0.396,0.147,False,hesitant,2218.91,130908.96,0.0,0.1993,1.0,0.427
80258.15773010254,0.518,0.601,0.518,0.463,1.0,0.375,0.311,backward,surprise,0.396,0.147,False,hesitant,2218.91,130908.96,0.0,0.1993,1.0,0.427
80291.08572006226,0.52,0.605,0.518,0.465,1.0,0.383,0.3,backward,surprise,0.396,0.147,False,hesitant,2218.91,130908.96,0.0,0.1993,1.0,0.427
80322.97921180725,0.518,0.605,0.528,0.47,1.0,0.386,0.306,backward,surprise,0.427,0.142,False,hesitant,2218.91,130908.96,0.0,0.1993,1.0,0.427
80442.51585006714,0.518,0.605,0.528,0.47,1.0,0.386,0.304,backward,surprise,0.427,0.142,False,hesitant,2218.91,130908.96,0.0,0.1993,1.0,0.427
80470.08466720581,0.518,0.604,0.528,0.47,1.0,0.385,0.307,backward,surprise,0.427,0.142,False,hesitant,2218.91,130908.96,0.0,0.1993,1.0,0.427
80503.63278388977,0.518,0.599,0.516,0.464,1.0,0.364,0.315,backward,surprise,0.387,0.136,False,hesitant,2218.91,130908.96,0.0,0.1993,1.0,0.427
80627.23755836487,0.519,0.599,0.516,0.466,1.0,0.37,0.317,backward,surprise,0.387,0.136,False,hesitant,2218.91,130908.96,0.0,0.1993,1.0,0.427
80666.33749008179,0.522,0.608,0.516,0.466,1.0,0.37,0.272,backward,surprise,0.387,0.136,False,hesitant,2218.91,130908.96,0.0,0.1993,1.0,0.427
80704.58102226257,0.525,0.614,0.516,0.468,1.0,0.38,0.251,backward,surprise,0.388,0.144,False,hesitant,2218.91,130908.96,0.0,0.1993,1.0,0.427
80823.02904129028,0.524,0.611,0.516,0.468,1.0,0.38,0.272,backward,surprise,0.388,0.144,False,hesitant,2218.91,130908.96,0.0,0.1993,1.0,0.427
80855.52620887756,0.521,0.607,0.516,0.464,1.0,0.368,0.273,backward,surprise,0.388,0.144,False,hesitant,2218.91,130908.96,0.0,0.1993,1.0,0.427
80900.25639533997,0.514,0.605,0.528,0.457,1.0,0.345,0.256,backward,surprise,0.423,0.141,True,hesitant,2218.91,130908.96,0.0,0.2001,1.0,0.426
81076.67779922485,0.512,0.598,0.528,0.458,1.0,0.347,0.297,backward,surprise,0.423,0.141,True,hesitant,2218.91,130908.96,0.0,0.2001,1.0,0.426
81103.21140289307,0.515,0.603,0.528,0.461,1.0,0.357,0.28,backward,surprise,0.423,0.141,True,hesitant,2218.91,130908.96,0.0,0.2001,1.0,0.426
81130.65671920776,0.517,0.602,0.517,0.459,1.0,0.358,0.289,backward,surprise,0.39,0.147,True,hesitant,2218.91,130908.96,0.0,0.2001,1.0,0.426
81251.54638290405,0.518,0.603,0.517,0.459,1.0,0.359,0.283,backward,surprise,0.39,0.147,True,hesitant,2218.91,130908.96,0.0,0.2001,1.0,0.426
81281.57258033752,0.519,0.605,0.517,0.46,1.0,0.36,0.273,backward,surprise,0.39,0.147,True,hesitant,2218.91,130908.96,0.0,0.2001,1.0,0.426
81310.57691574097,0.518,0.604,0.523,0.467,1.0,0.36,0.283,backward,surprise,0.402,0.129,True,hesitant,2218.91,130908.96,0.0,0.2001,1.0,0.426
81437.38603591919,0.518,0.603,0.523,0.467,1.0,0.362,0.29,backward,surprise,0.402,0.129,True,hesitant,2218.91,130908.96,0.0,0.2001,1.0,0.426
81466.68362617493,0.519,0.607,0.523,0.467,1.0,0.362,0.271,backward,surprise,0.402,0.129,True,hesitant,2218.91,130908.96,0.0,0.2001,1.0,0.426
81496.63925170898,0.518,0.604,0.52,0.462,1.0,0.366,0.288,backward,surprise,0.398,0.145,True,hesitant,2218.91,130908.96,0.0,0.2001,1.0,0.426
81624.46665763855,0.518,0.603,0.52,0.462,1.0,0.366,0.288,backward,surprise,0.398,0.145,True,hesitant,2218.91,130908.96,0.0,0.2001,1.0,0.426
81651.10158920288,0.518,0.605,0.52,0.46,1.0,0.359,0.272,backward,surprise,0.398,0.145,True,hesitant,2218.91,130908.96,0.0,0.2001,1.0,0.426
81700.1621723175,0.521,0.61,0.519,0.463,1.0,0.358,0.247,backward,surprise,0.395,0.14,True,hesitant,2218.91,130908.96,0.0,0.2001,1.0,0.426
81831.79974555969,0.521,0.606,0.519,0.467,1.0,0.37,0.281,backward,surprise,0.395,0.14,True,hesitant,2218.91,130908.96,0.0,0.2001,1.0,0.426
81866.25671386719,0.52,0.603,0.519,0.468,1.0,0.373,0.299,backward,surprise,0.395,0.14,True,hesitant,2218.91,130908.96,0.0,0.2001,1.0,0.426
81893.62788200378,0.521,0.61,0.526,0.472,1.0,0.373,0.265,backward,surprise,0.411,0.122,True,hesitant,2218.91,130908.96,0.0,0.2001,1.0,0.426
82023.13947677612,0.518,0.603,0.526,0.47,1.0,0.366,0.292,backward,surprise,0.411,0.122,True,hesitant,2218.91,130908.96,0.0,0.2001,1.0,0.426
82051.18489265442,0.519,0.605,0.526,0.47,1.0,0.368,0.285,backward,surprise,0.411,0.122,True,hesitant,2218.91,130908.96,0.0,0.2001,1.0,0.426
82097.94425964355,0.519,0.607,0.526,0.469,1.0,0.362,0.271,backward,surprise,0.411,0.124,True,hesitant,2218.91,130908.96,0.0,0.2001,1.0,0.426
82230.04293441772,0.519,0.607,0.526,0.469,1.0,0.362,0.27,backward,surprise,0.411,0.124,True,hesitant,2218.91,130908.96,0.0,0.2001,1.0,0.426
82262.3348236084,0.519,0.607,0.526,0.468,1.0,0.359,0.265,backward,surprise,0.411,0.124,True,hesitant,2218.91,130908.96,0.0,0.2001,1.0,0.426
82291.93425178528,0.52,0.608,0.523,0.467,1.0,0.36,0.264,backward,surprise,0.405,0.131,True,hesitant,2218.91,130908.96,0.0,0.2001,1.0,0.426
82421.306848526,0.519,0.606,0.523,0.467,1.0,0.359,0.268,backward,surprise,0.405,0.131,True,hesitant,2218.91,130908.96,0.0,0.2001,1.0,0.426
82450.3915309906,0.517,0.607,0.523,0.46,1.0,0.337,0.243,backward,surprise,0.405,0.131,True,hesitant,2218.91,130908.96,0.0,0.2001,1.0,0.426
82499.18127059937,0.512,0.605,0.481,0.395,1.0,0.339,0.243,backward,neutral,0.354,0.313,False,hesitant,2218.91,130908.96,0.0,0.2001,1.0,0.426
82642.4674987793,0.515,0.61,0.481,0.401,1.0,0.361,0.238,backward,neutral,0.354,0.313,False,hesitant,2218.91,130908.96,0.0,0.2001,1.0,0.426
82684.1471195221,0.516,0.61,0.481,0.403,1.0,0.367,0.247,backward,neutral,0.354,0.313,False,hesitant,2218.91,130908.96,0.0,0.2001,1.0,0.426
82719.93017196655,0.523,0.618,0.52,0.461,1.0,0.366,0.211,backward,surprise,0.393,0.154,True,hesitant,2236.92,105964.16,0.0,0.201,1.0,0.421
82874.6292591095,0.527,0.627,0.52,0.465,1.0,0.378,0.18,backward,surprise,0.393,0.154,True,hesitant,2236.92,105964.16,0.0,0.201,1.0,0.421
82903.1023979187,0.526,0.625,0.52,0.465,1.0,0.378,0.192,backward,surprise,0.393,0.154,True,hesitant,2236.92,105964.16,0.0,0.201,1.0,0.421
82932.15799331665,0.53,0.631,0.523,0.474,1.0,0.379,0.169,backward,surprise,0.391,0.126,True,hesitant,2236.92,105964.16,0.0,0.201,1.0,0.421
83054.38756942749,0.528,0.624,0.523,0.475,1.0,0.382,0.203,backward,surprise,0.391,0.126,True,hesitant,2236.92,105964.16,0.0,0.201,1.0,0.421
83083.34517478943,0.526,0.62,0.523,0.474,1.0,0.379,0.218,backward,surprise,0.391,0.126,True,hesitant,2236.92,105964.16,0.0,0.201,1.0,0.421
83115.89050292969,0.526,0.62,0.518,0.469,1.0,0.376,0.218,backward,surprise,0.379,0.134,True,hesitant,2236.92,105964.16,0.0,0.201,1.0,0.421
83310.57024002075,0.526,0.619,0.518,0.468,1.0,0.37,0.218,backward,surprise,0.379,0.134,True,hesitant,2236.92,105964.16,0.0,0.201,1.0,0.421
83351.34744644165,0.525,0.617,0.518,0.468,1.0,0.373,0.225,backward,surprise,0.379,0.134,True,hesitant,2236.92,105964.16,0.0,0.201,1.0,0.421
83400.93040466309,0.519,0.603,0.513,0.46,1.0,0.369,0.289,backward,surprise,0.369,0.155,True,hesitant,2236.92,105964.16,0.0,0.201,1.0,0.421
83659.84392166138,0.518,0.6,0.513,0.457,1.0,0.361,0.296,backward,surprise,0.369,0.155,True,hesitant,2236.92,105964.16,0.0,0.201,1.0,0.421
83706.46667480469,0.518,0.599,0.513,0.459,1.0,0.366,0.304,backward,surprise,0.369,0.155,True,hesitant,2236.92,105964.16,0.0,0.201,1.0,0.421
83754.58312034607,0.516,0.599,0.518,0.458,1.0,0.367,0.302,backward,surprise,0.386,0.158,True,hesitant,2236.92,105964.16,0.0,0.201,1.0,0.421
84022.11833000183,0.516,0.599,0.518,0.458,1.0,0.367,0.303,backward,surprise,0.386,0.158,True,hesitant,2236.92,105964.16,0.0,0.201,1.0,0.421
84065.22011756897,0.515,0.597,0.518,0.458,1.0,0.367,0.313,backward,surprise,0.386,0.158,True,hesitant,2236.92,105964.16,0.0,0.201,1.0,0.421
84112.45107650757,0.518,0.597,0.509,0.458,1.0,0.364,0.31,backward,surprise,0.359,0.156,True,hesitant,2236.92,105964.16,0.0,0.201,1.0,0.421
84366.1367893219,0.52,0.6,0.509,0.46,1.0,0.37,0.305,backward,surprise,0.359,0.156,True,hesitant,2236.92,105964.16,0.0,0.201,1.0,0.421
84462.21542358398,0.521,0.603,0.509,0.461,1.0,0.374,0.291,backward,surprise,0.359,0.156,True,hesitant,2236.92,105964.16,0.0,0.201,1.0,0.421
84521.82984352112,0.483,0.572,0.588,0.463,1.0,0.384,0.271,backward,surprise,0.369,0.157,False,hesitant,1988.35,531410.93,0.0001,0.1889,1.0,0.339
84817.7297115326,0.484,0.574,0.588,0.463,1.0,0.384,0.26,backward,surprise,0.369,0.157,False,hesitant,1988.35,531410.93,0.0001,0.1889,1.0,0.339
84862.39385604858,0.482,0.57,0.588,0.462,1.0,0.379,0.278,backward,surprise,0.369,0.157,False,hesitant,1988.35,531410.93,0.0001,0.1889,1.0,0.339
84906.83031082153,0.484,0.57,0.594,0.473,1.0,0.378,0.281,backward,surprise,0.376,0.126,False,hesitant,1988.35,531410.93,0.0001,0.1889,1.0,0.339
85048.24829101562,0.483,0.568,0.594,0.473,1.0,0.378,0.292,backward,surprise,0.376,0.126,False,hesitant,1988.35,531410.93,0.0001,0.1889,1.0,0.339
85078.92918586731,0.486,0.573,0.594,0.477,1.0,0.391,0.276,backward,surprise,0.376,0.126,False,hesitant,1988.35,531410.93,0.0001,0.1889,1.0,0.339
85112.31923103333,0.482,0.579,0.605,0.469,1.0,0.446,0.29,backward,fear,0.478,0.246,False,hesitant,1988.35,531410.93,0.0001,0.1889,1.0,0.339
85250.05078315735,0.471,0.563,0.605,0.452,1.0,0.39,0.324,backward,fear,0.478,0.246,False,hesitant,1988.35,531410.93,0.0001,0.1889,1.0,0.339
85280.17663955688,0.462,0.545,0.605,0.443,1.0,0.359,0.389,backward,fear,0.478,0.246,False,hesitant,1988.35,531410.93,0.0001,0.1889,1.0,0.339
85314.15128707886,0.46,0.543,0.554,0.381,1.0,0.425,0.51,backward,neutral,0.403,0.407,True,hesitant,1988.35,531410.93,0.0001,0.1889,1.0,0.339
85452.18014717102,0.422,0.478,0.554,0.329,1.0,0.252,0.718,neutral,neutral,0.403,0.407,True,hesitant,1988.35,531410.93,0.0001,0.1889,1.0,0.339
85481.8286895752,0.443,0.485,0.554,0.392,1.0,0.46,0.884,neutral,neutral,0.403,0.407,True,hesitant,1988.35,531410.93,0.0001,0.1889,1.0,0.339
85517.25506782532,0.451,0.481,0.576,0.448,1.0,0.583,1.0,neutral,neutral,0.437,0.36,True,hesitant,1988.35,531410.93,0.0001,0.1889,1.0,0.339
85639.3494606018,0.444,0.473,0.576,0.434,1.0,0.537,1.0,backward,neutral,0.437,0.36,True,hesitant,1988.35,531410.93,0.0001,0.1889,1.0,0.339
85668.37668418884,0.457,0.488,0.576,0.46,1.0,0.622,1.0,neutral,neutral,0.437,0.36,True,hesitant,1988.35,531410.93,0.0001,0.1889,1.0,0.339
85698.38881492615,0.453,0.484,0.581,0.456,1.0,0.599,1.0,neutral,neutral,0.451,0.363,True,hesitant,1988.35,531410.93,0.0001,0.1889,1.0,0.339
85833.79483222961,0.447,0.477,0.581,0.444,1.0,0.559,1.0,neutral,neutral,0.451,0.363,True,hesitant,1988.35,531410.93,0.0001,0.1889,1.0,0.339
85866.43719673157,0.448,0.478,0.581,0.446,1.0,0.567,1.0,neutral,neutral,0.451,0.363,True,hesitant,1988.35,531410.93,0.0001,0.1889,1.0,0.339
85899.01447296143,0.449,0.477,0.578,0.448,1.0,0.564,1.0,neutral,neutral,0.441,0.352,True,hesitant,1988.35,531410.93,0.0001,0.1889,1.0,0.339
86035.01772880554,0.449,0.477,0.578,0.448,1.0,0.565,1.0,neutral,neutral,0.441,0.352,True,hesitant,1988.35,531410.93,0.0001,0.1889,1.0,0.339
86064.00203704834,0.447,0.475,0.578,0.444,1.0,0.553,1.0,neutral,neutral,0.441,0.352,True,hesitant,1988.35,531410.93,0.0001,0.1889,1.0,0.339
86093.16682815552,0.442,0.47,0.57,0.423,1.0,0.517,1.0,neutral,neutral,0.425,0.368,True,hesitant,1988.35,531410.93,0.0001,0.1889,1.0,0.339
86227.91337966919,0.431,0.458,0.57,0.402,1.0,0.448,1.0,neutral,neutral,0.425,0.368,True,hesitant,1988.35,531410.93,0.0001,0.1889,1.0,0.339
86260.0257396698,0.433,0.46,0.57,0.405,1.0,0.456,1.0,neutral,neutral,0.425,0.368,True,hesitant,1988.35,531410.93,0.0001,0.1889,1.0,0.339
86298.89917373657,0.449,0.466,0.551,0.428,1.0,0.514,1.0,neutral,neutral,0.356,0.332,True,hesitant,1988.35,531410.93,0.0001,0.1889,1.0,0.339
86533.5500240326,0.44,0.459,0.551,0.407,1.0,0.443,0.969,neutral,neutral,0.356,0.332,True,hesitant,1988.35,531410.93,0.0001,0.1889,1.0,0.339
86568.73750686646,0.422,0.454,0.585,0.392,1.0,0.394,0.858,backward,neutral,0.356,0.332,True,hesitant,1666.16,914837.54,0.0001,0.1784,1.0,0.303
86596.48585319519,0.423,0.459,0.596,0.404,1.0,0.396,0.821,backward,neutral,0.375,0.311,True,hesitant,1666.16,914837.54,0.0001,0.1784,1.0,0.303
86723.75726699829,0.425,0.464,0.596,0.405,1.0,0.401,0.801,backward,neutral,0.375,0.311,True,hesitant,1666.16,914837.54,0.0001,0.1784,1.0,0.303
86754.34470176697,0.416,0.443,0.596,0.4,1.0,0.383,0.903,backward,neutral,0.375,0.311,True,hesitant,1666.16,914837.54,0.0001,0.1784,1.0,0.303
86786.95750236511,0.426,0.448,0.597,0.426,1.0,0.394,0.862,backward,surprise,0.333,0.247,True,hesitant,1666.16,914837.54,0.0001,0.1784,1.0,0.303
86915.22765159607,0.428,0.455,0.597,0.426,1.0,0.394,0.823,backward,surprise,0.333,0.247,True,hesitant,1666.16,914837.54,0.0001,0.1784,1.0,0.303
86945.95527648926,0.43,0.464,0.597,0.423,1.0,0.382,0.762,neutral,surprise,0.333,0.247,True,hesitant,1666.16,914837.54,0.0001,0.1784,1.0,0.303
86977.76198387146,0.429,0.469,0.587,0.402,1.0,0.387,0.754,neutral,neutral,0.342,0.307,True,hesitant,1666.16,914837.54,0.0001,0.1784,1.0,0.303
87101.93657875061,0.429,0.471,0.587,0.399,1.0,0.375,0.73,neutral,neutral,0.342,0.307,True,hesitant,1666.16,914837.54,0.0001,0.1784,1.0,0.303
87129.30727005005,0.422,0.461,0.587,0.387,1.0,0.336,0.751,neutral,neutral,0.342,0.307,True,hesitant,1666.16,914837.54,0.0001,0.1784,1.0,0.303
87155.87711334229,0.429,0.487,0.572,0.361,1.0,0.324,0.607,neutral,neutral,0.333,0.357,True,hesitant,1666.16,914837.54,0.0001,0.1784,1.0,0.303
