timestamp_ms,performance_score,confidence_score,stress_score,engagement_score,posture_score,openness_score,fidget_score,lean,dominant_emotion,face_stress,face_confidence,eye_contact,tone_label,pitch_mean,pitch_variance,energy,speaking_rate,pause_ratio,tone_overall
574.1877555847168,0.503,0.665,0.574,0.405,1.0,0.428,0.0,neutral,neutral,0.356,0.323,True,unknown,0.0,0.0,0.0,0.0,0.0,0.0
908.5018634796143,0.432,0.452,0.574,0.415,1.0,0.459,1.0,neutral,neutral,0.356,0.323,True,unknown,0.0,0.0,0.0,0.0,0.0,0.0
939.7943019866943,0.42,0.443,0.624,0.445,1.0,0.45,1.0,neutral,surprise,0.375,0.237,True,unknown,0.0,0.0,0.0,0.0,0.0,0.0
1075.2685070037842,0.416,0.437,0.624,0.437,1.0,0.423,1.0,neutral,surprise,0.375,0.237,True,unknown,0.0,0.0,0.0,0.0,0.0,0.0
1106.4610481262207,0.416,0.437,0.624,0.437,1.0,0.425,1.0,neutral,surprise,0.375,0.237,True,unknown,0.0,0.0,0.0,0.0,0.0,0.0
1139.6496295928955,0.402,0.419,0.634,0.424,1.0,0.353,1.0,neutral,surprise,0.377,0.217,True,unknown,0.0,0.0,0.0,0.0,0.0,0.0
1284.147024154663,0.398,0.414,0.634,0.418,1.0,0.331,1.0,neutral,surprise,0.377,0.217,True,unknown,0.0,0.0,0.0,0.0,0.0,0.0
1313.1399154663086,0.399,0.416,0.634,0.419,1.0,0.336,1.0,neutral,surprise,0.377,0.217,True,unknown,0.0,0.0,0.0,0.0,0.0,0.0
1344.5098400115967,0.409,0.419,0.621,0.431,1.0,0.353,1.0,neutral,surprise,0.34,0.2,True,unknown,0.0,0.0,0.0,0.0,0.0,0.0
1477.4928092956543,0.414,0.431,0.621,0.434,1.0,0.362,0.953,neutral,surprise,0.34,0.2,True,unknown,0.0,0.0,0.0,0.0,0.0,0.0
1507.9371929168701,0.414,0.434,0.621,0.43,1.0,0.351,0.93,neutral,surprise,0.34,0.2,True,unknown,0.0,0.0,0.0,0.0,0.0,0.0
1540.9553050994873,0.415,0.442,0.606,0.409,1.0,0.318,0.869,neutral,surprise,0.336,0.227,True,unknown,0.0,0.0,0.0,0.0,0.0,0.0
1697.0429420471191,0.411,0.44,0.606,0.398,1.0,0.28,0.839,neutral,surprise,0.336,0.227,True,unknown,0.0,0.0,0.0,0.0,0.0,0.0
1734.3792915344238,0.416,0.453,0.606,0.4,1.0,0.287,0.789,neutral,surprise,0.336,0.227,True,unknown,0.0,0.0,0.0,0.0,0.0,0.0
1761.120319366455,0.415,0.457,0.637,0.428,1.0,0.279,0.757,neutral,surprise,0.321,0.146,True,unknown,0.0,0.0,0.0,0.0,0.0,0.0
1881.5691471099854,0.425,0.479,0.637,0.434,1.0,0.299,0.681,neutral,surprise,0.321,0.146,True,unknown,0.0,0.0,0.0,0.0,0.0,0.0
1907.0420265197754,0.425,0.474,0.637,0.441,1.0,0.324,0.729,neutral,surprise,0.321,0.146,True,unknown,0.0,0.0,0.0,0.0,0.0,0.0
1933.229684829712,0.441,0.49,0.651,0.492,1.0,0.357,0.705,neutral,surprise,0.238,0.043,True,unknown,0.0,0.0,0.0,0.0,0.0,0.0
2063.1048679351807,0.465,0.536,0.651,0.516,1.0,0.437,0.597,neutral,surprise,0.238,0.043,True,unknown,0.0,0.0,0.0,0.0,0.0,0.0
2091.0987854003906,0.461,0.523,0.651,0.519,1.0,0.447,0.656,neutral,surprise,0.238,0.043,True,unknown,0.0,0.0,0.0,0.0,0.0,0.0
2120.8724975585938,0.454,0.525,0.672,0.517,1.0,0.439,0.642,neutral,surprise,0.281,0.042,True,unknown,0.0,0.0,0.0,0.0,0.0,0.0
2241.6465282440186,0.453,0.524,0.672,0.517,1.0,0.44,0.648,neutral,surprise,0.281,0.042,True,unknown,0.0,0.0,0.0,0.0,0.0,0.0
2270.4694271087646,0.465,0.545,0.672,0.531,1.0,0.487,0.608,neutral,surprise,0.281,0.042,True,unknown,0.0,0.0,0.0,0.0,0.0,0.0
2296.799898147583,0.464,0.543,0.644,0.499,1.0,0.487,0.605,neutral,surprise,0.313,0.124,True,unknown,0.0,0.0,0.0,0.0,0.0,0.0
2419.3267822265625,0.459,0.528,0.644,0.498,1.0,0.484,0.662,neutral,surprise,0.313,0.124,True,unknown,0.0,0.0,0.0,0.0,0.0,0.0
2448.685646057129,0.462,0.533,0.644,0.502,1.0,0.496,0.658,neutral,surprise,0.313,0.124,True,unknown,0.0,0.0,0.0,0.0,0.0,0.0
2508.6212158203125,0.469,0.527,0.636,0.525,1.0,0.51,0.701,neutral,surprise,0.247,0.078,True,unknown,0.0,0.0,0.0,0.0,0.0,0.0
2633.801221847534,0.468,0.524,0.636,0.524,1.0,0.507,0.711,neutral,surprise,0.247,0.078,True,unknown,0.0,0.0,0.0,0.0,0.0,0.0
2661.860227584839,0.468,0.525,0.636,0.523,1.0,0.504,0.7,neutral,surprise,0.247,0.078,True,unknown,0.0,0.0,0.0,0.0,0.0,0.0
2689.831495285034,0.466,0.529,0.636,0.513,1.0,0.489,0.671,neutral,surprise,0.264,0.092,True,unknown,0.0,0.0,0.0,0.0,0.0,0.0
2818.4287548065186,0.473,0.548,0.636,0.513,1.0,0.489,0.589,neutral,surprise,0.264,0.092,True,unknown,0.0,0.0,0.0,0.0,0.0,0.0
2844.325304031372,0.473,0.552,0.636,0.508,1.0,0.472,0.554,neutral,surprise,0.264,0.092,True,unknown,0.0,0.0,0.0,0.0,0.0,0.0
2874.563217163086,0.456,0.546,0.678,0.507,1.0,0.467,0.578,neutral,surprise,0.347,0.09,True,unknown,0.0,0.0,0.0,0.0,0.0,0.0
3016.850233078003,0.461,0.556,0.678,0.513,1.0,0.489,0.555,neutral,surprise,0.347,0.09,True,unknown,0.0,0.0,0.0,0.0,0.0,0.0
3045.5732345581055,0.463,0.561,0.678,0.513,1.0,0.487,0.534,neutral,surprise,0.347,0.09,True,unknown,0.0,0.0,0.0,0.0,0.0,0.0
3080.913782119751,0.485,0.568,0.65,0.547,1.0,0.536,0.562,neutral,surprise,0.231,0.04,True,unknown,0.0,0.0,0.0,0.0,0.0,0.0
3221.503973007202,0.487,0.575,0.65,0.543,1.0,0.524,0.522,neutral,surprise,0.231,0.04,True,unknown,0.0,0.0,0.0,0.0,0.0,0.0
3248.704671859741,0.486,0.574,0.65,0.543,1.0,0.523,0.526,neutral,surprise,0.231,0.04,True,unknown,0.0,0.0,0.0,0.0,0.0,0.0
3278.606176376343,0.481,0.584,0.663,0.529,1.0,0.487,0.449,neutral,surprise,0.269,0.048,True,unknown,0.0,0.0,0.0,0.0,0.0,0.0
3414.281129837036,0.479,0.58,0.663,0.527,1.0,0.479,0.457,neutral,surprise,0.269,0.048,True,unknown,0.0,0.0,0.0,0.0,0.0,0.0
3441.1652088165283,0.48,0.589,0.663,0.52,1.0,0.456,0.396,neutral,surprise,0.269,0.048,True,unknown,0.0,0.0,0.0,0.0,0.0,0.0
3472.661256790161,0.463,0.575,0.675,0.493,1.0,0.432,0.421,neutral,surprise,0.351,0.1,True,unknown,0.0,0.0,0.0,0.0,0.0,0.0
3624.6252059936523,0.43,0.503,0.675,0.469,1.0,0.352,0.638,neutral,surprise,0.351,0.1,True,unknown,0.0,0.0,0.0,0.0,0.0,0.0
3651.4830589294434,0.424,0.488,0.675,0.464,1.0,0.335,0.684,neutral,surprise,0.351,0.1,True,unknown,0.0,0.0,0.0,0.0,0.0,0.0
3745.4214096069336,0.429,0.48,0.6,0.404,1.0,0.319,0.713,neutral,surprise,0.35,0.257,True,unknown,0.0,0.0,0.0,0.0,0.0,0.0
3993.1914806365967,0.425,0.471,0.6,0.401,1.0,0.306,0.738,neutral,surprise,0.35,0.257,True,unknown,0.0,0.0,0.0,0.0,0.0,0.0
4023.6992835998535,0.421,0.466,0.6,0.392,1.0,0.279,0.734,neutral,surprise,0.35,0.257,True,unknown,0.0,0.0,0.0,0.0,0.0,0.0
4054.7714233398438,0.42,0.473,0.61,0.394,1.0,0.258,0.674,neutral,surprise,0.345,0.228,True,unknown,0.0,0.0,0.0,0.0,0.0,0.0
4774.3260860443115,0.417,0.465,0.61,0.393,1.0,0.255,0.707,neutral,surprise,0.345,0.228,True,unknown,0.0,0.0,0.0,0.0,0.0,0.0
4812.1795654296875,0.398,0.428,0.61,0.373,1.0,0.19,0.801,neutral,surprise,0.345,0.228,True,unknown,0.0,0.0,0.0,0.0,0.0,0.0
4839.49875831604,0.397,0.424,0.622,0.387,1.0,0.19,0.812,neutral,surprise,0.338,0.196,True,unknown,0.0,0.0,0.0,0.0,0.0,0.0
4973.355770111084,0.391,0.404,0.622,0.39,1.0,0.203,0.911,neutral,surprise,0.338,0.196,True,unknown,0.0,0.0,0.0,0.0,0.0,0.0
5000.510454177856,0.392,0.405,0.622,0.392,1.0,0.209,0.911,neutral,surprise,0.338,0.196,True,unknown,0.0,0.0,0.0,0.0,0.0,0.0
5027.561664581299,0.402,0.418,0.548,0.325,1.0,0.209,0.929,neutral,neutral,0.341,0.36,True,unknown,0.0,0.0,0.0,0.0,0.0,0.0
5161.948204040527,0.402,0.417,0.548,0.325,1.0,0.21,0.935,neutral,neutral,0.341,0.36,True,unknown,0.0,0.0,0.0,0.0,0.0,0.0
5189.80073928833,0.406,0.427,0.548,0.329,1.0,0.222,0.898,neutral,neutral,0.341,0.36,True,unknown,0.0,0.0,0.0,0.0,0.0,0.0
5223.658561706543,0.419,0.465,0.607,0.396,1.0,0.23,0.681,neutral,surprise,0.321,0.205,True,unknown,0.0,0.0,0.0,0.0,0.0,0.0
5423.856019973755,0.446,0.505,0.607,0.44,1.0,0.379,0.654,neutral,surprise,0.321,0.205,True,unknown,0.0,0.0,0.0,0.0,0.0,0.0
5454.507112503052,0.446,0.505,0.607,0.438,1.0,0.372,0.649,neutral,surprise,0.321,0.205,True,unknown,0.0,0.0,0.0,0.0,0.0,0.0
5483.611106872559,0.44,0.508,0.617,0.427,1.0,0.358,0.624,neutral,surprise,0.361,0.235,True,unknown,0.0,0.0,0.0,0.0,0.0,0.0
5624.237775802612,0.446,0.521,0.617,0.431,1.0,0.372,0.581,neutral,surprise,0.361,0.235,True,unknown,0.0,0.0,0.0,0.0,0.0,0.0
5651.197671890259,0.447,0.524,0.617,0.431,1.0,0.373,0.57,neutral,surprise,0.361,0.235,True,unknown,0.0,0.0,0.0,0.0,0.0,0.0
5681.863307952881,0.433,0.504,0.625,0.419,1.0,0.33,0.614,neutral,surprise,0.368,0.226,True,unknown,0.0,0.0,0.0,0.0,0.0,0.0
5826.698303222656,0.445,0.534,0.625,0.422,1.0,0.339,0.488,neutral,surprise,0.368,0.226,True,unknown,0.0,0.0,0.0,0.0,0.0,0.0
5862.334251403809,0.443,0.527,0.625,0.425,1.0,0.349,0.533,neutral,surprise,0.368,0.226,True,unknown,0.0,0.0,0.0,0.0,0.0,0.0
5899.48582649231,0.452,0.544,0.615,0.423,1.0,0.372,0.481,neutral,surprise,0.367,0.247,True,unknown,0.0,0.0,0.0,0.0,0.0,0.0
6024.5561599731445,0.451,0.542,0.615,0.422,1.0,0.371,0.491,neutral,surprise,0.367,0.247,True,unknown,0.0,0.0,0.0,0.0,0.0,0.0
6053.0970096588135,0.445,0.53,0.615,0.415,1.0,0.346,0.517,neutral,surprise,0.367,0.247,True,unknown,0.0,0.0,0.0,0.0,0.0,0.0
6083.145380020142,0.406,0.474,0.619,0.356,1.0,0.181,0.608,neutral,surprise,0.4,0.285,True,unknown,0.0,0.0,0.0,0.0,0.0,0.0
6221.327543258667,0.39,0.439,0.619,0.345,1.0,0.143,0.721,neutral,surprise,0.4,0.285,True,unknown,0.0,0.0,0.0,0.0,0.0,0.0
6248.94905090332,0.394,0.438,0.619,0.359,1.0,0.19,0.778,neutral,surprise,0.4,0.285,True,unknown,0.0,0.0,0.0,0.0,0.0,0.0
6279.441833496094,0.394,0.443,0.613,0.345,1.0,0.186,0.765,neutral,neutral,0.415,0.324,True,unknown,0.0,0.0,0.0,0.0,0.0,0.0
6416.7938232421875,0.387,0.419,0.613,0.351,1.0,0.208,0.898,neutral,neutral,0.415,0.324,True,unknown,0.0,0.0,0.0,0.0,0.0,0.0
6446.969985961914,0.389,0.409,0.613,0.368,1.0,0.262,1.0,neutral,neutral,0.415,0.324,True,unknown,0.0,0.0,0.0,0.0,0.0,0.0
6477.332353591919,0.373,0.399,0.631,0.347,1.0,0.21,1.0,neutral,neutral,0.45,0.338,True,unknown,0.0,0.0,0.0,0.0,0.0,0.0
6616.52398109436,0.377,0.405,0.631,0.355,1.0,0.236,1.0,neutral,neutral,0.45,0.338,True,unknown,0.0,0.0,0.0,0.0,0.0,0.0
6648.824453353882,0.374,0.401,0.631,0.35,1.0,0.221,1.0,neutral,neutral,0.45,0.338,True,unknown,0.0,0.0,0.0,0.0,0.0,0.0
6681.707143783569,0.372,0.397,0.627,0.341,1.0,0.199,1.0,neutral,neutral,0.446,0.341,True,unknown,0.0,0.0,0.0,0.0,0.0,0.0
6811.180353164673,0.36,0.381,0.627,0.32,1.0,0.127,1.0,neutral,neutral,0.446,0.341,True,unknown,0.0,0.0,0.0,0.0,0.0,0.0
6839.775323867798,0.362,0.387,0.627,0.321,1.0,0.13,0.976,neutral,neutral,0.446,0.341,True,unknown,0.0,0.0,0.0,0.0,0.0,0.0
6869.462490081787,0.362,0.38,0.63,0.331,1.0,0.129,1.0,neutral,neutral,0.444,0.328,True,unknown,0.0,0.0,0.0,0.0,0.0,0.0
7018.01609992981,0.365,0.387,0.63,0.332,1.0,0.133,0.97,neutral,neutral,0.444,0.328,True,unknown,0.0,0.0,0.0,0.0,0.0,0.0
7045.478820800781,0.373,0.41,0.63,0.334,1.0,0.14,0.872,neutral,neutral,0.444,0.328,True,unknown,0.0,0.0,0.0,0.0,0.0,0.0
7076.550006866455,0.384,0.426,0.616,0.335,1.0,0.127,0.777,neutral,neutral,0.409,0.306,True,unknown,0.0,0.0,0.0,0.0,0.0,0.0
7251.751899719238,0.408,0.431,0.616,0.409,1.0,0.373,1.0,neutral,neutral,0.409,0.306,True,unknown,0.0,0.0,0.0,0.0,0.0,0.0
7280.5187702178955,0.425,0.453,0.616,0.439,1.0,0.473,1.0,neutral,neutral,0.409,0.306,True,unknown,0.0,0.0,0.0,0.0,0.0,0.0
7313.612699508667,0.445,0.468,0.53,0.389,1.0,0.484,1.0,neutral,neutral,0.342,0.406,True,unknown,0.0,0.0,0.0,0.0,0.0,0.0
7448.904037475586,0.449,0.48,0.53,0.39,1.0,0.489,0.952,neutral,neutral,0.342,0.406,True,unknown,0.0,0.0,0.0,0.0,0.0,0.0
7481.745004653931,0.448,0.477,0.53,0.39,1.0,0.488,0.965,neutral,neutral,0.342,0.406,True,unknown,0.0,0.0,0.0,0.0,0.0,0.0
7511.7809772491455,0.451,0.485,0.532,0.393,1.0,0.478,0.901,neutral,neutral,0.335,0.388,True,unknown,0.0,0.0,0.0,0.0,0.0,0.0
7660.278081893921,0.462,0.495,0.532,0.416,1.0,0.553,0.929,neutral,neutral,0.335,0.388,True,unknown,0.0,0.0,0.0,0.0,0.0,0.0
7688.340187072754,0.46,0.497,0.532,0.409,1.0,0.531,0.9,neutral,neutral,0.335,0.388,True,unknown,0.0,0.0,0.0,0.0,0.0,0.0
7721.657276153564,0.457,0.492,0.539,0.411,1.0,0.507,0.887,neutral,neutral,0.332,0.366,True,unknown,0.0,0.0,0.0,0.0,0.0,0.0
7928.54118347168,0.456,0.492,0.539,0.408,1.0,0.499,0.877,neutral,neutral,0.332,0.366,True,unknown,0.0,0.0,0.0,0.0,0.0,0.0
7963.698625564575,0.458,0.501,0.539,0.406,1.0,0.492,0.828,neutral,neutral,0.332,0.366,True,unknown,0.0,0.0,0.0,0.0,0.0,0.0
7993.420839309692,0.455,0.494,0.562,0.43,1.0,0.566,0.805,neutral,neutral,0.342,0.377,True,hesitant,1909.45,616577.89,0.002,0.1764,0.901,0.349
8137.19367980957,0.46,0.499,0.562,0.44,1.0,0.598,0.801,neutral,neutral,0.342,0.377,True,hesitant,1909.45,616577.89,0.002,0.1764,0.901,0.349
8165.968894958496,0.464,0.506,0.562,0.445,1.0,0.616,0.776,neutral,neutral,0.342,0.377,True,hesitant,1909.45,616577.89,0.002,0.1764,0.901,0.349
8193.263053894043,0.482,0.554,0.56,0.447,1.0,0.631,0.476,neutral,neutral,0.337,0.384,True,hesitant,1909.45,616577.89,0.002,0.1764,0.901,0.349
8323.726415634155,0.486,0.564,0.56,0.448,1.0,0.633,0.409,neutral,neutral,0.337,0.384,True,hesitant,1909.45,616577.89,0.002,0.1764,0.901,0.349
8351.789951324463,0.489,0.577,0.56,0.445,1.0,0.624,0.319,neutral,neutral,0.337,0.384,True,hesitant,1909.45,616577.89,0.002,0.1764,0.901,0.349
8381.788492202759,0.488,0.58,0.565,0.443,1.0,0.625,0.304,neutral,neutral,0.361,0.395,True,hesitant,1909.45,616577.89,0.002,0.1764,0.901,0.349
8513.007402420044,0.493,0.586,0.565,0.452,1.0,0.654,0.294,neutral,neutral,0.361,0.395,True,hesitant,1909.45,616577.89,0.002,0.1764,0.901,0.349
8544.919490814209,0.487,0.578,0.565,0.443,1.0,0.626,0.318,neutral,neutral,0.361,0.395,True,hesitant,1909.45,616577.89,0.002,0.1764,0.901,0.349
8575.80018043518,0.481,0.567,0.57,0.439,1.0,0.593,0.354,neutral,neutral,0.37,0.382,True,hesitant,1909.45,616577.89,0.002,0.1764,0.901,0.349
8713.965654373169,0.476,0.56,0.57,0.431,1.0,0.568,0.376,neutral,neutral,0.37,0.382,True,hesitant,1909.45,616577.89,0.002,0.1764,0.901,0.349
8743.472576141357,0.472,0.549,0.57,0.432,1.0,0.569,0.447,neutral,neutral,0.37,0.382,True,hesitant,1909.45,616577.89,0.002,0.1764,0.901,0.349
8772.601127624512,0.463,0.53,0.565,0.417,1.0,0.567,0.589,neutral,neutral,0.377,0.419,True,hesitant,1909.45,616577.89,0.002,0.1764,0.901,0.349
8914.843559265137,0.461,0.526,0.565,0.414,1.0,0.556,0.614,neutral,neutral,0.377,0.419,True,hesitant,1909.45,616577.89,0.002,0.1764,0.901,0.349
8944.666624069214,0.46,0.523,0.565,0.415,1.0,0.561,0.638,neutral,neutral,0.377,0.419,True,hesitant,1909.45,616577.89,0.002,0.1764,0.901,0.349
8973.540544509888,0.461,0.518,0.562,0.421,1.0,0.554,0.647,neutral,neutral,0.355,0.399,True,hesitant,1909.45,616577.89,0.002,0.1764,0.901,0.349
9358.747005462646,0.459,0.515,0.562,0.417,1.0,0.542,0.66,neutral,neutral,0.355,0.399,True,hesitant,1909.45,616577.89,0.002,0.1764,0.901,0.349
9405.32636642456,0.457,0.514,0.562,0.414,1.0,0.532,0.654,neutral,neutral,0.355,0.399,True,hesitant,1909.45,616577.89,0.002,0.1764,0.901,0.349
9465.174198150635,0.455,0.511,0.569,0.419,1.0,0.523,0.655,neutral,neutral,0.366,0.379,True,hesitant,1909.45,616577.89,0.002,0.1764,0.901,0.349
9909.804344177246,0.456,0.512,0.569,0.42,1.0,0.526,0.647,neutral,neutral,0.366,0.379,True,hesitant,1909.45,616577.89,0.002,0.1764,0.901,0.349
9956.36248588562,0.462,0.519,0.569,0.432,1.0,0.565,0.641,neutral,neutral,0.366,0.379,True,hesitant,1909.45,616577.89,0.002,0.1764,0.901,0.349
10007.218599319458,0.474,0.525,0.565,0.461,1.0,0.568,0.633,neutral,neutral,0.354,0.313,True,hesitant,1752.17,795122.6,0.0029,0.1705,0.846,0.358
10307.119846343994,0.475,0.528,0.565,0.46,1.0,0.564,0.609,neutral,neutral,0.354,0.313,True,hesitant,1752.17,795122.6,0.0029,0.1705,0.846,0.358
10350.068092346191,0.475,0.536,0.565,0.45,1.0,0.532,0.529,neutral,neutral,0.354,0.313,True,hesitant,1752.17,795122.6,0.0029,0.1705,0.846,0.358
10399.307489395142,0.474,0.544,0.558,0.431,1.0,0.539,0.502,neutral,neutral,0.362,0.368,True,hesitant,1752.17,795122.6,0.0029,0.1705,0.846,0.358
10751.386404037476,0.473,0.542,0.558,0.428,1.0,0.529,0.507,neutral,neutral,0.362,0.368,True,hesitant,1752.17,795122.6,0.0029,0.1705,0.846,0.358
10791.967630386353,0.484,0.567,0.558,0.436,1.0,0.554,0.369,neutral,neutral,0.362,0.368,True,hesitant,1752.17,795122.6,0.0029,0.1705,0.846,0.358
10831.078290939331,0.487,0.573,0.561,0.442,1.0,0.558,0.336,neutral,neutral,0.364,0.356,True,hesitant,1752.17,795122.6,0.0029,0.1705,0.846,0.358
11079.95080947876,0.488,0.577,0.561,0.443,1.0,0.563,0.313,neutral,neutral,0.364,0.356,True,hesitant,1752.17,795122.6,0.0029,0.1705,0.846,0.358
11121.309518814087,0.489,0.579,0.561,0.444,1.0,0.564,0.297,neutral,neutral,0.364,0.356,True,hesitant,1752.17,795122.6,0.0029,0.1705,0.846,0.358
11180.669784545898,0.492,0.579,0.562,0.455,1.0,0.568,0.293,neutral,neutral,0.351,0.329,True,hesitant,1752.17,795122.6,0.0029,0.1705,0.846,0.358
11384.676218032837,0.49,0.576,0.562,0.45,1.0,0.554,0.301,neutral,neutral,0.351,0.329,True,hesitant,1752.17,795122.6,0.0029,0.1705,0.846,0.358
11429.824352264404,0.489,0.576,0.562,0.447,1.0,0.544,0.294,neutral,neutral,0.351,0.329,True,hesitant,1752.17,795122.6,0.0029,0.1705,0.846,0.358
11473.553657531738,0.493,0.585,0.563,0.452,1.0,0.58,0.271,neutral,neutral,0.366,0.347,True,hesitant,1752.17,795122.6,0.0029,0.1705,0.846,0.358
11929.52036857605,0.494,0.588,0.563,0.451,1.0,0.577,0.252,neutral,neutral,0.366,0.347,True,hesitant,1752.17,795122.6,0.0029,0.1705,0.846,0.358
11983.648300170898,0.496,0.593,0.563,0.451,1.0,0.575,0.223,neutral,neutral,0.366,0.347,True,hesitant,1752.17,795122.6,0.0029,0.1705,0.846,0.358
12041.941165924072,0.505,0.621,0.558,0.442,1.0,0.579,0.246,neutral,neutral,0.354,0.357,True,hesitant,2285.71,0.0,0.0,0.2005,1.0,0.266
12441.662549972534,0.505,0.621,0.558,0.442,1.0,0.577,0.245,neutral,neutral,0.354,0.357,True,hesitant,2285.71,0.0,0.0,0.2005,1.0,0.266
12497.653484344482,0.505,0.616,0.558,0.449,1.0,0.6,0.292,neutral,neutral,0.354,0.357,True,hesitant,2285.71,0.0,0.0,0.2005,1.0,0.266
12550.336360931396,0.511,0.629,0.558,0.454,1.0,0.6,0.222,neutral,neutral,0.34,0.335,True,hesitant,2285.71,0.0,0.0,0.2005,1.0,0.266
12905.285835266113,0.501,0.612,0.558,0.442,1.0,0.562,0.276,neutral,neutral,0.34,0.335,True,hesitant,2285.71,0.0,0.0,0.2005,1.0,0.266
12956.537008285522,0.498,0.605,0.558,0.439,1.0,0.551,0.301,neutral,neutral,0.34,0.335,True,hesitant,2285.71,0.0,0.0,0.2005,1.0,0.266
13019.186735153198,0.496,0.598,0.559,0.44,1.0,0.548,0.332,neutral,neutral,0.339,0.329,True,hesitant,2285.71,0.0,0.0,0.2005,1.0,0.266
13304.535627365112,0.481,0.57,0.559,0.424,1.0,0.495,0.423,neutral,neutral,0.339,0.329,True,hesitant,2285.71,0.0,0.0,0.2005,1.0,0.266
13350.69990158081,0.481,0.569,0.559,0.425,1.0,0.499,0.432,neutral,neutral,0.339,0.329,True,hesitant,2285.71,0.0,0.0,0.2005,1.0,0.266
13400.527477264404,0.478,0.557,0.562,0.434,1.0,0.511,0.505,neutral,neutral,0.338,0.317,True,hesitant,2285.71,0.0,0.0,0.2005,1.0,0.266
13644.77562904358,0.427,0.455,0.562,0.383,1.0,0.343,0.859,neutral,neutral,0.338,0.317,True,hesitant,2285.71,0.0,0.0,0.2005,1.0,0.266
13699.299335479736,0.415,0.438,0.562,0.361,1.0,0.27,0.873,neutral,neutral,0.338,0.317,True,hesitant,2285.71,0.0,0.0,0.2005,1.0,0.266
13745.44644355774,0.397,0.403,0.571,0.354,1.0,0.218,0.994,neutral,neutral,0.351,0.302,True,hesitant,2285.71,0.0,0.0,0.2002,1.0,0.266
14184.315204620361,0.394,0.399,0.571,0.349,1.0,0.202,1.0,neutral,neutral,0.351,0.302,True,hesitant,2285.71,0.0,0.0,0.2002,1.0,0.266
14233.753204345703,0.387,0.389,0.571,0.334,1.0,0.152,1.0,neutral,neutral,0.351,0.302,True,hesitant,2285.71,0.0,0.0,0.2002,1.0,0.266
14282.938480377197,0.381,0.379,0.585,0.342,1.0,0.123,1.0,neutral,surprise,0.357,0.26,True,hesitant,2285.71,0.0,0.0,0.2002,1.0,0.266
14574.113130569458,0.398,0.401,0.585,0.375,1.0,0.233,1.0,neutral,surprise,0.357,0.26,True,hesitant,2285.71,0.0,0.0,0.2002,1.0,0.266
14629.43148612976,0.405,0.41,0.585,0.389,1.0,0.28,1.0,neutral,surprise,0.357,0.26,True,hesitant,2285.71,0.0,0.0,0.2002,1.0,0.266
14671.75555229187,0.448,0.437,0.603,0.519,1.0,0.433,1.0,neutral,surprise,0.206,0.032,True,hesitant,2285.71,0.0,0.0,0.2002,1.0,0.266
14987.188816070557,0.441,0.429,0.603,0.507,1.0,0.392,1.0,neutral,surprise,0.206,0.032,True,hesitant,2285.71,0.0,0.0,0.2002,1.0,0.266
15041.810274124146,0.42,0.402,0.603,0.469,1.0,0.267,1.0,backward,surprise,0.206,0.032,True,hesitant,2285.71,0.0,0.0,0.2002,1.0,0.266
15097.033500671387,0.402,0.39,0.588,0.404,1.0,0.207,1.0,backward,surprise,0.286,0.162,False,hesitant,2285.71,0.0,0.0,0.2002,1.0,0.266
15407.196283340454,0.395,0.382,0.588,0.391,1.0,0.164,1.0,neutral,surprise,0.286,0.162,False,hesitant,2285.71,0.0,0.0,0.2002,1.0,0.266
15454.854965209961,0.391,0.377,0.588,0.383,1.0,0.139,1.0,neutral,surprise,0.286,0.162,False,hesitant,2285.71,0.0,0.0,0.2002,1.0,0.266
15501.18088722229,0.393,0.378,0.57,0.368,1.0,0.136,1.0,neutral,surprise,0.274,0.207,False,hesitant,2285.71,0.0,0.0,0.2002,1.0,0.266
15734.798908233643,0.394,0.379,0.57,0.369,1.0,0.141,1.0,neutral,surprise,0.274,0.207,False,hesitant,2285.71,0.0,0.0,0.2002,1.0,0.266
15798.163890838623,0.394,0.379,0.57,0.37,1.0,0.143,1.0,neutral,surprise,0.274,0.207,False,hesitant,2285.71,0.0,0.0,0.2002,1.0,0.266
15853.80220413208,0.424,0.404,0.531,0.394,1.0,0.142,1.0,neutral,surprise,0.286,0.183,False,hesitant,1655.51,853646.5,0.0057,0.1668,0.747,0.395
16155.116081237793,0.424,0.404,0.531,0.395,1.0,0.146,1.0,neutral,surprise,0.286,0.183,False,hesitant,1655.51,853646.5,0.0057,0.1668,0.747,0.395
16197.563171386719,0.426,0.407,0.531,0.398,1.0,0.156,0.991,neutral,surprise,0.286,0.183,False,hesitant,1655.51,853646.5,0.0057,0.1668,0.747,0.395
16249.362230300903,0.434,0.434,0.539,0.401,1.0,0.127,0.81,neutral,surprise,0.296,0.149,False,hesitant,1655.51,853646.5,0.0057,0.1668,0.747,0.395
16571.24662399292,0.435,0.434,0.539,0.406,1.0,0.145,0.831,neutral,surprise,0.296,0.149,False,hesitant,1655.51,853646.5,0.0057,0.1668,0.747,0.395
16613.51990699768,0.436,0.431,0.539,0.414,1.0,0.17,0.871,neutral,surprise,0.296,0.149,False,hesitant,1655.51,853646.5,0.0057,0.1668,0.747,0.395
16663.331747055054,0.432,0.441,0.527,0.374,1.0,0.186,0.851,neutral,surprise,0.323,0.259,False,hesitant,1655.51,853646.5,0.0057,0.1668,0.747,0.395
17003.732681274414,0.485,0.501,0.527,0.48,1.0,0.541,0.862,neutral,surprise,0.323,0.259,False,hesitant,1655.51,853646.5,0.0057,0.1668,0.747,0.395
17060.74810028076,0.476,0.482,0.527,0.473,1.0,0.516,0.943,neutral,surprise,0.323,0.259,False,hesitant,1655.51,853646.5,0.0057,0.1668,0.747,0.395
17106.987476348877,0.472,0.49,0.519,0.441,1.0,0.483,0.88,neutral,neutral,0.326,0.314,True,hesitant,1655.51,853646.5,0.0057,0.1668,0.747,0.395
17416.730403900146,0.467,0.472,0.519,0.446,1.0,0.498,1.0,neutral,neutral,0.326,0.314,True,hesitant,1655.51,853646.5,0.0057,0.1668,0.747,0.395
17461.99369430542,0.456,0.46,0.519,0.423,1.0,0.422,1.0,neutral,neutral,0.326,0.314,True,hesitant,1655.51,853646.5,0.0057,0.1668,0.747,0.395
17503.5240650177,0.457,0.456,0.533,0.447,1.0,0.423,1.0,neutral,surprise,0.345,0.264,True,hesitant,1655.51,853646.5,0.0057,0.1668,0.747,0.395
17840.298175811768,0.481,0.474,0.486,0.451,1.0,0.422,1.0,neutral,surprise,0.345,0.264,True,hesitant,1361.83,991852.9,0.0073,0.1504,0.648,0.449
17890.49792289734,0.474,0.465,0.486,0.438,1.0,0.378,1.0,neutral,surprise,0.345,0.264,True,hesitant,1361.83,991852.9,0.0073,0.1504,0.648,0.449
17935.82034111023,0.461,0.456,0.508,0.431,1.0,0.326,1.0,neutral,surprise,0.415,0.267,True,hesitant,1361.83,991852.9,0.0073,0.1504,0.648,0.449
18167.423725128174,0.46,0.455,0.508,0.429,1.0,0.32,1.0,neutral,surprise,0.415,0.267,True,hesitant,1361.83,991852.9,0.0073,0.1504,0.648,0.449
18211.22646331787,0.46,0.455,0.508,0.428,1.0,0.318,1.0,neutral,surprise,0.415,0.267,True,hesitant,1361.83,991852.9,0.0073,0.1504,0.648,0.449
18265.244245529175,0.481,0.457,0.498,0.486,1.0,0.348,1.0,neutral,surprise,0.328,0.139,True,hesitant,1361.83,991852.9,0.0073,0.1504,0.648,0.449
18554.67677116394,0.481,0.457,0.498,0.486,1.0,0.348,1.0,neutral,surprise,0.328,0.139,True,hesitant,1361.83,991852.9,0.0073,0.1504,0.648,0.449
18600.2357006073,0.477,0.452,0.498,0.478,1.0,0.322,1.0,neutral,surprise,0.328,0.139,True,hesitant,1361.83,991852.9,0.0073,0.1504,0.648,0.449
18648.932218551636,0.477,0.456,0.495,0.469,1.0,0.304,0.963,neutral,surprise,0.323,0.153,True,hesitant,1361.83,991852.9,0.0073,0.1504,0.648,0.449
18914.090871810913,0.486,0.489,0.495,0.462,1.0,0.281,0.767,neutral,surprise,0.323,0.153,True,hesitant,1361.83,991852.9,0.0073,0.1504,0.648,0.449
18985.816478729248,0.481,0.481,0.495,0.452,1.0,0.248,0.774,neutral,surprise,0.323,0.153,True,hesitant,1361.83,991852.9,0.0073,0.1504,0.648,0.449
19030.948638916016,0.486,0.511,0.499,0.44,1.0,0.224,0.594,neutral,surprise,0.335,0.141,True,hesitant,1361.83,991852.9,0.0073,0.1504,0.648,0.449
19292.656183242798,0.495,0.516,0.499,0.463,1.0,0.302,0.644,neutral,surprise,0.335,0.141,True,hesitant,1361.83,991852.9,0.0073,0.1504,0.648,0.449
19333.091974258423,0.493,0.51,0.499,0.465,1.0,0.307,0.684,neutral,surprise,0.335,0.141,True,hesitant,1361.83,991852.9,0.0073,0.1504,0.648,0.449
19370.880842208862,0.5,0.527,0.496,0.463,1.0,0.313,0.6,neutral,surprise,0.326,0.147,True,hesitant,1361.83,991852.9,0.0073,0.1504,0.648,0.449
19691.298723220825,0.516,0.551,0.496,0.489,1.0,0.398,0.559,neutral,surprise,0.326,0.147,True,hesitant,1361.83,991852.9,0.0073,0.1504,0.648,0.449
19735.506057739258,0.456,0.511,0.609,0.467,1.0,0.399,0.601,neutral,surprise,0.326,0.147,True,hesitant,2285.71,0.0,0.0,0.2007,1.0,0.266
19779.800176620483,0.463,0.523,0.61,0.479,1.0,0.409,0.55,neutral,surprise,0.309,0.122,True,hesitant,2285.71,0.0,0.0,0.2007,1.0,0.266
19967.03600883484,0.463,0.513,0.61,0.489,1.0,0.443,0.634,neutral,surprise,0.309,0.122,True,hesitant,2285.71,0.0,0.0,0.2007,1.0,0.266
20009.825468063354,0.469,0.519,0.61,0.503,1.0,0.491,0.652,neutral,surprise,0.309,0.122,True,hesitant,2285.71,0.0,0.0,0.2007,1.0,0.266
20055.64856529236,0.449,0.502,0.629,0.479,1.0,0.432,0.676,neutral,surprise,0.38,0.131,True,hesitant,2285.71,0.0,0.0,0.2007,1.0,0.266
20306.12349510193,0.452,0.501,0.629,0.491,1.0,0.472,0.718,neutral,surprise,0.38,0.131,True,hesitant,2285.71,0.0,0.0,0.2007,1.0,0.266
20356.404542922974,0.45,0.499,0.629,0.486,1.0,0.453,0.711,neutral,surprise,0.38,0.131,True,hesitant,2285.71,0.0,0.0,0.2007,1.0,0.266
20398.659706115723,0.45,0.497,0.629,0.489,1.0,0.459,0.724,neutral,surprise,0.379,0.128,True,hesitant,2285.71,0.0,0.0,0.2007,1.0,0.266
20661.089658737183,0.448,0.492,0.629,0.488,1.0,0.455,0.747,neutral,surprise,0.379,0.128,True,hesitant,2285.71,0.0,0.0,0.2007,1.0,0.266
20702.762842178345,0.452,0.497,0.629,0.494,1.0,0.476,0.741,neutral,surprise,0.379,0.128,True,hesitant,2285.71,0.0,0.0,0.2007,1.0,0.266
20755.788326263428,0.464,0.527,0.626,0.496,1.0,0.486,0.609,neutral,surprise,0.371,0.13,True,hesitant,2285.71,0.0,0.0,0.2007,1.0,0.266
21009.5055103302,0.469,0.538,0.626,0.501,1.0,0.505,0.576,neutral,surprise,0.371,0.13,True,hesitant,2285.71,0.0,0.0,0.2007,1.0,0.266
21058.438539505005,0.471,0.54,0.626,0.504,1.0,0.515,0.574,neutral,surprise,0.371,0.13,True,hesitant,2285.71,0.0,0.0,0.2007,1.0,0.266
21103.877782821655,0.476,0.553,0.641,0.522,1.0,0.551,0.55,neutral,surprise,0.408,0.113,True,hesitant,2285.71,0.0,0.0,0.2007,1.0,0.266
21429.874181747437,0.477,0.56,0.641,0.519,1.0,0.544,0.511,neutral,surprise,0.408,0.113,True,hesitant,2285.71,0.0,0.0,0.2007,1.0,0.266
21487.093210220337,0.465,0.539,0.641,0.503,1.0,0.488,0.553,neutral,surprise,0.408,0.113,True,hesitant,2285.71,0.0,0.0,0.2007,1.0,0.266
21539.827585220337,0.467,0.554,0.636,0.487,1.0,0.458,0.45,neutral,surprise,0.403,0.13,True,hesitant,2285.71,0.0,0.0,0.2003,1.0,0.266
21759.72628593445,0.468,0.558,0.636,0.485,1.0,0.452,0.424,neutral,surprise,0.403,0.13,True,hesitant,2285.71,0.0,0.0,0.2003,1.0,0.266
21800.765991210938,0.466,0.554,0.636,0.481,1.0,0.437,0.427,neutral,surprise,0.403,0.13,True,hesitant,2285.71,0.0,0.0,0.2003,1.0,0.266
21842.037439346313,0.469,0.566,0.648,0.494,1.0,0.438,0.375,neutral,surprise,0.422,0.098,True,hesitant,2285.71,0.0,0.0,0.2003,1.0,0.266
22038.65957260132,0.47,0.563,0.648,0.498,1.0,0.451,0.4,neutral,surprise,0.422,0.098,True,hesitant,2285.71,0.0,0.0,0.2003,1.0,0.266
22069.305419921875,0.469,0.564,0.648,0.496,1.0,0.445,0.392,neutral,surprise,0.422,0.098,True,hesitant,2285.71,0.0,0.0,0.2003,1.0,0.266
22099.547624588013,0.475,0.569,0.637,0.497,1.0,0.433,0.357,neutral,surprise,0.375,0.086,True,hesitant,2285.71,0.0,0.0,0.2003,1.0,0.266
22218.494415283203,0.469,0.555,0.637,0.493,1.0,0.421,0.415,neutral,surprise,0.375,0.086,True,hesitant,2285.71,0.0,0.0,0.2003,1.0,0.266
22247.10488319397,0.47,0.556,0.637,0.493,1.0,0.419,0.408,neutral,surprise,0.375,0.086,True,hesitant,2285.71,0.0,0.0,0.2003,1.0,0.266
27091.22347831726,0.525,0.578,0.591,0.599,1.0,0.766,0.598,neutral,surprise,0.305,0.083,True,hesitant,2109.32,325038.37,0.0,0.1987,1.0,0.339
27221.50468826294,0.52,0.575,0.591,0.586,1.0,0.725,0.573,neutral,surprise,0.305,0.083,True,hesitant,2109.32,325038.37,0.0,0.1987,1.0,0.339
27254.253149032593,0.521,0.58,0.591,0.582,1.0,0.71,0.533,neutral,surprise,0.305,0.083,True,hesitant,2109.32,325038.37,0.0,0.1987,1.0,0.339
27286.388158798218,0.523,0.577,0.588,0.589,1.0,0.674,0.522,neutral,surprise,0.243,0.038,True,hesitant,2109.32,325038.37,0.0,0.1987,1.0,0.339
27418.169021606445,0.521,0.569,0.588,0.592,1.0,0.684,0.57,neutral,surprise,0.243,0.038,True,hesitant,2109.32,325038.37,0.0,0.1987,1.0,0.339
27451.15327835083,0.512,0.551,0.588,0.584,1.0,0.657,0.641,neutral,surprise,0.243,0.038,True,hesitant,2109.32,325038.37,0.0,0.1987,1.0,0.339
27481.98652267456,0.514,0.56,0.588,0.58,1.0,0.635,0.573,neutral,surprise,0.238,0.031,True,hesitant,2109.32,325038.37,0.0,0.1987,1.0,0.339
27610.246896743774,0.5,0.542,0.588,0.553,1.0,0.545,0.579,neutral,surprise,0.238,0.031,True,hesitant,2109.32,325038.37,0.0,0.1987,1.0,0.339
27640.227794647217,0.487,0.522,0.588,0.534,1.0,0.481,0.622,neutral,surprise,0.238,0.031,True,hesitant,2109.32,325038.37,0.0,0.1987,1.0,0.339
27668.89977455139,0.484,0.517,0.584,0.524,1.0,0.444,0.61,neutral,surprise,0.206,0.026,True,hesitant,2109.32,325038.37,0.0,0.1987,1.0,0.339
27800.600290298462,0.486,0.516,0.584,0.534,1.0,0.475,0.647,neutral,surprise,0.206,0.026,True,hesitant,2109.32,325038.37,0.0,0.1987,1.0,0.339
27831.901788711548,0.493,0.519,0.584,0.551,1.0,0.534,0.689,neutral,surprise,0.206,0.026,True,hesitant,2109.32,325038.37,0.0,0.1987,1.0,0.339
27862.064599990845,0.5,0.527,0.576,0.557,1.0,0.59,0.697,neutral,surprise,0.194,0.054,True,hesitant,2109.32,325038.37,0.0,0.1987,1.0,0.339
27993.18289756775,0.499,0.529,0.576,0.551,1.0,0.573,0.669,neutral,surprise,0.194,0.054,True,hesitant,2109.32,325038.37,0.0,0.1987,1.0,0.339
28023.072481155396,0.499,0.532,0.576,0.547,1.0,0.558,0.639,neutral,surprise,0.194,0.054,True,hesitant,2109.32,325038.37,0.0,0.1987,1.0,0.339
28054.676055908203,0.491,0.534,0.584,0.528,1.0,0.565,0.628,neutral,surprise,0.294,0.111,False,hesitant,2109.32,325038.37,0.0,0.1987,1.0,0.339
28172.733545303345,0.515,0.553,0.584,0.587,1.0,0.763,0.724,neutral,surprise,0.294,0.111,False,hesitant,2109.32,325038.37,0.0,0.1987,1.0,0.339
28204.64849472046,0.51,0.544,0.584,0.579,1.0,0.736,0.745,neutral,surprise,0.294,0.111,False,hesitant,2109.32,325038.37,0.0,0.1987,1.0,0.339
28239.733934402466,0.517,0.554,0.591,0.601,1.0,0.755,0.716,neutral,surprise,0.297,0.078,False,hesitant,2109.32,325038.37,0.0,0.1987,1.0,0.339
28366.265535354614,0.482,0.504,0.591,0.54,1.0,0.552,0.778,neutral,surprise,0.297,0.078,False,hesitant,2109.32,325038.37,0.0,0.1987,1.0,0.339
28395.729780197144,0.455,0.466,0.591,0.496,1.0,0.405,0.831,neutral,surprise,0.297,0.078,False,hesitant,2109.32,325038.37,0.0,0.1987,1.0,0.339
28426.225662231445,0.447,0.473,0.624,0.501,1.0,0.425,0.814,neutral,surprise,0.468,0.08,False,hesitant,2109.32,325038.37,0.0,0.1987,1.0,0.339
28550.61984062195,0.458,0.491,0.624,0.515,1.0,0.474,0.769,neutral,surprise,0.468,0.08,False,hesitant,2109.32,325038.37,0.0,0.1987,1.0,0.339
28578.001260757446,0.46,0.491,0.624,0.522,1.0,0.495,0.788,neutral,surprise,0.468,0.08,False,hesitant,2109.32,325038.37,0.0,0.1987,1.0,0.339
28623.031616210938,0.468,0.504,0.612,0.518,1.0,0.532,0.755,neutral,surprise,0.43,0.117,False,hesitant,2109.32,325038.37,0.0,0.1987,1.0,0.339
28807.552337646484,0.493,0.521,0.572,0.537,1.0,0.504,0.723,neutral,surprise,0.43,0.117,False,hesitant,1475.14,880298.57,0.0091,0.1857,0.692,0.389
28838.810920715332,0.493,0.521,0.572,0.537,1.0,0.504,0.719,neutral,surprise,0.43,0.117,False,hesitant,1475.14,880298.57,0.0091,0.1857,0.692,0.389
28867.498874664307,0.493,0.524,0.578,0.54,1.0,0.499,0.7,neutral,surprise,0.45,0.097,False,hesitant,1475.14,880298.57,0.0091,0.1857,0.692,0.389
28993.022203445435,0.497,0.527,0.578,0.549,1.0,0.529,0.713,neutral,surprise,0.45,0.097,False,hesitant,1475.14,880298.57,0.0091,0.1857,0.692,0.389
29022.600889205933,0.507,0.538,0.578,0.57,1.0,0.598,0.725,neutral,surprise,0.45,0.097,False,hesitant,1475.14,880298.57,0.0091,0.1857,0.692,0.389
29054.31056022644,0.527,0.565,0.532,0.553,1.0,0.667,0.639,neutral,surprise,0.304,0.2,False,hesitant,1475.14,880298.57,0.0091,0.1857,0.692,0.389
29175.062656402588,0.523,0.562,0.532,0.541,1.0,0.629,0.617,neutral,surprise,0.304,0.2,False,hesitant,1475.14,880298.57,0.0091,0.1857,0.692,0.389
29203.582048416138,0.499,0.528,0.532,0.5,1.0,0.49,0.659,neutral,surprise,0.304,0.2,False,hesitant,1475.14,880298.57,0.0091,0.1857,0.692,0.389
29235.060453414917,0.512,0.537,0.548,0.554,1.0,0.483,0.621,neutral,surprise,0.268,0.057,False,hesitant,1475.14,880298.57,0.0091,0.1857,0.692,0.389
29359.683513641357,0.514,0.536,0.548,0.559,1.0,0.502,0.647,neutral,surprise,0.268,0.057,False,hesitant,1475.14,880298.57,0.0091,0.1857,0.692,0.389
29389.80007171631,0.515,0.538,0.548,0.562,1.0,0.512,0.646,neutral,surprise,0.268,0.057,False,hesitant,1475.14,880298.57,0.0091,0.1857,0.692,0.389
29418.440580368042,0.509,0.545,0.577,0.566,1.0,0.555,0.644,neutral,surprise,0.439,0.081,False,hesitant,1475.14,880298.57,0.0091,0.1857,0.692,0.389
29541.352033615112,0.506,0.54,0.577,0.564,1.0,0.55,0.666,neutral,surprise,0.439,0.081,False,hesitant,1475.14,880298.57,0.0091,0.1857,0.692,0.389
29567.775011062622,0.506,0.539,0.577,0.563,1.0,0.545,0.668,neutral,surprise,0.439,0.081,False,hesitant,1475.14,880298.57,0.0091,0.1857,0.692,0.389
29597.0356464386,0.501,0.52,0.552,0.54,1.0,0.547,0.766,neutral,surprise,0.349,0.141,False,hesitant,1475.14,880298.57,0.0091,0.1857,0.692,0.389
29715.51203727722,0.5,0.518,0.552,0.54,1.0,0.548,0.774,neutral,surprise,0.349,0.141,False,hesitant,1475.14,880298.57,0.0091,0.1857,0.692,0.389
29744.897842407227,0.5,0.514,0.552,0.543,1.0,0.558,0.807,neutral,surprise,0.349,0.141,False,hesitant,1475.14,880298.57,0.0091,0.1857,0.692,0.389
29776.655912399292,0.491,0.505,0.559,0.532,1.0,0.525,0.824,neutral,surprise,0.383,0.142,False,hesitant,1475.14,880298.57,0.0091,0.1857,0.692,0.389
29893.293380737305,0.476,0.473,0.559,0.521,1.0,0.489,0.959,neutral,surprise,0.383,0.142,False,hesitant,1475.14,880298.57,0.0091,0.1857,0.692,0.389
29922.003507614136,0.468,0.462,0.559,0.506,1.0,0.438,0.967,neutral,surprise,0.383,0.142,False,hesitant,1475.14,880298.57,0.0091,0.1857,0.692,0.389
29957.584381103516,0.475,0.461,0.571,0.546,1.0,0.45,0.988,neutral,surprise,0.39,0.045,False,hesitant,1475.14,880298.57,0.0091,0.1857,0.692,0.389
30077.423810958862,0.502,0.493,0.571,0.597,1.0,0.621,0.991,neutral,surprise,0.39,0.045,False,hesitant,1475.14,880298.57,0.0091,0.1857,0.692,0.389
30106.28056526184,0.504,0.499,0.571,0.599,1.0,0.626,0.967,neutral,surprise,0.39,0.045,False,hesitant,1475.14,880298.57,0.0091,0.1857,0.692,0.389
30136.27552986145,0.492,0.505,0.519,0.491,1.0,0.626,0.951,neutral,neutral,0.338,0.328,False,hesitant,1475.14,880298.57,0.0091,0.1857,0.692,0.389
30260.864973068237,0.481,0.486,0.519,0.475,1.0,0.57,1.0,neutral,neutral,0.338,0.328,False,hesitant,1475.14,880298.57,0.0091,0.1857,0.692,0.389
30290.623903274536,0.478,0.483,0.519,0.47,1.0,0.555,1.0,neutral,neutral,0.338,0.328,False,hesitant,1475.14,880298.57,0.0091,0.1857,0.692,0.389
30320.333003997803,0.481,0.468,0.557,0.542,1.0,0.499,1.0,neutral,surprise,0.349,0.105,False,hesitant,1475.14,880298.57,0.0091,0.1857,0.692,0.389
30535.90440750122,0.496,0.485,0.557,0.57,1.0,0.593,1.0,neutral,surprise,0.349,0.105,False,hesitant,1475.14,880298.57,0.0091,0.1857,0.692,0.389
30570.932149887085,0.595,0.562,0.388,0.613,1.0,0.629,1.0,neutral,surprise,0.349,0.105,False,stressed,474.42,380321.44,0.0198,0.099,0.198,0.605
30602.023363113403,0.591,0.564,0.387,0.597,1.0,0.646,1.0,neutral,surprise,0.348,0.171,False,stressed,474.42,380321.44,0.0198,0.099,0.198,0.605
30723.62184524536,0.583,0.556,0.387,0.581,1.0,0.595,0.998,neutral,surprise,0.348,0.171,False,stressed,474.42,380321.44,0.0198,0.099,0.198,0.605
30754.74214553833,0.575,0.547,0.387,0.564,1.0,0.539,1.0,neutral,surprise,0.348,0.171,False,stressed,474.42,380321.44,0.0198,0.099,0.198,0.605
30798.821210861206,0.579,0.551,0.374,0.556,1.0,0.479,0.914,neutral,surprise,0.262,0.126,False,stressed,474.42,380321.44,0.0198,0.099,0.198,0.605
30932.791471481323,0.588,0.561,0.374,0.574,1.0,0.538,0.914,neutral,surprise,0.262,0.126,False,stressed,474.42,380321.44,0.0198,0.099,0.198,0.605
30962.185621261597,0.588,0.561,0.374,0.576,1.0,0.544,0.916,neutral,surprise,0.262,0.126,False,stressed,474.42,380321.44,0.0198,0.099,0.198,0.605
30993.253469467163,0.588,0.573,0.377,0.565,1.0,0.56,0.856,neutral,surprise,0.289,0.168,True,stressed,474.42,380321.44,0.0198,0.099,0.198,0.605
31123.833894729614,0.583,0.563,0.377,0.561,1.0,0.547,0.904,neutral,surprise,0.289,0.168,True,stressed,474.42,380321.44,0.0198,0.099,0.198,0.605
31154.31237220764,0.586,0.571,0.377,0.562,1.0,0.552,0.863,neutral,surprise,0.289,0.168,True,stressed,474.42,380321.44,0.0198,0.099,0.198,0.605
31183.524131774902,0.598,0.591,0.392,0.595,1.0,0.55,0.749,neutral,surprise,0.377,0.084,True,stressed,474.42,380321.44,0.0198,0.099,0.198,0.605
31324.21374320984,0.597,0.587,0.392,0.596,1.0,0.554,0.782,neutral,surprise,0.377,0.084,True,stressed,474.42,380321.44,0.0198,0.099,0.198,0.605
31357.826709747314,0.579,0.561,0.392,0.565,1.0,0.452,0.83,neutral,surprise,0.377,0.084,True,stressed,474.42,380321.44,0.0198,0.099,0.198,0.605
31389.825105667114,0.563,0.565,0.382,0.498,1.0,0.459,0.802,neutral,surprise,0.333,0.258,True,stressed,474.42,380321.44,0.0198,0.099,0.198,0.605
31529.804944992065,0.571,0.575,0.382,0.512,1.0,0.505,0.786,neutral,surprise,0.333,0.258,True,stressed,474.42,380321.44,0.0198,0.099,0.198,0.605
31559.494733810425,0.573,0.579,0.382,0.514,1.0,0.511,0.767,neutral,surprise,0.333,0.258,True,stressed,474.42,380321.44,0.0198,0.099,0.198,0.605
31591.480493545532,0.567,0.58,0.382,0.491,1.0,0.519,0.773,neutral,neutral,0.342,0.329,True,stressed,474.42,380321.44,0.0198,0.099,0.198,0.605
31729.429244995117,0.572,0.591,0.382,0.495,1.0,0.533,0.718,neutral,neutral,0.342,0.329,True,stressed,474.42,380321.44,0.0198,0.099,0.198,0.605
31757.60006904602,0.558,0.559,0.382,0.486,1.0,0.502,0.895,neutral,neutral,0.342,0.329,True,stressed,474.42,380321.44,0.0198,0.099,0.198,0.605
31787.880182266235,0.564,0.562,0.379,0.501,1.0,0.538,0.906,neutral,neutral,0.328,0.314,True,stressed,474.42,380321.44,0.0198,0.099,0.198,0.605
31922.7135181427,0.558,0.547,0.379,0.499,1.0,0.532,1.0,neutral,neutral,0.328,0.314,True,stressed,474.42,380321.44,0.0198,0.099,0.198,0.605
31950.512886047363,0.557,0.546,0.379,0.496,1.0,0.522,1.0,neutral,neutral,0.328,0.314,True,stressed,474.42,380321.44,0.0198,0.099,0.198,0.605
31980.82447052002,0.557,0.559,0.375,0.474,1.0,0.51,0.918,neutral,neutral,0.322,0.369,True,stressed,474.42,380321.44,0.0198,0.099,0.198,0.605
32104.478359222412,0.558,0.56,0.375,0.477,1.0,0.52,0.919,neutral,neutral,0.322,0.369,True,stressed,474.42,380321.44,0.0198,0.099,0.198,0.605
32136.915922164917,0.559,0.56,0.375,0.482,1.0,0.539,0.938,neutral,neutral,0.322,0.369,True,stressed,474.42,380321.44,0.0198,0.099,0.198,0.605
32191.112518310547,0.518,0.527,0.436,0.455,1.0,0.525,0.955,neutral,neutral,0.352,0.372,True,stressed,607.4,587796.53,0.0118,0.1383,0.462,0.524
32385.24079322815,0.52,0.538,0.436,0.449,1.0,0.504,0.863,neutral,neutral,0.352,0.372,True,stressed,607.4,587796.53,0.0118,0.1383,0.462,0.524
32413.224935531616,0.513,0.524,0.436,0.441,1.0,0.478,0.922,neutral,neutral,0.352,0.372,True,stressed,607.4,587796.53,0.0118,0.1383,0.462,0.524
32443.328380584717,0.519,0.512,0.443,0.483,1.0,0.451,0.935,neutral,surprise,0.34,0.242,True,stressed,607.4,587796.53,0.0118,0.1383,0.462,0.524
32558.377504348755,0.518,0.51,0.443,0.482,1.0,0.448,0.941,neutral,surprise,0.34,0.242,True,stressed,607.4,587796.53,0.0118,0.1383,0.462,0.524
32588.33956718445,0.502,0.492,0.443,0.45,1.0,0.341,0.943,neutral,surprise,0.34,0.242,True,stressed,607.4,587796.53,0.0118,0.1383,0.462,0.524
32620.109796524048,0.502,0.497,0.447,0.45,1.0,0.335,0.906,neutral,surprise,0.354,0.235,True,stressed,607.4,587796.53,0.0118,0.1383,0.462,0.524
32759.472131729126,0.516,0.534,0.447,0.452,1.0,0.342,0.694,neutral,surprise,0.354,0.235,True,stressed,607.4,587796.53,0.0118,0.1383,0.462,0.524
32786.9815826416,0.515,0.535,0.447,0.448,1.0,0.331,0.679,neutral,surprise,0.354,0.235,True,stressed,607.4,587796.53,0.0118,0.1383,0.462,0.524
32816.87307357788,0.529,0.562,0.445,0.461,1.0,0.336,0.52,neutral,surprise,0.337,0.204,True,stressed,607.4,587796.53,0.0118,0.1383,0.462,0.524
32944.85402107239,0.533,0.566,0.445,0.468,1.0,0.36,0.524,neutral,surprise,0.337,0.204,True,stressed,607.4,587796.53,0.0118,0.1383,0.462,0.524
32974.934101104736,0.537,0.571,0.445,0.477,1.0,0.389,0.523,neutral,surprise,0.337,0.204,True,stressed,607.4,587796.53,0.0118,0.1383,0.462,0.524
33004.77337837219,0.542,0.578,0.449,0.489,1.0,0.402,0.495,neutral,surprise,0.345,0.181,True,stressed,607.4,587796.53,0.0118,0.1383,0.462,0.524
33126.898765563965,0.546,0.588,0.449,0.49,1.0,0.405,0.439,neutral,surprise,0.345,0.181,True,stressed,607.4,587796.53,0.0118,0.1383,0.462,0.524
33154.32000160217,0.549,0.596,0.449,0.491,1.0,0.406,0.395,neutral,surprise,0.345,0.181,True,stressed,607.4,587796.53,0.0118,0.1383,0.462,0.524
33183.21204185486,0.551,0.597,0.447,0.496,1.0,0.407,0.394,neutral,surprise,0.335,0.168,True,stressed,607.4,587796.53,0.0118,0.1383,0.462,0.524
33316.72024726868,0.563,0.616,0.447,0.513,1.0,0.464,0.336,neutral,surprise,0.335,0.168,True,stressed,607.4,587796.53,0.0118,0.1383,0.462,0.524
33346.9922542572,0.546,0.594,0.447,0.482,1.0,0.362,0.361,neutral,surprise,0.335,0.168,True,stressed,607.4,587796.53,0.0118,0.1383,0.462,0.524
33376.43218040466,0.545,0.598,0.448,0.474,1.0,0.368,0.342,neutral,surprise,0.354,0.216,True,stressed,607.4,587796.53,0.0118,0.1383,0.462,0.524
33502.90942192078,0.55,0.606,0.448,0.482,1.0,0.392,0.318,neutral,surprise,0.354,0.216,True,stressed,607.4,587796.53,0.0118,0.1383,0.462,0.524
33532.886266708374,0.547,0.603,0.448,0.475,1.0,0.37,0.315,neutral,surprise,0.354,0.216,True,stressed,607.4,587796.53,0.0118,0.1383,0.462,0.524
33564.97240066528,0.543,0.606,0.445,0.455,1.0,0.382,0.31,neutral,surprise,0.356,0.277,True,stressed,607.4,587796.53,0.0118,0.1383,0.462,0.524
33704.97488975525,0.539,0.593,0.445,0.459,1.0,0.395,0.394,neutral,surprise,0.356,0.277,True,stressed,607.4,587796.53,0.0118,0.1383,0.462,0.524
33735.24355888367,0.532,0.579,0.445,0.452,1.0,0.372,0.458,neutral,surprise,0.356,0.277,True,stressed,607.4,587796.53,0.0118,0.1383,0.462,0.524
33764.61124420166,0.532,0.575,0.45,0.462,1.0,0.372,0.479,neutral,surprise,0.371,0.262,True,stressed,607.4,587796.53,0.0118,0.1383,0.462,0.524
33886.852979660034,0.527,0.568,0.45,0.453,1.0,0.345,0.499,neutral,surprise,0.371,0.262,True,stressed,607.4,587796.53,0.0118,0.1383,0.462,0.524
33914.50476646423,0.528,0.569,0.45,0.456,1.0,0.355,0.501,neutral,surprise,0.371,0.262,True,stressed,607.4,587796.53,0.0118,0.1383,0.462,0.524
33959.88845825195,0.523,0.569,0.455,0.445,1.0,0.352,0.498,neutral,surprise,0.398,0.288,True,stressed,607.4,587796.53,0.0118,0.1383,0.462,0.524
34140.26975631714,0.449,0.512,0.569,0.397,1.0,0.287,0.511,neutral,surprise,0.398,0.288,True,hesitant,1734.81,848709.47,0.0024,0.1826,0.89,0.347
34166.327238082886,0.436,0.475,0.569,0.398,1.0,0.289,0.716,neutral,surprise,0.398,0.288,True,hesitant,1734.81,848709.47,0.0024,0.1826,0.89,0.347
34194.74649429321,0.443,0.481,0.573,0.419,1.0,0.303,0.689,neutral,surprise,0.398,0.264,True,hesitant,1734.81,848709.47,0.0024,0.1826,0.89,0.347
34310.02879142761,0.443,0.483,0.573,0.416,1.0,0.295,0.675,neutral,surprise,0.398,0.264,True,hesitant,1734.81,848709.47,0.0024,0.1826,0.89,0.347
34336.955070495605,0.441,0.477,0.573,0.416,1.0,0.295,0.707,neutral,surprise,0.398,0.264,True,hesitant,1734.81,848709.47,0.0024,0.1826,0.89,0.347
34366.3592338562,0.439,0.475,0.572,0.409,1.0,0.289,0.711,neutral,surprise,0.393,0.263,True,hesitant,1734.81,848709.47,0.0024,0.1826,0.89,0.347
34520.51138877869,0.438,0.471,0.572,0.41,1.0,0.292,0.737,neutral,surprise,0.393,0.263,True,hesitant,1734.81,848709.47,0.0024,0.1826,0.89,0.347
34549.55530166626,0.436,0.467,0.572,0.41,1.0,0.291,0.758,neutral,surprise,0.393,0.263,True,hesitant,1734.81,848709.47,0.0024,0.1826,0.89,0.347
34579.8134803772,0.441,0.479,0.567,0.406,1.0,0.29,0.688,neutral,surprise,0.376,0.26,True,hesitant,1734.81,848709.47,0.0024,0.1826,0.89,0.347
34693.04418563843,0.445,0.489,0.567,0.406,1.0,0.292,0.634,neutral,surprise,0.376,0.26,True,hesitant,1734.81,848709.47,0.0024,0.1826,0.89,0.347
34723.718881607056,0.442,0.481,0.567,0.407,1.0,0.294,0.679,neutral,surprise,0.376,0.26,True,hesitant,1734.81,848709.47,0.0024,0.1826,0.89,0.347
34759.53006744385,0.448,0.485,0.572,0.428,1.0,0.3,0.658,neutral,surprise,0.36,0.207,True,hesitant,1734.81,848709.47,0.0024,0.1826,0.89,0.347
34883.71801376343,0.439,0.462,0.572,0.426,1.0,0.291,0.77,neutral,surprise,0.36,0.207,True,hesitant,1734.81,848709.47,0.0024,0.1826,0.89,0.347
34913.36989402771,0.438,0.46,0.572,0.424,1.0,0.284,0.773,neutral,surprise,0.36,0.207,True,hesitant,1734.81,848709.47,0.0024,0.1826,0.89,0.347
34945.33824920654,0.424,0.451,0.562,0.377,1.0,0.28,0.855,neutral,neutral,0.394,0.321,True,hesitant,1734.81,848709.47,0.0024,0.1826,0.89,0.347
35061.044454574585,0.436,0.486,0.562,0.377,1.0,0.28,0.662,neutral,neutral,0.394,0.321,True,hesitant,1734.81,848709.47,0.0024,0.1826,0.89,0.347
35091.392517089844,0.434,0.482,0.562,0.375,1.0,0.273,0.675,neutral,neutral,0.394,0.321,True,hesitant,1734.81,848709.47,0.0024,0.1826,0.89,0.347
35123.28362464905,0.442,0.482,0.567,0.407,1.0,0.253,0.63,neutral,surprise,0.355,0.223,True,hesitant,1734.81,848709.47,0.0024,0.1826,0.89,0.347
35252.09426879883,0.443,0.475,0.567,0.416,1.0,0.285,0.701,neutral,surprise,0.355,0.223,True,hesitant,1734.81,848709.47,0.0024,0.1826,0.89,0.347
35283.87928009033,0.441,0.469,0.567,0.419,1.0,0.293,0.738,neutral,surprise,0.355,0.223,True,hesitant,1734.81,848709.47,0.0024,0.1826,0.89,0.347
35311.37561798096,0.445,0.47,0.572,0.436,1.0,0.314,0.755,neutral,surprise,0.361,0.207,True,hesitant,1734.81,848709.47,0.0024,0.1826,0.89,0.347
35429.59499359131,0.445,0.472,0.572,0.434,1.0,0.308,0.738,neutral,surprise,0.361,0.207,True,hesitant,1734.81,848709.47,0.0024,0.1826,0.89,0.347
35456.671476364136,0.447,0.472,0.572,0.439,1.0,0.324,0.753,neutral,surprise,0.361,0.207,True,hesitant,1734.81,848709.47,0.0024,0.1826,0.89,0.347
35488.07787895203,0.437,0.457,0.569,0.42,1.0,0.291,0.804,neutral,surprise,0.359,0.22,True,hesitant,1734.81,848709.47,0.0024,0.1826,0.89,0.347
35613.39282989502,0.438,0.46,0.569,0.419,1.0,0.289,0.781,neutral,surprise,0.359,0.22,True,hesitant,1734.81,848709.47,0.0024,0.1826,0.89,0.347
35647.06873893738,0.439,0.462,0.569,0.421,1.0,0.295,0.777,neutral,surprise,0.359,0.22,True,hesitant,1734.81,848709.47,0.0024,0.1826,0.89,0.347
35677.53791809082,0.442,0.479,0.566,0.407,1.0,0.282,0.678,neutral,surprise,0.364,0.246,True,hesitant,1734.81,848709.47,0.0024,0.1826,0.89,0.347
35877.95925140381,0.44,0.475,0.566,0.407,1.0,0.282,0.704,neutral,surprise,0.364,0.246,True,hesitant,1734.81,848709.47,0.0024,0.1826,0.89,0.347
35912.55068778992,0.427,0.482,0.604,0.398,1.0,0.276,0.602,neutral,surprise,0.364,0.246,True,hesitant,2285.71,0.0,0.0,0.2018,1.0,0.264
35939.80884552002,0.428,0.49,0.604,0.392,1.0,0.279,0.565,neutral,surprise,0.374,0.262,True,hesitant,2285.71,0.0,0.0,0.2018,1.0,0.264
36052.67882347107,0.425,0.48,0.604,0.394,1.0,0.284,0.624,neutral,surprise,0.374,0.262,True,hesitant,2285.71,0.0,0.0,0.2018,1.0,0.264
36081.01749420166,0.428,0.482,0.604,0.404,1.0,0.319,0.646,neutral,surprise,0.374,0.262,True,hesitant,2285.71,0.0,0.0,0.2018,1.0,0.264
36115.08131027222,0.435,0.504,0.604,0.401,1.0,0.319,0.539,neutral,surprise,0.39,0.284,True,hesitant,2285.71,0.0,0.0,0.2018,1.0,0.264
36241.26148223877,0.435,0.507,0.604,0.396,1.0,0.302,0.51,neutral,surprise,0.39,0.284,True,hesitant,2285.71,0.0,0.0,0.2018,1.0,0.264
36272.61281013489,0.427,0.492,0.604,0.389,1.0,0.279,0.558,neutral,surprise,0.39,0.284,True,hesitant,2285.71,0.0,0.0,0.2018,1.0,0.264
36304.842710494995,0.432,0.489,0.606,0.411,1.0,0.297,0.583,neutral,surprise,0.362,0.236,True,hesitant,2285.71,0.0,0.0,0.2018,1.0,0.264
36455.275774002075,0.438,0.503,0.606,0.414,1.0,0.305,0.521,neutral,surprise,0.362,0.236,True,hesitant,2285.71,0.0,0.0,0.2018,1.0,0.264
36504.63557243347,0.441,0.514,0.606,0.411,1.0,0.296,0.455,neutral,surprise,0.362,0.236,True,hesitant,2285.71,0.0,0.0,0.2018,1.0,0.264
36552.85310745239,0.442,0.523,0.614,0.413,1.0,0.291,0.403,neutral,surprise,0.375,0.224,True,hesitant,2285.71,0.0,0.0,0.2018,1.0,0.264
36823.158740997314,0.446,0.528,0.614,0.421,1.0,0.316,0.408,neutral,surprise,0.375,0.224,True,hesitant,2285.71,0.0,0.0,0.2018,1.0,0.264
36863.6691570282,0.447,0.53,0.614,0.421,1.0,0.317,0.392,neutral,surprise,0.375,0.224,True,hesitant,2285.71,0.0,0.0,0.2018,1.0,0.264
36919.53706741333,0.443,0.524,0.613,0.413,1.0,0.308,0.416,neutral,surprise,0.379,0.232,True,hesitant,2285.71,0.0,0.0,0.2018,1.0,0.264
37197.71671295166,0.444,0.525,0.613,0.417,1.0,0.32,0.424,neutral,surprise,0.379,0.232,True,hesitant,2285.71,0.0,0.0,0.2018,1.0,0.264
37250.123500823975,0.444,0.521,0.613,0.42,1.0,0.332,0.459,neutral,surprise,0.379,0.232,True,hesitant,2285.71,0.0,0.0,0.2018,1.0,0.264
37308.82430076599,0.447,0.527,0.605,0.413,1.0,0.322,0.42,neutral,surprise,0.368,0.249,True,hesitant,2285.71,0.0,0.0,0.2018,1.0,0.264
37734.55834388733,0.446,0.527,0.605,0.41,1.0,0.313,0.407,neutral,surprise,0.368,0.249,True,hesitant,2285.71,0.0,0.0,0.2018,1.0,0.264
37791.152477264404,0.447,0.529,0.605,0.412,1.0,0.321,0.407,neutral,surprise,0.368,0.249,True,hesitant,2285.71,0.0,0.0,0.2018,1.0,0.264
37841.299057006836,0.467,0.545,0.61,0.466,1.0,0.363,0.407,neutral,surprise,0.324,0.131,True,hesitant,2285.71,0.0,0.0,0.2009,1.0,0.265
38056.69665336609,0.474,0.566,0.61,0.466,1.0,0.362,0.304,neutral,surprise,0.324,0.131,True,hesitant,2285.71,0.0,0.0,0.2009,1.0,0.265
38102.208375930786,0.468,0.556,0.61,0.457,1.0,0.335,0.324,neutral,surprise,0.324,0.131,True,hesitant,2285.71,0.0,0.0,0.2009,1.0,0.265
38146.57783508301,0.465,0.555,0.607,0.443,1.0,0.335,0.328,neutral,surprise,0.343,0.167,True,hesitant,2285.71,0.0,0.0,0.2009,1.0,0.265
38340.03710746765,0.463,0.547,0.607,0.447,1.0,0.346,0.379,neutral,surprise,0.343,0.167,True,hesitant,2285.71,0.0,0.0,0.2009,1.0,0.265
38383.004903793335,0.461,0.542,0.607,0.447,1.0,0.347,0.403,neutral,surprise,0.343,0.167,True,hesitant,2285.71,0.0,0.0,0.2009,1.0,0.265
38425.77242851257,0.462,0.543,0.599,0.439,1.0,0.354,0.404,neutral,surprise,0.343,0.197,True,hesitant,2285.71,0.0,0.0,0.2009,1.0,0.265
38616.79482460022,0.462,0.542,0.599,0.441,1.0,0.36,0.417,neutral,surprise,0.343,0.197,True,hesitant,2285.71,0.0,0.0,0.2009,1.0,0.265
38651.83520317078,0.469,0.555,0.599,0.447,1.0,0.38,0.371,neutral,surprise,0.343,0.197,True,hesitant,2285.71,0.0,0.0,0.2009,1.0,0.265
38690.046310424805,0.466,0.548,0.605,0.454,1.0,0.372,0.396,neutral,surprise,0.346,0.179,True,hesitant,2285.71,0.0,0.0,0.2009,1.0,0.265
38880.53894042969,0.471,0.551,0.605,0.465,1.0,0.408,0.422,neutral,surprise,0.346,0.179,True,hesitant,2285.71,0.0,0.0,0.2009,1.0,0.265
38914.94607925415,0.475,0.561,0.605,0.469,1.0,0.423,0.382,neutral,surprise,0.346,0.179,True,hesitant,2285.71,0.0,0.0,0.2009,1.0,0.265
38947.335720062256,0.47,0.542,0.599,0.466,1.0,0.427,0.48,neutral,surprise,0.328,0.177,True,hesitant,2285.71,0.0,0.0,0.2009,1.0,0.265
39105.870723724365,0.462,0.529,0.599,0.454,1.0,0.385,0.505,neutral,surprise,0.328,0.177,True,hesitant,2285.71,0.0,0.0,0.2009,1.0,0.265
39136.6183757782,0.462,0.532,0.599,0.453,1.0,0.382,0.486,neutral,surprise,0.328,0.177,True,hesitant,2285.71,0.0,0.0,0.2009,1.0,0.265
39164.05653953552,0.453,0.519,0.602,0.439,1.0,0.335,0.503,neutral,surprise,0.34,0.182,True,hesitant,2285.71,0.0,0.0,0.2009,1.0,0.265
39295.51601409912,0.456,0.529,0.602,0.438,1.0,0.331,0.45,neutral,surprise,0.34,0.182,True,hesitant,2285.71,0.0,0.0,0.2009,1.0,0.265
39322.20244407654,0.446,0.507,0.602,0.43,1.0,0.303,0.527,neutral,surprise,0.34,0.182,True,hesitant,2285.71,0.0,0.0,0.2009,1.0,0.265
39351.14073753357,0.443,0.51,0.6,0.415,1.0,0.306,0.52,neutral,surprise,0.371,0.23,True,hesitant,2285.71,0.0,0.0,0.2009,1.0,0.265
39557.50322341919,0.441,0.507,0.6,0.412,1.0,0.297,0.527,neutral,surprise,0.371,0.23,True,hesitant,2285.71,0.0,0.0,0.2009,1.0,0.265
39598.67715835571,0.421,0.457,0.6,0.405,1.0,0.273,0.749,neutral,surprise,0.371,0.23,True,hesitant,2285.71,0.0,0.0,0.2009,1.0,0.265
44466.583490371704,0.461,0.523,0.607,0.468,1.0,0.433,0.566,neutral,surprise,0.338,0.173,True,hesitant,2285.71,0.0,0.0,0.2001,1.0,0.267
44495.96405029297,0.447,0.5,0.607,0.449,1.0,0.372,0.622,neutral,surprise,0.338,0.173,True,hesitant,2285.71,0.0,0.0,0.2001,1.0,0.267
44526.67450904846,0.45,0.51,0.611,0.45,1.0,0.377,0.577,neutral,surprise,0.35,0.173,True,hesitant,2285.71,0.0,0.0,0.2001,1.0,0.267
44656.18848800659,0.45,0.51,0.611,0.451,1.0,0.383,0.583,neutral,surprise,0.35,0.173,True,hesitant,2285.71,0.0,0.0,0.2001,1.0,0.267
44688.78674507141,0.449,0.506,0.611,0.452,1.0,0.384,0.6,neutral,surprise,0.35,0.173,True,hesitant,2285.71,0.0,0.0,0.2001,1.0,0.267
44722.355365753174,0.46,0.523,0.58,0.434,1.0,0.471,0.613,neutral,surprise,0.343,0.278,True,hesitant,2285.71,0.0,0.0,0.2001,1.0,0.267
44954.67472076416,0.455,0.506,0.58,0.437,1.0,0.48,0.71,neutral,surprise,0.343,0.278,True,hesitant,2285.71,0.0,0.0,0.2001,1.0,0.267
44991.10245704651,0.457,0.507,0.575,0.437,1.0,0.481,0.72,neutral,surprise,0.343,0.278,True,hesitant,2285.71,0.0,0.0,0.2009,1.0,0.265
45022.581577301025,0.447,0.493,0.593,0.44,1.0,0.46,0.761,neutral,surprise,0.371,0.252,True,hesitant,2285.71,0.0,0.0,0.2009,1.0,0.265
45156.18062019348,0.449,0.495,0.593,0.445,1.0,0.476,0.771,neutral,surprise,0.371,0.252,True,hesitant,2285.71,0.0,0.0,0.2009,1.0,0.265
45187.01529502869,0.444,0.476,0.593,0.45,1.0,0.494,0.885,neutral,surprise,0.371,0.252,True,hesitant,2285.71,0.0,0.0,0.2009,1.0,0.265
45219.905614852905,0.458,0.496,0.581,0.458,1.0,0.553,0.847,neutral,neutral,0.356,0.274,True,hesitant,2285.71,0.0,0.0,0.2009,1.0,0.265
45361.18817329407,0.466,0.511,0.581,0.467,1.0,0.58,0.796,neutral,neutral,0.356,0.274,True,hesitant,2285.71,0.0,0.0,0.2009,1.0,0.265
45392.147064208984,0.465,0.51,0.581,0.466,1.0,0.577,0.8,neutral,neutral,0.356,0.274,True,hesitant,2285.71,0.0,0.0,0.2009,1.0,0.265
45423.5954284668,0.476,0.5,0.618,0.557,1.0,0.575,0.846,neutral,surprise,0.275,0.045,True,hesitant,2285.71,0.0,0.0,0.2009,1.0,0.265
45565.096616744995,0.482,0.509,0.618,0.566,1.0,0.605,0.835,neutral,surprise,0.275,0.045,True,hesitant,2285.71,0.0,0.0,0.2009,1.0,0.265
45595.43752670288,0.48,0.505,0.618,0.565,1.0,0.604,0.855,neutral,surprise,0.275,0.045,True,hesitant,2285.71,0.0,0.0,0.2009,1.0,0.265
45627.26283073425,0.469,0.49,0.619,0.548,1.0,0.578,0.895,neutral,surprise,0.312,0.077,True,hesitant,2285.71,0.0,0.0,0.2009,1.0,0.265
45763.35382461548,0.454,0.458,0.619,0.534,1.0,0.532,1.0,neutral,surprise,0.312,0.077,True,hesitant,2285.71,0.0,0.0,0.2009,1.0,0.265
45795.753717422485,0.45,0.453,0.619,0.527,1.0,0.509,1.0,neutral,surprise,0.312,0.077,True,hesitant,2285.71,0.0,0.0,0.2009,1.0,0.265
45829.60534095764,0.436,0.436,0.623,0.505,1.0,0.431,1.0,neutral,surprise,0.328,0.081,True,hesitant,2285.71,0.0,0.0,0.2009,1.0,0.265
45970.542669296265,0.432,0.43,0.623,0.497,1.0,0.404,1.0,neutral,surprise,0.328,0.081,True,hesitant,2285.71,0.0,0.0,0.2009,1.0,0.265
46002.073764801025,0.462,0.469,0.623,0.552,1.0,0.588,1.0,neutral,surprise,0.328,0.081,True,hesitant,2285.71,0.0,0.0,0.2009,1.0,0.265
46034.745931625366,0.463,0.47,0.622,0.555,1.0,0.591,1.0,neutral,surprise,0.32,0.074,True,hesitant,2285.71,0.0,0.0,0.2009,1.0,0.265
46179.61239814758,0.465,0.472,0.622,0.557,1.0,0.599,1.0,neutral,surprise,0.32,0.074,True,hesitant,2285.71,0.0,0.0,0.2009,1.0,0.265
46212.17632293701,0.465,0.472,0.622,0.557,1.0,0.599,1.0,neutral,surprise,0.32,0.074,True,hesitant,2285.71,0.0,0.0,0.2009,1.0,0.265
46244.68278884888,0.462,0.459,0.603,0.54,1.0,0.54,1.0,neutral,surprise,0.307,0.131,True,hesitant,2285.71,0.0,0.0,0.2009,1.0,0.265
46384.61256027222,0.452,0.447,0.603,0.523,1.0,0.484,1.0,neutral,surprise,0.307,0.131,True,hesitant,2285.71,0.0,0.0,0.2009,1.0,0.265
46416.28170013428,0.444,0.436,0.603,0.507,1.0,0.429,1.0,neutral,surprise,0.307,0.131,True,hesitant,2285.71,0.0,0.0,0.2009,1.0,0.265
46451.401710510254,0.432,0.441,0.564,0.418,1.0,0.424,1.0,neutral,surprise,0.325,0.29,True,hesitant,2285.71,0.0,0.0,0.2009,1.0,0.265
46646.55828475952,0.434,0.443,0.564,0.421,1.0,0.434,1.0,neutral,surprise,0.325,0.29,True,hesitant,2285.71,0.0,0.0,0.2009,1.0,0.265
46684.91077423096,0.433,0.442,0.564,0.419,1.0,0.429,1.0,neutral,surprise,0.325,0.29,True,hesitant,2285.71,0.0,0.0,0.2009,1.0,0.265
46727.081537246704,0.491,0.476,0.52,0.523,1.0,0.409,0.9,neutral,surprise,0.212,0.057,True,hesitant,1665.77,867064.24,0.0065,0.1671,0.725,0.402
46879.64200973511,0.491,0.474,0.52,0.523,1.0,0.408,0.911,neutral,surprise,0.212,0.057,True,hesitant,1665.77,867064.24,0.0065,0.1671,0.725,0.402
46910.90893745422,0.498,0.496,0.52,0.522,1.0,0.406,0.796,neutral,surprise,0.212,0.057,True,hesitant,1665.77,867064.24,0.0065,0.1671,0.725,0.402
46941.288232803345,0.495,0.505,0.54,0.523,1.0,0.415,0.757,neutral,surprise,0.312,0.058,True,hesitant,1665.77,867064.24,0.0065,0.1671,0.725,0.402
47080.501556396484,0.499,0.517,0.54,0.522,1.0,0.412,0.692,neutral,surprise,0.312,0.058,True,hesitant,1665.77,867064.24,0.0065,0.1671,0.725,0.402
47112.08415031433,0.511,0.554,0.54,0.522,1.0,0.411,0.5,neutral,surprise,0.312,0.058,True,hesitant,1665.77,867064.24,0.0065,0.1671,0.725,0.402
47143.46146583557,0.511,0.562,0.549,0.523,1.0,0.411,0.464,neutral,surprise,0.355,0.055,True,hesitant,1665.77,867064.24,0.0065,0.1671,0.725,0.402
47279.775857925415,0.51,0.555,0.549,0.525,1.0,0.418,0.505,neutral,surprise,0.355,0.055,True,hesitant,1665.77,867064.24,0.0065,0.1671,0.725,0.402
47314.57710266113,0.51,0.556,0.549,0.524,1.0,0.415,0.496,neutral,surprise,0.355,0.055,True,hesitant,1665.77,867064.24,0.0065,0.1671,0.725,0.402
47348.61469268799,0.506,0.557,0.56,0.522,1.0,0.431,0.504,neutral,surprise,0.416,0.072,False,hesitant,1665.77,867064.24,0.0065,0.1671,0.725,0.402
47473.21605682373,0.515,0.581,0.56,0.525,1.0,0.438,0.39,neutral,surprise,0.416,0.072,False,hesitant,1665.77,867064.24,0.0065,0.1671,0.725,0.402
47504.62293624878,0.515,0.575,0.56,0.534,1.0,0.471,0.451,neutral,surprise,0.416,0.072,False,hesitant,1665.77,867064.24,0.0065,0.1671,0.725,0.402
47534.518241882324,0.518,0.575,0.552,0.534,1.0,0.471,0.451,neutral,surprise,0.379,0.074,True,hesitant,1665.77,867064.24,0.0065,0.1671,0.725,0.402
47658.15043449402,0.519,0.577,0.552,0.533,1.0,0.469,0.439,neutral,surprise,0.379,0.074,True,hesitant,1665.77,867064.24,0.0065,0.1671,0.725,0.402
47685.155630111694,0.507,0.545,0.552,0.53,1.0,0.458,0.594,neutral,surprise,0.379,0.074,True,hesitant,1665.77,867064.24,0.0065,0.1671,0.725,0.402
47717.063426971436,0.506,0.544,0.549,0.527,1.0,0.443,0.582,neutral,surprise,0.362,0.069,True,hesitant,1665.77,867064.24,0.0065,0.1671,0.725,0.402
47841.36176109314,0.506,0.544,0.549,0.527,1.0,0.442,0.585,neutral,surprise,0.362,0.069,True,hesitant,1665.77,867064.24,0.0065,0.1671,0.725,0.402
47877.169609069824,0.498,0.52,0.549,0.528,1.0,0.447,0.714,neutral,surprise,0.362,0.069,True,hesitant,1665.77,867064.24,0.0065,0.1671,0.725,0.402
47906.49390220642,0.493,0.514,0.55,0.52,1.0,0.42,0.718,neutral,surprise,0.369,0.07,False,hesitant,1665.77,867064.24,0.0065,0.1671,0.725,0.402
48023.39148521423,0.494,0.507,0.55,0.529,1.0,0.451,0.781,neutral,surprise,0.369,0.07,False,hesitant,1665.77,867064.24,0.0065,0.1671,0.725,0.402
48054.672718048096,0.491,0.499,0.55,0.528,1.0,0.447,0.819,neutral,surprise,0.369,0.07,False,hesitant,1665.77,867064.24,0.0065,0.1671,0.725,0.402
48110.11362075806,0.489,0.503,0.555,0.523,1.0,0.42,0.772,neutral,surprise,0.389,0.062,False,hesitant,1665.77,867064.24,0.0065,0.1671,0.725,0.402
48233.983516693115,0.487,0.498,0.555,0.522,1.0,0.416,0.796,neutral,surprise,0.389,0.062,False,hesitant,1665.77,867064.24,0.0065,0.1671,0.725,0.402
48263.62419128418,0.493,0.507,0.555,0.534,1.0,0.455,0.785,neutral,surprise,0.389,0.062,False,hesitant,1665.77,867064.24,0.0065,0.1671,0.725,0.402
48291.48197174072,0.499,0.52,0.548,0.529,1.0,0.525,0.78,neutral,surprise,0.393,0.135,True,hesitant,1665.77,867064.24,0.0065,0.1671,0.725,0.402
48481.80079460144,0.478,0.471,0.548,0.518,1.0,0.488,1.0,neutral,surprise,0.393,0.135,True,hesitant,1665.77,867064.24,0.0065,0.1671,0.725,0.402
48516.36457443237,0.469,0.459,0.548,0.499,1.0,0.427,1.0,neutral,surprise,0.393,0.135,True,hesitant,1665.77,867064.24,0.0065,0.1671,0.725,0.402
48551.16772651672,0.542,0.506,0.441,0.565,1.0,0.453,1.0,neutral,surprise,0.213,0.036,True,stressed,451.53,391862.76,0.0138,0.0932,0.407,0.529
48679.04543876648,0.538,0.502,0.441,0.557,1.0,0.426,1.0,neutral,surprise,0.213,0.036,True,stressed,451.53,391862.76,0.0138,0.0932,0.407,0.529
48716.787815093994,0.538,0.502,0.441,0.557,1.0,0.426,1.0,neutral,surprise,0.213,0.036,True,stressed,451.53,391862.76,0.0138,0.0932,0.407,0.529
48748.836278915405,0.524,0.503,0.445,0.514,1.0,0.443,1.0,neutral,surprise,0.308,0.164,True,stressed,451.53,391862.76,0.0138,0.0932,0.407,0.529
48881.23178482056,0.529,0.508,0.445,0.524,1.0,0.475,1.0,neutral,surprise,0.308,0.164,True,stressed,451.53,391862.76,0.0138,0.0932,0.407,0.529
48910.87865829468,0.53,0.509,0.445,0.526,1.0,0.483,1.0,neutral,surprise,0.308,0.164,True,stressed,451.53,391862.76,0.0138,0.0932,0.407,0.529
48939.60165977478,0.536,0.509,0.449,0.55,1.0,0.477,1.0,neutral,surprise,0.308,0.095,True,stressed,451.53,391862.76,0.0138,0.0932,0.407,0.529
49052.86645889282,0.532,0.504,0.449,0.541,1.0,0.447,1.0,neutral,surprise,0.308,0.095,True,stressed,451.53,391862.76,0.0138,0.0932,0.407,0.529
49084.89465713501,0.527,0.499,0.449,0.532,1.0,0.416,1.0,neutral,surprise,0.308,0.095,True,stressed,451.53,391862.76,0.0138,0.0932,0.407,0.529
49116.42837524414,0.51,0.498,0.442,0.468,1.0,0.407,1.0,neutral,surprise,0.324,0.248,True,stressed,451.53,391862.76,0.0138,0.0932,0.407,0.529
49235.99171638489,0.508,0.496,0.442,0.463,1.0,0.391,1.0,neutral,surprise,0.324,0.248,True,stressed,451.53,391862.76,0.0138,0.0932,0.407,0.529
49266.016244888306,0.508,0.496,0.442,0.463,1.0,0.39,1.0,neutral,surprise,0.324,0.248,True,stressed,451.53,391862.76,0.0138,0.0932,0.407,0.529
49297.04999923706,0.502,0.494,0.451,0.457,1.0,0.38,1.0,neutral,neutral,0.37,0.257,True,stressed,451.53,391862.76,0.0138,0.0932,0.407,0.529
49412.26029396057,0.509,0.502,0.451,0.472,1.0,0.43,1.0,neutral,neutral,0.37,0.257,True,stressed,451.53,391862.76,0.0138,0.0932,0.407,0.529
49441.30897521973,0.522,0.516,0.451,0.499,1.0,0.52,1.0,neutral,neutral,0.37,0.257,True,stressed,451.53,391862.76,0.0138,0.0932,0.407,0.529
49471.93717956543,0.525,0.512,0.451,0.511,1.0,0.501,1.0,neutral,surprise,0.36,0.213,False,stressed,451.53,391862.76,0.0138,0.0932,0.407,0.529
49591.081380844116,0.524,0.512,0.451,0.51,1.0,0.499,1.0,neutral,surprise,0.36,0.213,False,stressed,451.53,391862.76,0.0138,0.0932,0.407,0.529
49619.560956954956,0.519,0.506,0.451,0.499,1.0,0.463,1.0,neutral,surprise,0.36,0.213,False,stressed,451.53,391862.76,0.0138,0.0932,0.407,0.529
49648.842334747314,0.517,0.512,0.447,0.481,1.0,0.494,1.0,neutral,surprise,0.36,0.282,True,stressed,451.53,391862.76,0.0138,0.0932,0.407,0.529
49777.095556259155,0.525,0.52,0.447,0.498,1.0,0.548,1.0,neutral,surprise,0.36,0.282,True,stressed,451.53,391862.76,0.0138,0.0932,0.407,0.529
49804.4695854187,0.533,0.529,0.447,0.514,1.0,0.603,1.0,neutral,surprise,0.36,0.282,True,stressed,451.53,391862.76,0.0138,0.0932,0.407,0.529
49832.857847213745,0.544,0.558,0.448,0.518,1.0,0.591,0.794,neutral,surprise,0.36,0.263,True,stressed,451.53,391862.76,0.0138,0.0932,0.407,0.529
49954.2920589447,0.545,0.563,0.448,0.516,1.0,0.584,0.752,neutral,surprise,0.36,0.263,True,stressed,451.53,391862.76,0.0138,0.0932,0.407,0.529
49986.86981201172,0.544,0.56,0.448,0.515,1.0,0.581,0.766,neutral,surprise,0.36,0.263,True,stressed,451.53,391862.76,0.0138,0.0932,0.407,0.529
50019.76442337036,0.553,0.573,0.447,0.53,1.0,0.629,0.732,neutral,surprise,0.352,0.262,True,stressed,451.53,391862.76,0.0138,0.0932,0.407,0.529
50184.18478965759,0.553,0.575,0.447,0.527,1.0,0.619,0.704,neutral,surprise,0.352,0.262,True,stressed,451.53,391862.76,0.0138,0.0932,0.407,0.529
50218.09887886047,0.546,0.567,0.447,0.515,1.0,0.578,0.72,neutral,surprise,0.352,0.262,True,stressed,451.53,391862.76,0.0138,0.0932,0.407,0.529
50250.49614906311,0.523,0.555,0.482,0.49,1.0,0.578,0.644,neutral,surprise,0.342,0.285,True,hesitant,531.28,566027.17,0.0088,0.1052,0.604,0.489
50389.44864273071,0.526,0.564,0.482,0.49,1.0,0.577,0.575,neutral,surprise,0.342,0.285,True,hesitant,531.28,566027.17,0.0088,0.1052,0.604,0.489
50421.480655670166,0.531,0.569,0.482,0.503,1.0,0.619,0.582,neutral,surprise,0.342,0.285,True,hesitant,531.28,566027.17,0.0088,0.1052,0.604,0.489
50449.79524612427,0.531,0.569,0.477,0.497,1.0,0.652,0.623,neutral,neutral,0.336,0.327,True,hesitant,531.28,566027.17,0.0088,0.1052,0.604,0.489
50567.95787811279,0.527,0.564,0.477,0.489,1.0,0.627,0.635,neutral,neutral,0.336,0.327,True,hesitant,531.28,566027.17,0.0088,0.1052,0.604,0.489
50594.75827217102,0.529,0.568,0.477,0.491,1.0,0.632,0.608,neutral,neutral,0.336,0.327,True,hesitant,531.28,566027.17,0.0088,0.1052,0.604,0.489
50622.98583984375,0.533,0.573,0.48,0.5,1.0,0.614,0.55,neutral,neutral,0.337,0.292,True,hesitant,531.28,566027.17,0.0088,0.1052,0.604,0.489
50740.97466468811,0.532,0.575,0.48,0.495,1.0,0.596,0.519,neutral,neutral,0.337,0.292,True,hesitant,531.28,566027.17,0.0088,0.1052,0.604,0.489
50769.64616775513,0.525,0.568,0.48,0.48,1.0,0.547,0.525,neutral,neutral,0.337,0.292,True,hesitant,531.28,566027.17,0.0088,0.1052,0.604,0.489
50798.773765563965,0.521,0.564,0.481,0.473,1.0,0.518,0.523,neutral,neutral,0.34,0.284,True,hesitant,531.28,566027.17,0.0088,0.1052,0.604,0.489
50922.89447784424,0.518,0.562,0.481,0.465,1.0,0.491,0.513,neutral,neutral,0.34,0.284,True,hesitant,531.28,566027.17,0.0088,0.1052,0.604,0.489
50951.17449760437,0.514,0.558,0.481,0.458,1.0,0.467,0.512,neutral,neutral,0.34,0.284,True,hesitant,531.28,566027.17,0.0088,0.1052,0.604,0.489
50982.600927352905,0.513,0.557,0.479,0.454,1.0,0.466,0.52,neutral,neutral,0.329,0.294,True,hesitant,531.28,566027.17,0.0088,0.1052,0.604,0.489
51106.03213310242,0.509,0.551,0.479,0.446,1.0,0.44,0.539,neutral,neutral,0.329,0.294,True,hesitant,531.28,566027.17,0.0088,0.1052,0.604,0.489
51136.41405105591,0.508,0.547,0.479,0.447,1.0,0.441,0.567,neutral,neutral,0.329,0.294,True,hesitant,531.28,566027.17,0.0088,0.1052,0.604,0.489
51164.95609283447,0.511,0.548,0.483,0.46,1.0,0.445,0.567,neutral,surprise,0.344,0.267,True,hesitant,531.28,566027.17,0.0088,0.1052,0.604,0.489
51286.01121902466,0.512,0.55,0.483,0.462,1.0,0.451,0.556,neutral,surprise,0.344,0.267,True,hesitant,531.28,566027.17,0.0088,0.1052,0.604,0.489
51314.89157676697,0.516,0.56,0.483,0.462,1.0,0.449,0.482,neutral,surprise,0.344,0.267,True,hesitant,531.28,566027.17,0.0088,0.1052,0.604,0.489
51343.73378753662,0.516,0.567,0.482,0.454,1.0,0.448,0.432,neutral,surprise,0.346,0.285,True,hesitant,531.28,566027.17,0.0088,0.1052,0.604,0.489
51475.36277770996,0.518,0.575,0.482,0.452,1.0,0.443,0.367,neutral,surprise,0.346,0.285,True,hesitant,531.28,566027.17,0.0088,0.1052,0.604,0.489
51505.7897567749,0.521,0.58,0.482,0.456,1.0,0.454,0.334,neutral,surprise,0.346,0.285,True,hesitant,531.28,566027.17,0.0088,0.1052,0.604,0.489
51533.976793289185,0.522,0.585,0.483,0.453,1.0,0.456,0.299,neutral,neutral,0.353,0.293,True,hesitant,531.28,566027.17,0.0088,0.1052,0.604,0.489
51653.21230888367,0.517,0.579,0.483,0.446,1.0,0.435,0.328,neutral,neutral,0.353,0.293,True,hesitant,531.28,566027.17,0.0088,0.1052,0.604,0.489
51682.061195373535,0.516,0.578,0.483,0.443,1.0,0.425,0.325,neutral,neutral,0.353,0.293,True,hesitant,531.28,566027.17,0.0088,0.1052,0.604,0.489
51711.10677719116,0.514,0.569,0.484,0.447,1.0,0.395,0.355,neutral,surprise,0.347,0.26,True,hesitant,531.28,566027.17,0.0088,0.1052,0.604,0.489
51829.70857620239,0.511,0.564,0.484,0.444,1.0,0.388,0.388,neutral,surprise,0.347,0.26,True,hesitant,531.28,566027.17,0.0088,0.1052,0.604,0.489
51859.615087509155,0.511,0.564,0.484,0.443,1.0,0.382,0.38,neutral,surprise,0.347,0.26,True,hesitant,531.28,566027.17,0.0088,0.1052,0.604,0.489
51894.5677280426,0.512,0.567,0.485,0.445,1.0,0.382,0.363,neutral,surprise,0.352,0.258,True,hesitant,531.28,566027.17,0.0088,0.1052,0.604,0.489
52091.08018875122,0.522,0.592,0.469,0.429,1.0,0.417,0.422,neutral,surprise,0.352,0.258,True,hesitant,1749.18,853554.59,0.0001,0.183,1.0,0.451
52124.97925758362,0.53,0.594,0.469,0.455,1.0,0.504,0.497,neutral,surprise,0.352,0.258,True,hesitant,1749.18,853554.59,0.0001,0.183,1.0,0.451
52154.99663352966,0.527,0.59,0.47,0.451,1.0,0.506,0.521,neutral,surprise,0.359,0.272,True,hesitant,1749.18,853554.59,0.0001,0.183,1.0,0.451
52277.21333503723,0.521,0.58,0.47,0.443,1.0,0.479,0.547,neutral,surprise,0.359,0.272,True,hesitant,1749.18,853554.59,0.0001,0.183,1.0,0.451
52306.22839927673,0.506,0.556,0.47,0.42,1.0,0.404,0.59,neutral,surprise,0.359,0.272,True,hesitant,1749.18,853554.59,0.0001,0.183,1.0,0.451
52333.83369445801,0.506,0.543,0.473,0.44,1.0,0.386,0.632,neutral,surprise,0.345,0.214,True,hesitant,1749.18,853554.59,0.0001,0.183,1.0,0.451
52454.51378822327,0.499,0.53,0.473,0.429,1.0,0.351,0.659,neutral,surprise,0.345,0.214,True,hesitant,1749.18,853554.59,0.0001,0.183,1.0,0.451
52488.5196685791,0.511,0.544,0.473,0.453,1.0,0.431,0.676,neutral,surprise,0.345,0.214,True,hesitant,1749.18,853554.59,0.0001,0.183,1.0,0.451
52518.43452453613,0.511,0.551,0.471,0.443,1.0,0.437,0.643,neutral,surprise,0.349,0.238,True,hesitant,1749.18,853554.59,0.0001,0.183,1.0,0.451
52640.04683494568,0.517,0.548,0.471,0.467,1.0,0.516,0.736,neutral,surprise,0.349,0.238,True,hesitant,1749.18,853554.59,0.0001,0.183,1.0,0.451
52674.67904090881,0.511,0.532,0.471,0.466,1.0,0.514,0.813,neutral,surprise,0.349,0.238,True,hesitant,1749.18,853554.59,0.0001,0.183,1.0,0.451
52704.60653305054,0.507,0.533,0.478,0.46,1.0,0.505,0.804,neutral,surprise,0.373,0.253,True,hesitant,1749.18,853554.59,0.0001,0.183,1.0,0.451
52835.91914176941,0.497,0.509,0.478,0.453,1.0,0.483,0.897,neutral,surprise,0.373,0.253,True,hesitant,1749.18,853554.59,0.0001,0.183,1.0,0.451
52864.58992958069,0.493,0.497,0.478,0.453,1.0,0.484,0.957,neutral,surprise,0.373,0.253,True,hesitant,1749.18,853554.59,0.0001,0.183,1.0,0.451
52891.624450683594,0.501,0.491,0.475,0.486,1.0,0.467,0.964,neutral,surprise,0.327,0.154,True,hesitant,1749.18,853554.59,0.0001,0.183,1.0,0.451
53036.694049835205,0.504,0.5,0.475,0.485,1.0,0.464,0.919,neutral,surprise,0.327,0.154,True,hesitant,1749.18,853554.59,0.0001,0.183,1.0,0.451
53064.4474029541,0.503,0.501,0.475,0.48,1.0,0.447,0.894,neutral,surprise,0.327,0.154,True,hesitant,1749.18,853554.59,0.0001,0.183,1.0,0.451
53093.30153465271,0.491,0.493,0.484,0.458,1.0,0.43,0.921,neutral,surprise,0.369,0.192,False,hesitant,1749.18,853554.59,0.0001,0.183,1.0,0.451
53223.82402420044,0.487,0.485,0.484,0.457,1.0,0.425,0.953,neutral,surprise,0.369,0.192,False,hesitant,1749.18,853554.59,0.0001,0.183,1.0,0.451
53254.96745109558,0.488,0.489,0.484,0.455,1.0,0.419,0.927,neutral,surprise,0.369,0.192,False,hesitant,1749.18,853554.59,0.0001,0.183,1.0,0.451
53310.107946395874,0.499,0.498,0.477,0.471,1.0,0.42,0.883,neutral,surprise,0.332,0.151,False,hesitant,1749.18,853554.59,0.0001,0.183,1.0,0.451
53448.57621192932,0.494,0.482,0.477,0.473,1.0,0.426,0.968,neutral,surprise,0.332,0.151,False,hesitant,1749.18,853554.59,0.0001,0.183,1.0,0.451
53487.09797859192,0.493,0.481,0.477,0.471,1.0,0.419,0.964,neutral,surprise,0.332,0.151,False,hesitant,1749.18,853554.59,0.0001,0.183,1.0,0.451
53515.99097251892,0.494,0.499,0.48,0.458,1.0,0.415,0.876,neutral,surprise,0.352,0.181,True,hesitant,1749.18,853554.59,0.0001,0.183,1.0,0.451
53657.87076950073,0.5,0.515,0.48,0.458,1.0,0.413,0.797,neutral,surprise,0.352,0.181,True,hesitant,1749.18,853554.59,0.0001,0.183,1.0,0.451
53724.64466094971,0.498,0.516,0.48,0.45,1.0,0.386,0.762,neutral,surprise,0.352,0.181,True,hesitant,1749.18,853554.59,0.0001,0.183,1.0,0.451
53788.57469558716,0.45,0.496,0.609,0.466,1.0,0.4,0.678,neutral,surprise,0.333,0.149,True,hesitant,2285.71,0.0,0.0,0.2007,1.0,0.266
54161.21745109558,0.455,0.503,0.609,0.475,1.0,0.429,0.673,neutral,surprise,0.333,0.149,True,hesitant,2285.71,0.0,0.0,0.2007,1.0,0.266
54206.76112174988,0.454,0.496,0.609,0.477,1.0,0.436,0.712,neutral,surprise,0.333,0.149,True,hesitant,2285.71,0.0,0.0,0.2007,1.0,0.266
54251.47533416748,0.457,0.501,0.607,0.479,1.0,0.433,0.684,neutral,surprise,0.319,0.14,True,hesitant,2285.71,0.0,0.0,0.2007,1.0,0.266
54517.25792884827,0.458,0.503,0.607,0.48,1.0,0.434,0.676,neutral,surprise,0.319,0.14,True,hesitant,2285.71,0.0,0.0,0.2007,1.0,0.266
54563.703775405884,0.462,0.511,0.607,0.485,1.0,0.451,0.655,neutral,surprise,0.319,0.14,True,hesitant,2285.71,0.0,0.0,0.2007,1.0,0.266
54607.98692703247,0.46,0.517,0.606,0.469,1.0,0.45,0.622,neutral,surprise,0.356,0.187,True,hesitant,2285.71,0.0,0.0,0.2007,1.0,0.266
54856.92071914673,0.458,0.516,0.606,0.464,1.0,0.432,0.61,neutral,surprise,0.356,0.187,True,hesitant,2285.71,0.0,0.0,0.2007,1.0,0.266
54904.88004684448,0.454,0.503,0.606,0.466,1.0,0.44,0.684,neutral,surprise,0.356,0.187,True,hesitant,2285.71,0.0,0.0,0.2007,1.0,0.266
54945.842266082764,0.465,0.522,0.608,0.485,1.0,0.44,0.591,neutral,surprise,0.315,0.131,True,hesitant,2285.71,0.0,0.0,0.2007,1.0,0.266
55167.3903465271,0.461,0.518,0.608,0.475,1.0,0.407,0.579,neutral,surprise,0.315,0.131,True,hesitant,2285.71,0.0,0.0,0.2007,1.0,0.266
55214.7421836853,0.457,0.512,0.608,0.469,1.0,0.385,0.585,neutral,surprise,0.315,0.131,True,hesitant,2285.71,0.0,0.0,0.2007,1.0,0.266
55253.31425666809,0.455,0.506,0.606,0.466,1.0,0.393,0.62,neutral,surprise,0.322,0.148,False,hesitant,2285.71,0.0,0.0,0.2007,1.0,0.266
55447.157859802246,0.451,0.5,0.606,0.46,1.0,0.373,0.631,neutral,surprise,0.322,0.148,False,hesitant,2285.71,0.0,0.0,0.2007,1.0,0.266
55486.5403175354,0.452,0.503,0.606,0.46,1.0,0.373,0.618,neutral,surprise,0.322,0.148,False,hesitant,2285.71,0.0,0.0,0.2007,1.0,0.266
55526.158571243286,0.451,0.516,0.603,0.438,1.0,0.368,0.546,neutral,surprise,0.354,0.197,False,hesitant,2285.71,0.0,0.0,0.2007,1.0,0.266
55803.86686325073,0.457,0.537,0.603,0.435,1.0,0.359,0.435,neutral,surprise,0.354,0.197,False,hesitant,2285.71,0.0,0.0,0.2007,1.0,0.266
55850.594997406006,0.457,0.537,0.603,0.435,1.0,0.36,0.433,neutral,surprise,0.354,0.197,False,hesitant,2285.71,0.0,0.0,0.2007,1.0,0.266
55906.07452392578,0.458,0.537,0.592,0.424,1.0,0.361,0.432,neutral,surprise,0.341,0.229,True,hesitant,2285.71,0.0,0.0,0.2006,1.0,0.266
56071.95043563843,0.46,0.543,0.592,0.425,1.0,0.363,0.404,neutral,surprise,0.341,0.229,True,hesitant,2285.71,0.0,0.0,0.2006,1.0,0.266
56099.81989860535,0.464,0.554,0.592,0.425,1.0,0.365,0.351,neutral,surprise,0.341,0.229,True,hesitant,2285.71,0.0,0.0,0.2006,1.0,0.266
56130.04183769226,0.462,0.551,0.595,0.426,1.0,0.392,0.394,neutral,surprise,0.362,0.246,True,hesitant,2285.71,0.0,0.0,0.2006,1.0,0.266
56253.72624397278,0.466,0.562,0.595,0.425,1.0,0.387,0.332,neutral,surprise,0.362,0.246,True,hesitant,2285.71,0.0,0.0,0.2006,1.0,0.266
56283.95199775696,0.455,0.539,0.595,0.416,1.0,0.359,0.419,neutral,surprise,0.362,0.246,True,hesitant,2285.71,0.0,0.0,0.2006,1.0,0.266
56314.17107582092,0.456,0.536,0.602,0.429,1.0,0.369,0.444,neutral,surprise,0.363,0.22,True,hesitant,2285.71,0.0,0.0,0.2006,1.0,0.266
56444.64659690857,0.459,0.539,0.602,0.438,1.0,0.399,0.458,neutral,surprise,0.363,0.22,True,hesitant,2285.71,0.0,0.0,0.2006,1.0,0.266
56471.71378135681,0.463,0.551,0.602,0.435,1.0,0.39,0.389,neutral,surprise,0.363,0.22,True,hesitant,2285.71,0.0,0.0,0.2006,1.0,0.266
61273.43726158142,0.481,0.495,0.595,0.553,1.0,0.778,1.0,neutral,surprise,0.363,0.227,True,hesitant,2043.45,428349.65,0.0,0.2004,1.0,0.329
61398.66256713867,0.477,0.491,0.595,0.545,1.0,0.752,0.996,neutral,surprise,0.363,0.227,True,hesitant,2043.45,428349.65,0.0,0.2004,1.0,0.329
61431.10728263855,0.481,0.495,0.595,0.552,1.0,0.776,1.0,neutral,surprise,0.363,0.227,True,hesitant,2043.45,428349.65,0.0,0.2004,1.0,0.329
61460.200548172,0.482,0.496,0.589,0.55,1.0,0.782,0.998,neutral,surprise,0.346,0.236,True,hesitant,2043.45,428349.65,0.0,0.2004,1.0,0.329
61573.76146316528,0.478,0.492,0.589,0.541,1.0,0.754,0.994,neutral,surprise,0.346,0.236,True,hesitant,2043.45,428349.65,0.0,0.2004,1.0,0.329
61601.866483688354,0.479,0.492,0.589,0.543,1.0,0.758,1.0,neutral,surprise,0.346,0.236,True,hesitant,2043.45,428349.65,0.0,0.2004,1.0,0.329
61629.836082458496,0.487,0.501,0.595,0.565,1.0,0.809,1.0,neutral,surprise,0.361,0.224,True,hesitant,2043.45,428349.65,0.0,0.2004,1.0,0.329
61745.603799819946,0.478,0.491,0.595,0.548,1.0,0.752,1.0,neutral,surprise,0.361,0.224,True,hesitant,2043.45,428349.65,0.0,0.2004,1.0,0.329
61778.687715530396,0.474,0.487,0.595,0.541,1.0,0.731,1.0,neutral,surprise,0.361,0.224,True,hesitant,2043.45,428349.65,0.0,0.2004,1.0,0.329
61813.44819068909,0.473,0.485,0.604,0.55,1.0,0.723,1.0,neutral,surprise,0.364,0.174,True,hesitant,2043.45,428349.65,0.0,0.2004,1.0,0.329
61934.40294265747,0.493,0.508,0.604,0.59,1.0,0.856,1.0,neutral,surprise,0.364,0.174,True,hesitant,2043.45,428349.65,0.0,0.2004,1.0,0.329
61966.49885177612,0.505,0.521,0.604,0.612,1.0,0.928,1.0,neutral,surprise,0.364,0.174,True,hesitant,2043.45,428349.65,0.0,0.2004,1.0,0.329
61996.21605873108,0.519,0.526,0.61,0.66,1.0,0.951,1.0,neutral,surprise,0.319,0.073,True,hesitant,2043.45,428349.65,0.0,0.2004,1.0,0.329
62119.24505233765,0.496,0.5,0.61,0.616,1.0,0.806,1.0,neutral,surprise,0.319,0.073,True,hesitant,2043.45,428349.65,0.0,0.2004,1.0,0.329
62149.12271499634,0.472,0.471,0.61,0.568,1.0,0.645,1.0,neutral,surprise,0.319,0.073,True,hesitant,2043.45,428349.65,0.0,0.2004,1.0,0.329
62177.96754837036,0.46,0.458,0.613,0.549,1.0,0.569,1.0,neutral,surprise,0.322,0.059,True,hesitant,2043.45,428349.65,0.0,0.2004,1.0,0.329
62297.4374294281,0.467,0.465,0.613,0.562,1.0,0.611,1.0,neutral,surprise,0.322,0.059,True,hesitant,2043.45,428349.65,0.0,0.2004,1.0,0.329
62327.97932624817,0.463,0.461,0.613,0.555,1.0,0.589,1.0,neutral,surprise,0.322,0.059,True,hesitant,2043.45,428349.65,0.0,0.2004,1.0,0.329
62358.413219451904,0.467,0.463,0.61,0.562,1.0,0.599,1.0,neutral,surprise,0.3,0.052,True,hesitant,2043.45,428349.65,0.0,0.2004,1.0,0.329
62477.1785736084,0.464,0.459,0.61,0.555,1.0,0.576,1.0,neutral,surprise,0.3,0.052,True,hesitant,2043.45,428349.65,0.0,0.2004,1.0,0.329
62505.56492805481,0.469,0.466,0.61,0.566,1.0,0.615,1.0,neutral,surprise,0.3,0.052,True,hesitant,2043.45,428349.65,0.0,0.2004,1.0,0.329
62538.16199302673,0.468,0.464,0.61,0.564,1.0,0.603,1.0,neutral,surprise,0.293,0.048,True,hesitant,2043.45,428349.65,0.0,0.2004,1.0,0.329
62661.109924316406,0.462,0.457,0.61,0.552,1.0,0.562,1.0,neutral,surprise,0.293,0.048,True,hesitant,2043.45,428349.65,0.0,0.2004,1.0,0.329
62691.00999832153,0.46,0.455,0.61,0.549,1.0,0.552,1.0,neutral,surprise,0.293,0.048,True,hesitant,2043.45,428349.65,0.0,0.2004,1.0,0.329
62719.8920249939,0.459,0.454,0.613,0.548,1.0,0.546,1.0,neutral,surprise,0.311,0.045,True,hesitant,2043.45,428349.65,0.0,0.2004,1.0,0.329
62852.83946990967,0.466,0.462,0.613,0.562,1.0,0.593,1.0,neutral,surprise,0.311,0.045,True,hesitant,2043.45,428349.65,0.0,0.2004,1.0,0.329
62898.91481399536,0.468,0.465,0.613,0.567,1.0,0.607,1.0,neutral,surprise,0.311,0.045,True,hesitant,2043.45,428349.65,0.0,0.2004,1.0,0.329
62932.732582092285,0.467,0.452,0.619,0.584,1.0,0.615,1.0,neutral,surprise,0.195,0.041,True,hesitant,1773.52,677833.58,0.0042,0.2017,0.835,0.314
63089.88428115845,0.457,0.441,0.619,0.565,1.0,0.551,1.0,neutral,surprise,0.195,0.041,True,hesitant,1773.52,677833.58,0.0042,0.2017,0.835,0.314
63119.84133720398,0.46,0.444,0.619,0.571,1.0,0.571,1.0,neutral,surprise,0.195,0.041,True,hesitant,1773.52,677833.58,0.0042,0.2017,0.835,0.314
63149.396896362305,0.452,0.444,0.638,0.566,1.0,0.569,1.0,neutral,surprise,0.341,0.05,True,hesitant,1773.52,677833.58,0.0042,0.2017,0.835,0.314
63266.361713409424,0.446,0.437,0.638,0.555,1.0,0.531,1.0,neutral,surprise,0.341,0.05,True,hesitant,1773.52,677833.58,0.0042,0.2017,0.835,0.314
63295.4375743866,0.446,0.437,0.638,0.553,1.0,0.527,1.0,neutral,surprise,0.341,0.05,True,hesitant,1773.52,677833.58,0.0042,0.2017,0.835,0.314
63322.79920578003,0.452,0.433,0.618,0.555,1.0,0.501,1.0,neutral,surprise,0.163,0.026,True,hesitant,1773.52,677833.58,0.0042,0.2017,0.835,0.314
63446.56753540039,0.453,0.434,0.618,0.557,1.0,0.506,1.0,neutral,surprise,0.163,0.026,True,hesitant,1773.52,677833.58,0.0042,0.2017,0.835,0.314
63477.58078575134,0.453,0.434,0.618,0.558,1.0,0.511,1.0,neutral,surprise,0.163,0.026,True,hesitant,1773.52,677833.58,0.0042,0.2017,0.835,0.314
63508.60905647278,0.461,0.466,0.619,0.548,1.0,0.516,0.819,neutral,surprise,0.209,0.056,True,hesitant,1773.52,677833.58,0.0042,0.2017,0.835,0.314
63626.948595047,0.454,0.44,0.619,0.556,1.0,0.543,1.0,neutral,surprise,0.209,0.056,True,hesitant,1773.52,677833.58,0.0042,0.2017,0.835,0.314
63656.81743621826,0.454,0.439,0.619,0.555,1.0,0.54,1.0,neutral,surprise,0.209,0.056,True,hesitant,1773.52,677833.58,0.0042,0.2017,0.835,0.314
63687.71576881409,0.447,0.43,0.616,0.541,1.0,0.46,0.975,neutral,surprise,0.156,0.03,False,hesitant,1773.52,677833.58,0.0042,0.2017,0.835,0.314
63811.20705604553,0.447,0.429,0.616,0.542,1.0,0.466,0.985,neutral,surprise,0.156,0.03,False,hesitant,1773.52,677833.58,0.0042,0.2017,0.835,0.314
63840.688943862915,0.452,0.433,0.616,0.554,1.0,0.504,1.0,neutral,surprise,0.156,0.03,False,hesitant,1773.52,677833.58,0.0042,0.2017,0.835,0.314
63870.810985565186,0.435,0.434,0.612,0.492,1.0,0.49,0.986,neutral,surprise,0.302,0.181,True,hesitant,1773.52,677833.58,0.0042,0.2017,0.835,0.314
64000.99587440491,0.439,0.444,0.612,0.491,1.0,0.485,0.919,neutral,surprise,0.302,0.181,True,hesitant,1773.52,677833.58,0.0042,0.2017,0.835,0.314
64033.80632400513,0.45,0.472,0.612,0.496,1.0,0.502,0.769,neutral,surprise,0.302,0.181,True,hesitant,1773.52,677833.58,0.0042,0.2017,0.835,0.314
64064.9311542511,0.467,0.485,0.621,0.547,1.0,0.511,0.702,neutral,surprise,0.218,0.051,False,hesitant,1773.52,677833.58,0.0042,0.2017,0.835,0.314
64196.47407531738,0.463,0.477,0.621,0.543,1.0,0.499,0.739,neutral,surprise,0.218,0.051,False,hesitant,1773.52,677833.58,0.0042,0.2017,0.835,0.314
64224.22790527344,0.462,0.476,0.621,0.543,1.0,0.497,0.739,neutral,surprise,0.218,0.051,False,hesitant,1773.52,677833.58,0.0042,0.2017,0.835,0.314
64252.74133682251,0.459,0.477,0.64,0.555,1.0,0.521,0.761,neutral,surprise,0.347,0.041,True,hesitant,1773.52,677833.58,0.0042,0.2017,0.835,0.314
64378.56602668762,0.451,0.454,0.64,0.552,1.0,0.511,0.885,neutral,surprise,0.347,0.041,True,hesitant,1773.52,677833.58,0.0042,0.2017,0.835,0.314
64406.03160858154,0.452,0.458,0.64,0.553,1.0,0.514,0.862,neutral,surprise,0.347,0.041,True,hesitant,1773.52,677833.58,0.0042,0.2017,0.835,0.314
64434.31091308594,0.465,0.473,0.613,0.548,1.0,0.529,0.792,neutral,surprise,0.18,0.064,True,hesitant,1773.52,677833.58,0.0042,0.2017,0.835,0.314
64556.938886642456,0.456,0.454,0.613,0.539,1.0,0.499,0.871,neutral,surprise,0.18,0.064,True,hesitant,1773.52,677833.58,0.0042,0.2017,0.835,0.314
64591.8653011322,0.46,0.459,0.613,0.545,1.0,0.517,0.859,neutral,surprise,0.18,0.064,True,hesitant,1773.52,677833.58,0.0042,0.2017,0.835,0.314
64640.2108669281,0.454,0.467,0.654,0.566,1.0,0.553,0.851,neutral,surprise,0.446,0.038,False,hesitant,1773.52,677833.58,0.0042,0.2017,0.835,0.314
64816.508769989014,0.583,0.564,0.414,0.603,1.0,0.546,0.87,neutral,surprise,0.446,0.038,False,stressed,669.89,578943.69,0.0175,0.1321,0.286,0.593
64845.7190990448,0.587,0.569,0.414,0.61,1.0,0.569,0.864,neutral,surprise,0.446,0.038,False,stressed,669.89,578943.69,0.0175,0.1321,0.286,0.593
64912.8623008728,0.58,0.567,0.386,0.557,1.0,0.57,0.853,neutral,surprise,0.319,0.179,False,stressed,669.89,578943.69,0.0175,0.1321,0.286,0.593
65047.26266860962,0.573,0.544,0.386,0.559,1.0,0.579,0.991,neutral,surprise,0.319,0.179,False,stressed,669.89,578943.69,0.0175,0.1321,0.286,0.593
65075.973987579346,0.573,0.542,0.386,0.56,1.0,0.58,1.0,neutral,surprise,0.319,0.179,False,stressed,669.89,578943.69,0.0175,0.1321,0.286,0.593
65105.8669090271,0.596,0.553,0.387,0.626,1.0,0.621,1.0,neutral,surprise,0.289,0.037,False,stressed,669.89,578943.69,0.0175,0.1321,0.286,0.593
65223.50335121155,0.605,0.564,0.387,0.644,1.0,0.679,1.0,neutral,surprise,0.289,0.037,False,stressed,669.89,578943.69,0.0175,0.1321,0.286,0.593
65252.57229804993,0.606,0.566,0.387,0.646,1.0,0.688,1.0,neutral,surprise,0.289,0.037,False,stressed,669.89,578943.69,0.0175,0.1321,0.286,0.593
65283.188343048096,0.595,0.564,0.413,0.639,1.0,0.68,1.0,neutral,surprise,0.443,0.052,True,stressed,669.89,578943.69,0.0175,0.1321,0.286,0.593
65406.400203704834,0.591,0.559,0.413,0.632,1.0,0.657,1.0,neutral,surprise,0.443,0.052,True,stressed,669.89,578943.69,0.0175,0.1321,0.286,0.593
65433.28332901001,0.598,0.578,0.413,0.633,1.0,0.659,0.907,neutral,surprise,0.443,0.052,True,stressed,669.89,578943.69,0.0175,0.1321,0.286,0.593
65465.576171875,0.61,0.592,0.372,0.61,1.0,0.656,0.815,neutral,surprise,0.238,0.111,True,stressed,669.89,578943.69,0.0175,0.1321,0.286,0.593
65581.32314682007,0.588,0.548,0.372,0.588,1.0,0.582,0.977,neutral,surprise,0.238,0.111,True,stressed,669.89,578943.69,0.0175,0.1321,0.286,0.593
65611.33003234863,0.586,0.543,0.372,0.587,1.0,0.579,1.0,neutral,surprise,0.238,0.111,True,stressed,669.89,578943.69,0.0175,0.1321,0.286,0.593
65639.7807598114,0.59,0.557,0.406,0.625,1.0,0.642,1.0,neutral,surprise,0.404,0.065,True,stressed,669.89,578943.69,0.0175,0.1321,0.286,0.593
65752.4356842041,0.586,0.551,0.406,0.616,1.0,0.613,1.0,neutral,surprise,0.404,0.065,True,stressed,669.89,578943.69,0.0175,0.1321,0.286,0.593
65779.48594093323,0.572,0.534,0.406,0.589,1.0,0.522,1.0,neutral,surprise,0.404,0.065,True,stressed,669.89,578943.69,0.0175,0.1321,0.286,0.593
65809.6022605896,0.577,0.539,0.405,0.601,1.0,0.546,1.0,neutral,surprise,0.397,0.047,True,stressed,669.89,578943.69,0.0175,0.1321,0.286,0.593
65929.44097518921,0.579,0.541,0.405,0.604,1.0,0.557,1.0,neutral,surprise,0.397,0.047,True,stressed,669.89,578943.69,0.0175,0.1321,0.286,0.593
65957.90314674377,0.58,0.542,0.405,0.607,1.0,0.565,1.0,neutral,surprise,0.397,0.047,True,stressed,669.89,578943.69,0.0175,0.1321,0.286,0.593
65998.68893623352,0.587,0.539,0.379,0.602,1.0,0.546,1.0,neutral,surprise,0.247,0.046,True,stressed,669.89,578943.69,0.0175,0.1321,0.286,0.593
66113.74068260193,0.584,0.536,0.379,0.597,1.0,0.527,0.996,neutral,surprise,0.247,0.046,True,stressed,669.89,578943.69,0.0175,0.1321,0.286,0.593
66141.82782173157,0.577,0.527,0.379,0.584,1.0,0.485,1.0,neutral,surprise,0.247,0.046,True,stressed,669.89,578943.69,0.0175,0.1321,0.286,0.593
66171.1437702179,0.573,0.523,0.372,0.568,1.0,0.465,1.0,neutral,surprise,0.219,0.071,True,stressed,669.89,578943.69,0.0175,0.1321,0.286,0.593
66293.08414459229,0.568,0.516,0.372,0.557,1.0,0.428,1.0,neutral,surprise,0.219,0.071,True,stressed,669.89,578943.69,0.0175,0.1321,0.286,0.593
66321.07949256897,0.561,0.509,0.372,0.545,1.0,0.388,1.0,neutral,surprise,0.219,0.071,True,stressed,669.89,578943.69,0.0175,0.1321,0.286,0.593
66348.94847869873,0.558,0.503,0.372,0.539,1.0,0.361,1.0,neutral,surprise,0.218,0.069,True,stressed,669.89,578943.69,0.0175,0.1321,0.286,0.593
66540.98606109619,0.558,0.504,0.372,0.541,1.0,0.367,1.0,neutral,surprise,0.218,0.069,True,stressed,669.89,578943.69,0.0175,0.1321,0.286,0.593
66575.04296302795,0.548,0.484,0.366,0.523,1.0,0.292,1.0,neutral,surprise,0.218,0.069,True,stressed,283.37,80640.28,0.019,0.0921,0.187,0.592
66605.81970214844,0.548,0.523,0.383,0.498,1.0,0.28,0.782,neutral,surprise,0.312,0.132,True,stressed,283.37,80640.28,0.019,0.0921,0.187,0.592
66720.0562953949,0.56,0.538,0.383,0.519,1.0,0.351,0.781,neutral,surprise,0.312,0.132,True,stressed,283.37,80640.28,0.019,0.0921,0.187,0.592
66746.06966972351,0.562,0.536,0.383,0.528,1.0,0.382,0.823,neutral,surprise,0.312,0.132,True,stressed,283.37,80640.28,0.019,0.0921,0.187,0.592
66780.0874710083,0.575,0.551,0.398,0.573,1.0,0.432,0.808,neutral,surprise,0.361,0.047,True,stressed,283.37,80640.28,0.019,0.0921,0.187,0.592
66898.81873130798,0.574,0.547,0.398,0.574,1.0,0.437,0.829,neutral,surprise,0.361,0.047,True,stressed,283.37,80640.28,0.019,0.0921,0.187,0.592
66927.5598526001,0.578,0.552,0.398,0.579,1.0,0.455,0.824,neutral,surprise,0.361,0.047,True,stressed,283.37,80640.28,0.019,0.0921,0.187,0.592
66958.66227149963,0.581,0.547,0.386,0.581,1.0,0.459,0.855,neutral,surprise,0.306,0.045,True,stressed,283.37,80640.28,0.019,0.0921,0.187,0.592
67093.59049797058,0.586,0.564,0.386,0.578,1.0,0.447,0.756,neutral,surprise,0.306,0.045,True,stressed,283.37,80640.28,0.019,0.0921,0.187,0.592
67126.44219398499,0.588,0.575,0.386,0.574,1.0,0.435,0.688,neutral,surprise,0.306,0.045,True,stressed,283.37,80640.28,0.019,0.0921,0.187,0.592
67157.70149230957,0.588,0.579,0.384,0.567,1.0,0.427,0.661,neutral,surprise,0.297,0.06,True,stressed,283.37,80640.28,0.019,0.0921,0.187,0.592
67272.44591712952,0.586,0.584,0.384,0.555,1.0,0.387,0.592,neutral,surprise,0.297,0.06,True,stressed,283.37,80640.28,0.019,0.0921,0.187,0.592
67300.61364173889,0.586,0.581,0.384,0.556,1.0,0.392,0.616,neutral,surprise,0.297,0.06,True,stressed,283.37,80640.28,0.019,0.0921,0.187,0.592
67331.70533180237,0.58,0.576,0.388,0.547,1.0,0.396,0.639,neutral,surprise,0.323,0.088,True,stressed,283.37,80640.28,0.019,0.0921,0.187,0.592
67454.48136329651,0.579,0.57,0.388,0.55,1.0,0.406,0.681,neutral,surprise,0.323,0.088,True,stressed,283.37,80640.28,0.019,0.0921,0.187,0.592
67484.5540523529,0.576,0.566,0.388,0.546,1.0,0.393,0.686,neutral,surprise,0.323,0.088,True,stressed,283.37,80640.28,0.019,0.0921,0.187,0.592
67515.40112495422,0.575,0.557,0.388,0.554,1.0,0.403,0.741,neutral,surprise,0.321,0.083,True,stressed,283.37,80640.28,0.019,0.0921,0.187,0.592
67644.28448677063,0.573,0.542,0.388,0.562,1.0,0.432,0.844,neutral,surprise,0.321,0.083,True,stressed,283.37,80640.28,0.019,0.0921,0.187,0.592
67675.51183700562,0.573,0.534,0.388,0.574,1.0,0.47,0.925,neutral,surprise,0.321,0.083,True,stressed,283.37,80640.28,0.019,0.0921,0.187,0.592
67709.66029167175,0.571,0.53,0.387,0.571,1.0,0.459,0.932,neutral,surprise,0.317,0.079,True,stressed,283.37,80640.28,0.019,0.0921,0.187,0.592
67830.98030090332,0.568,0.522,0.387,0.57,1.0,0.455,0.973,neutral,surprise,0.317,0.079,True,stressed,283.37,80640.28,0.019,0.0921,0.187,0.592
67861.07730865479,0.564,0.513,0.387,0.566,1.0,0.442,1.0,neutral,surprise,0.317,0.079,True,stressed,283.37,80640.28,0.019,0.0921,0.187,0.592
67889.71257209778,0.562,0.515,0.398,0.571,1.0,0.445,1.0,neutral,surprise,0.362,0.059,True,stressed,283.37,80640.28,0.019,0.0921,0.187,0.592
68009.84406471252,0.561,0.513,0.398,0.569,1.0,0.441,1.0,neutral,surprise,0.362,0.059,True,stressed,283.37,80640.28,0.019,0.0921,0.187,0.592
68040.75121879578,0.562,0.515,0.398,0.571,1.0,0.446,1.0,neutral,surprise,0.362,0.059,True,stressed,283.37,80640.28,0.019,0.0921,0.187,0.592
68069.899559021,0.57,0.513,0.377,0.576,1.0,0.436,1.0,neutral,surprise,0.258,0.037,True,stressed,283.37,80640.28,0.019,0.0921,0.187,0.592
68252.12121009827,0.594,0.543,0.377,0.62,1.0,0.584,1.0,neutral,surprise,0.258,0.037,True,stressed,283.37,80640.28,0.019,0.0921,0.187,0.592
68289.00218009949,0.597,0.546,0.377,0.625,1.0,0.602,1.0,neutral,surprise,0.258,0.037,True,stressed,283.37,80640.28,0.019,0.0921,0.187,0.592
68323.6014842987,0.548,0.521,0.474,0.605,1.0,0.594,1.0,neutral,surprise,0.36,0.028,True,stressed,324.9,159011.87,0.0118,0.103,0.549,0.509
68442.05451011658,0.536,0.507,0.474,0.58,1.0,0.511,1.0,neutral,surprise,0.36,0.028,True,stressed,324.9,159011.87,0.0118,0.103,0.549,0.509
68469.74015235901,0.519,0.488,0.474,0.546,1.0,0.396,1.0,neutral,surprise,0.36,0.028,True,stressed,324.9,159011.87,0.0118,0.103,0.549,0.509
68500.91361999512,0.511,0.486,0.494,0.546,1.0,0.387,1.0,neutral,surprise,0.515,0.035,True,stressed,324.9,159011.87,0.0118,0.103,0.549,0.509
68621.89674377441,0.511,0.486,0.494,0.547,1.0,0.39,1.0,neutral,surprise,0.515,0.035,True,stressed,324.9,159011.87,0.0118,0.103,0.549,0.509
68654.8376083374,0.514,0.489,0.494,0.553,1.0,0.408,1.0,neutral,surprise,0.515,0.035,True,stressed,324.9,159011.87,0.0118,0.103,0.549,0.509
68686.11431121826,0.532,0.505,0.483,0.58,1.0,0.496,1.0,neutral,surprise,0.427,0.027,True,stressed,324.9,159011.87,0.0118,0.103,0.549,0.509
68804.72564697266,0.531,0.504,0.483,0.579,1.0,0.493,1.0,neutral,surprise,0.427,0.027,True,stressed,324.9,159011.87,0.0118,0.103,0.549,0.509
68836.24196052551,0.53,0.503,0.483,0.576,1.0,0.483,1.0,neutral,surprise,0.427,0.027,True,stressed,324.9,159011.87,0.0118,0.103,0.549,0.509
68869.88115310669,0.516,0.5,0.513,0.57,1.0,0.47,1.0,neutral,fear,0.662,0.02,True,stressed,324.9,159011.87,0.0118,0.103,0.549,0.509
68985.03947257996,0.518,0.502,0.513,0.574,1.0,0.481,1.0,neutral,fear,0.662,0.02,True,stressed,324.9,159011.87,0.0118,0.103,0.549,0.509
69012.42184638977,0.521,0.506,0.513,0.579,1.0,0.5,1.0,neutral,fear,0.662,0.02,True,stressed,324.9,159011.87,0.0118,0.103,0.549,0.509
69039.63279724121,0.541,0.513,0.463,0.578,1.0,0.51,0.964,neutral,surprise,0.281,0.039,False,stressed,324.9,159011.87,0.0118,0.103,0.549,0.509
69169.26145553589,0.546,0.515,0.463,0.592,1.0,0.557,1.0,neutral,surprise,0.281,0.039,False,stressed,324.9,159011.87,0.0118,0.103,0.549,0.509
69198.96459579468,0.547,0.516,0.463,0.595,1.0,0.567,1.0,neutral,surprise,0.281,0.039,False,stressed,324.9,159011.87,0.0118,0.103,0.549,0.509
69228.11818122864,0.552,0.531,0.462,0.593,1.0,0.574,0.925,neutral,surprise,0.277,0.043,False,stressed,324.9,159011.87,0.0118,0.103,0.549,0.509
69348.04272651672,0.565,0.555,0.462,0.607,1.0,0.622,0.826,neutral,surprise,0.277,0.043,False,stressed,324.9,159011.87,0.0118,0.103,0.549,0.509
69376.3370513916,0.567,0.558,0.462,0.612,1.0,0.637,0.828,neutral,surprise,0.277,0.043,False,stressed,324.9,159011.87,0.0118,0.103,0.549,0.509
69408.04362297058,0.578,0.555,0.471,0.662,1.0,0.794,1.0,neutral,surprise,0.344,0.044,True,stressed,324.9,159011.87,0.0118,0.103,0.549,0.509
69529.44850921631,0.565,0.54,0.471,0.635,1.0,0.703,1.0,neutral,surprise,0.344,0.044,True,stressed,324.9,159011.87,0.0118,0.103,0.549,0.509
69557.88922309875,0.556,0.53,0.471,0.619,1.0,0.648,1.0,neutral,surprise,0.344,0.044,True,stressed,324.9,159011.87,0.0118,0.103,0.549,0.509
69591.39060974121,0.545,0.522,0.479,0.6,1.0,0.608,1.0,neutral,surprise,0.407,0.079,True,stressed,324.9,159011.87,0.0118,0.103,0.549,0.509
69723.872423172,0.544,0.522,0.479,0.598,1.0,0.602,1.0,neutral,surprise,0.407,0.079,True,stressed,324.9,159011.87,0.0118,0.103,0.549,0.509
69752.57611274719,0.543,0.52,0.479,0.595,1.0,0.592,1.0,neutral,surprise,0.407,0.079,True,stressed,324.9,159011.87,0.0118,0.103,0.549,0.509
69793.23887825012,0.522,0.515,0.454,0.501,1.0,0.56,1.0,neutral,neutral,0.341,0.284,True,stressed,324.9,159011.87,0.0118,0.103,0.549,0.509
69946.94209098816,0.526,0.52,0.454,0.511,1.0,0.593,1.0,neutral,neutral,0.341,0.284,True,stressed,324.9,159011.87,0.0118,0.103,0.549,0.509
69983.77346992493,0.529,0.523,0.454,0.516,1.0,0.61,1.0,neutral,neutral,0.341,0.284,True,stressed,324.9,159011.87,0.0118,0.103,0.549,0.509
70021.30031585693,0.551,0.521,0.447,0.585,1.0,0.596,1.0,neutral,surprise,0.232,0.089,True,stressed,478.63,266810.44,0.0126,0.1419,0.516,0.511
70158.31542015076,0.549,0.518,0.447,0.579,1.0,0.578,1.0,neutral,surprise,0.232,0.089,True,stressed,478.63,266810.44,0.0126,0.1419,0.516,0.511
70188.52758407593,0.521,0.487,0.447,0.524,1.0,0.395,1.0,neutral,surprise,0.232,0.089,True,stressed,478.63,266810.44,0.0126,0.1419,0.516,0.511
70221.01140022278,0.519,0.485,0.469,0.546,1.0,0.381,1.0,neutral,surprise,0.346,0.029,True,stressed,478.63,266810.44,0.0126,0.1419,0.516,0.511
70338.40894699097,0.527,0.494,0.469,0.56,1.0,0.429,1.0,neutral,surprise,0.346,0.029,True,stressed,478.63,266810.44,0.0126,0.1419,0.516,0.511
70370.1741695404,0.526,0.493,0.469,0.559,1.0,0.427,1.0,neutral,surprise,0.346,0.029,True,stressed,478.63,266810.44,0.0126,0.1419,0.516,0.511
70398.79441261292,0.541,0.504,0.448,0.573,1.0,0.493,1.0,neutral,surprise,0.205,0.039,True,stressed,478.63,266810.44,0.0126,0.1419,0.516,0.511
70515.73586463928,0.542,0.506,0.448,0.573,1.0,0.493,0.994,neutral,surprise,0.205,0.039,True,stressed,478.63,266810.44,0.0126,0.1419,0.516,0.511
70545.83168029785,0.539,0.502,0.448,0.566,1.0,0.471,0.992,neutral,surprise,0.205,0.039,True,stressed,478.63,266810.44,0.0126,0.1419,0.516,0.511
70579.79607582092,0.539,0.515,0.452,0.556,1.0,0.456,0.9,neutral,surprise,0.244,0.055,True,stressed,478.63,266810.44,0.0126,0.1419,0.516,0.511
70703.77850532532,0.518,0.492,0.452,0.513,1.0,0.312,0.885,neutral,surprise,0.244,0.055,True,stressed,478.63,266810.44,0.0126,0.1419,0.516,0.511
70732.17129707336,0.511,0.484,0.452,0.501,1.0,0.272,0.894,neutral,surprise,0.244,0.055,True,stressed,478.63,266810.44,0.0126,0.1419,0.516,0.511
70760.57744026184,0.519,0.503,0.458,0.51,1.0,0.287,0.801,neutral,surprise,0.275,0.045,True,stressed,478.63,266810.44,0.0126,0.1419,0.516,0.511
70880.73062896729,0.517,0.494,0.458,0.515,1.0,0.303,0.871,neutral,surprise,0.275,0.045,True,stressed,478.63,266810.44,0.0126,0.1419,0.516,0.511
70909.89589691162,0.518,0.495,0.458,0.517,1.0,0.31,0.871,neutral,surprise,0.275,0.045,True,stressed,478.63,266810.44,0.0126,0.1419,0.516,0.511
70939.78905677795,0.507,0.48,0.485,0.529,1.0,0.358,1.0,neutral,surprise,0.463,0.049,True,stressed,478.63,266810.44,0.0126,0.1419,0.516,0.511
71063.15994262695,0.513,0.488,0.485,0.541,1.0,0.4,1.0,neutral,surprise,0.463,0.049,True,stressed,478.63,266810.44,0.0126,0.1419,0.516,0.511
71093.86086463928,0.519,0.494,0.485,0.552,1.0,0.435,1.0,neutral,surprise,0.463,0.049,True,stressed,478.63,266810.44,0.0126,0.1419,0.516,0.511
71126.04308128357,0.536,0.504,0.459,0.567,1.0,0.5,1.0,neutral,surprise,0.335,0.159,True,stressed,478.63,266810.44,0.0126,0.1419,0.516,0.511
71241.7893409729,0.533,0.5,0.459,0.562,1.0,0.481,1.0,neutral,surprise,0.335,0.159,True,stressed,478.63,266810.44,0.0126,0.1419,0.516,0.511
71272.03845977783,0.53,0.497,0.459,0.555,1.0,0.459,1.0,neutral,surprise,0.335,0.159,True,stressed,478.63,266810.44,0.0126,0.1419,0.516,0.511
71306.55288696289,0.52,0.488,0.457,0.531,1.0,0.406,1.0,neutral,surprise,0.314,0.137,True,stressed,478.63,266810.44,0.0126,0.1419,0.516,0.511
71425.65894126892,0.516,0.483,0.457,0.523,1.0,0.379,1.0,neutral,surprise,0.314,0.137,True,stressed,478.63,266810.44,0.0126,0.1419,0.516,0.511
71457.78775215149,0.512,0.479,0.457,0.515,1.0,0.354,1.0,neutral,surprise,0.314,0.137,True,stressed,478.63,266810.44,0.0126,0.1419,0.516,0.511
71487.9686832428,0.509,0.478,0.457,0.507,1.0,0.352,1.0,neutral,surprise,0.326,0.157,True,stressed,478.63,266810.44,0.0126,0.1419,0.516,0.511
71614.62426185608,0.51,0.479,0.457,0.507,1.0,0.353,1.0,neutral,surprise,0.326,0.157,True,stressed,478.63,266810.44,0.0126,0.1419,0.516,0.511
71643.75591278076,0.51,0.479,0.457,0.508,1.0,0.355,1.0,neutral,surprise,0.326,0.157,True,stressed,478.63,266810.44,0.0126,0.1419,0.516,0.511
71686.02776527405,0.502,0.481,0.467,0.491,1.0,0.359,1.0,neutral,surprise,0.393,0.219,True,stressed,478.63,266810.44,0.0126,0.1419,0.516,0.511
71863.70873451233,0.504,0.479,0.468,0.501,1.0,0.382,1.0,neutral,surprise,0.393,0.219,True,stressed,749.62,633049.98,0.0137,0.1583,0.451,0.501
71898.91815185547,0.499,0.473,0.468,0.492,1.0,0.354,1.0,neutral,surprise,0.393,0.219,True,stressed,749.62,633049.98,0.0137,0.1583,0.451,0.501
71927.78873443604,0.519,0.504,0.454,0.505,1.0,0.343,0.825,neutral,surprise,0.322,0.155,True,stressed,749.62,633049.98,0.0137,0.1583,0.451,0.501
72054.36491966248,0.527,0.519,0.454,0.513,1.0,0.369,0.773,neutral,surprise,0.322,0.155,True,stressed,749.62,633049.98,0.0137,0.1583,0.451,0.501
72083.86874198914,0.544,0.562,0.454,0.522,1.0,0.399,0.578,neutral,surprise,0.322,0.155,True,stressed,749.62,633049.98,0.0137,0.1583,0.451,0.501
72114.44067955017,0.545,0.568,0.457,0.521,1.0,0.414,0.558,neutral,surprise,0.337,0.167,True,stressed,749.62,633049.98,0.0137,0.1583,0.451,0.501
72240.93246459961,0.549,0.582,0.457,0.518,1.0,0.406,0.479,neutral,surprise,0.337,0.167,True,stressed,749.62,633049.98,0.0137,0.1583,0.451,0.501
72270.97964286804,0.538,0.561,0.457,0.507,1.0,0.369,0.551,neutral,surprise,0.337,0.167,True,stressed,749.62,633049.98,0.0137,0.1583,0.451,0.501
72301.13744735718,0.535,0.561,0.464,0.503,1.0,0.369,0.548,neutral,surprise,0.375,0.203,True,stressed,749.62,633049.98,0.0137,0.1583,0.451,0.501
72423.91729354858,0.534,0.559,0.464,0.503,1.0,0.37,0.559,neutral,surprise,0.375,0.203,True,stressed,749.62,633049.98,0.0137,0.1583,0.451,0.501
72452.48579978943,0.534,0.559,0.464,0.503,1.0,0.367,0.558,neutral,surprise,0.375,0.203,True,stressed,749.62,633049.98,0.0137,0.1583,0.451,0.501
72510.84351539612,0.528,0.551,0.466,0.495,1.0,0.367,0.6,neutral,surprise,0.385,0.212,True,stressed,749.62,633049.98,0.0137,0.1583,0.451,0.501
72634.64951515198,0.534,0.569,0.466,0.494,1.0,0.365,0.502,neutral,surprise,0.385,0.212,True,stressed,749.62,633049.98,0.0137,0.1583,0.451,0.501
72668.69878768921,0.533,0.567,0.466,0.492,1.0,0.357,0.506,neutral,surprise,0.385,0.212,True,stressed,749.62,633049.98,0.0137,0.1583,0.451,0.501
72697.7870464325,0.536,0.577,0.464,0.489,1.0,0.354,0.45,neutral,surprise,0.377,0.207,False,stressed,749.62,633049.98,0.0137,0.1583,0.451,0.501
72819.67163085938,0.538,0.583,0.464,0.489,1.0,0.352,0.416,neutral,surprise,0.377,0.207,False,stressed,749.62,633049.98,0.0137,0.1583,0.451,0.501
72848.5655784607,0.541,0.585,0.464,0.494,1.0,0.369,0.424,neutral,surprise,0.377,0.207,False,stressed,749.62,633049.98,0.0137,0.1583,0.451,0.501
72914.33048248291,0.537,0.576,0.467,0.496,1.0,0.343,0.441,neutral,surprise,0.39,0.214,False,stressed,749.62,633049.98,0.0137,0.1583,0.451,0.501
73064.4121170044,0.534,0.572,0.467,0.49,1.0,0.324,0.445,neutral,surprise,0.39,0.214,False,stressed,749.62,633049.98,0.0137,0.1583,0.451,0.501
73096.96435928345,0.533,0.569,0.467,0.492,1.0,0.329,0.466,neutral,surprise,0.39,0.214,False,stressed,749.62,633049.98,0.0137,0.1583,0.451,0.501
73128.25655937195,0.527,0.57,0.468,0.471,1.0,0.318,0.451,neutral,surprise,0.394,0.23,False,stressed,749.62,633049.98,0.0137,0.1583,0.451,0.501
73252.79974937439,0.528,0.572,0.468,0.472,1.0,0.319,0.438,neutral,surprise,0.394,0.23,False,stressed,749.62,633049.98,0.0137,0.1583,0.451,0.501
73283.8671207428,0.529,0.573,0.468,0.475,1.0,0.331,0.448,neutral,surprise,0.394,0.23,False,stressed,749.62,633049.98,0.0137,0.1583,0.451,0.501
73313.47990036011,0.524,0.566,0.473,0.472,1.0,0.337,0.491,neutral,surprise,0.419,0.261,True,stressed,749.62,633049.98,0.0137,0.1583,0.451,0.501
73467.52905845642,0.518,0.552,0.473,0.468,1.0,0.325,0.551,neutral,surprise,0.419,0.261,True,stressed,749.62,633049.98,0.0137,0.1583,0.451,0.501
73509.98258590698,0.516,0.551,0.473,0.464,1.0,0.311,0.543,neutral,surprise,0.419,0.261,True,stressed,749.62,633049.98,0.0137,0.1583,0.451,0.501
73546.8978881836,0.422,0.469,0.628,0.424,1.0,0.311,0.566,neutral,surprise,0.418,0.266,False,hesitant,1772.32,800556.91,0.0024,0.1904,0.89,0.314
73712.3692035675,0.42,0.467,0.628,0.422,1.0,0.303,0.574,neutral,surprise,0.418,0.266,False,hesitant,1772.32,800556.91,0.0024,0.1904,0.89,0.314
73741.46366119385,0.42,0.466,0.628,0.421,1.0,0.302,0.576,neutral,surprise,0.418,0.266,False,hesitant,1772.32,800556.91,0.0024,0.1904,0.89,0.314
73773.05316925049,0.42,0.47,0.629,0.42,1.0,0.304,0.554,neutral,surprise,0.428,0.279,True,hesitant,1772.32,800556.91,0.0024,0.1904,0.89,0.314
73896.55828475952,0.419,0.466,0.629,0.421,1.0,0.307,0.588,neutral,surprise,0.428,0.279,True,hesitant,1772.32,800556.91,0.0024,0.1904,0.89,0.314
73927.36959457397,0.421,0.469,0.629,0.424,1.0,0.318,0.577,neutral,surprise,0.428,0.279,True,hesitant,1772.32,800556.91,0.0024,0.1904,0.89,0.314
73955.3062915802,0.428,0.474,0.628,0.441,1.0,0.341,0.561,neutral,surprise,0.41,0.259,True,hesitant,1772.32,800556.91,0.0024,0.1904,0.89,0.314
74079.49447631836,0.432,0.475,0.628,0.453,1.0,0.382,0.598,neutral,surprise,0.41,0.259,True,hesitant,1772.32,800556.91,0.0024,0.1904,0.89,0.314
74114.26711082458,0.428,0.459,0.628,0.457,1.0,0.395,0.71,neutral,surprise,0.41,0.259,True,hesitant,1772.32,800556.91,0.0024,0.1904,0.89,0.314
74145.46966552734,0.432,0.466,0.627,0.461,1.0,0.397,0.664,neutral,surprise,0.388,0.234,True,hesitant,1772.32,800556.91,0.0024,0.1904,0.89,0.314
74264.98031616211,0.43,0.46,0.627,0.461,1.0,0.396,0.698,neutral,surprise,0.388,0.234,True,hesitant,1772.32,800556.91,0.0024,0.1904,0.89,0.314
74292.44613647461,0.43,0.464,0.627,0.456,1.0,0.382,0.66,neutral,surprise,0.388,0.234,True,hesitant,1772.32,800556.91,0.0024,0.1904,0.89,0.314
74320.61505317688,0.435,0.474,0.627,0.461,1.0,0.395,0.609,neutral,surprise,0.381,0.221,True,hesitant,1772.32,800556.91,0.0024,0.1904,0.89,0.314
74445.76716423035,0.437,0.479,0.627,0.464,1.0,0.405,0.589,neutral,surprise,0.381,0.221,True,hesitant,1772.32,800556.91,0.0024,0.1904,0.89,0.314
74473.60587120056,0.437,0.48,0.627,0.463,1.0,0.402,0.58,neutral,surprise,0.381,0.221,True,hesitant,1772.32,800556.91,0.0024,0.1904,0.89,0.314
74504.9877166748,0.439,0.479,0.627,0.47,1.0,0.396,0.572,neutral,surprise,0.361,0.193,True,hesitant,1772.32,800556.91,0.0024,0.1904,0.89,0.314
74632.66491889954,0.445,0.485,0.627,0.483,1.0,0.441,0.584,neutral,surprise,0.361,0.193,True,hesitant,1772.32,800556.91,0.0024,0.1904,0.89,0.314
74668.98989677429,0.439,0.471,0.627,0.478,1.0,0.424,0.65,neutral,surprise,0.361,0.193,True,hesitant,1772.32,800556.91,0.0024,0.1904,0.89,0.314
74697.00837135315,0.438,0.475,0.629,0.474,1.0,0.417,0.624,neutral,surprise,0.377,0.204,True,hesitant,1772.32,800556.91,0.0024,0.1904,0.89,0.314
74813.9238357544,0.437,0.473,0.629,0.472,1.0,0.409,0.63,neutral,surprise,0.377,0.204,True,hesitant,1772.32,800556.91,0.0024,0.1904,0.89,0.314
74843.60980987549,0.436,0.466,0.629,0.476,1.0,0.424,0.686,neutral,surprise,0.377,0.204,True,hesitant,1772.32,800556.91,0.0024,0.1904,0.89,0.314
74871.08492851257,0.437,0.47,0.626,0.472,1.0,0.419,0.658,neutral,surprise,0.367,0.207,True,hesitant,1772.32,800556.91,0.0024,0.1904,0.89,0.314
74986.80901527405,0.442,0.485,0.626,0.47,1.0,0.41,0.551,neutral,surprise,0.367,0.207,True,hesitant,1772.32,800556.91,0.0024,0.1904,0.89,0.314
75016.76344871521,0.436,0.476,0.626,0.463,1.0,0.389,0.588,neutral,surprise,0.367,0.207,True,hesitant,1772.32,800556.91,0.0024,0.1904,0.89,0.314
75051.4805316925,0.435,0.474,0.627,0.463,1.0,0.405,0.619,neutral,surprise,0.391,0.232,True,hesitant,1772.32,800556.91,0.0024,0.1904,0.89,0.314
75170.00937461853,0.435,0.475,0.627,0.46,1.0,0.396,0.601,neutral,surprise,0.391,0.232,True,hesitant,1772.32,800556.91,0.0024,0.1904,0.89,0.314
75196.49720191956,0.435,0.475,0.627,0.462,1.0,0.403,0.612,neutral,surprise,0.391,0.232,True,hesitant,1772.32,800556.91,0.0024,0.1904,0.89,0.314
75235.10885238647,0.44,0.481,0.626,0.469,1.0,0.403,0.573,neutral,surprise,0.363,0.204,True,hesitant,1772.32,800556.91,0.0024,0.1904,0.89,0.314
75414.33644294739,0.45,0.494,0.608,0.466,1.0,0.417,0.695,neutral,surprise,0.363,0.204,True,hesitant,2285.71,0.0,0.0,0.2017,1.0,0.264
75444.26155090332,0.443,0.469,0.608,0.471,1.0,0.435,0.839,neutral,surprise,0.363,0.204,True,hesitant,2285.71,0.0,0.0,0.2017,1.0,0.264
75469.83194351196,0.445,0.467,0.61,0.482,1.0,0.46,0.874,neutral,surprise,0.363,0.198,True,hesitant,2285.71,0.0,0.0,0.2017,1.0,0.264
75585.95538139343,0.449,0.477,0.61,0.485,1.0,0.472,0.833,neutral,surprise,0.363,0.198,True,hesitant,2285.71,0.0,0.0,0.2017,1.0,0.264
75615.5514717102,0.446,0.47,0.61,0.484,1.0,0.469,0.867,neutral,surprise,0.363,0.198,True,hesitant,2285.71,0.0,0.0,0.2017,1.0,0.264
75642.10057258606,0.433,0.453,0.611,0.461,1.0,0.461,0.955,neutral,surprise,0.406,0.259,True,hesitant,2285.71,0.0,0.0,0.2017,1.0,0.264
75760.98275184631,0.436,0.463,0.611,0.46,1.0,0.458,0.9,neutral,surprise,0.406,0.259,True,hesitant,2285.71,0.0,0.0,0.2017,1.0,0.264
75793.72525215149,0.44,0.47,0.611,0.464,1.0,0.47,0.878,neutral,surprise,0.406,0.259,True,hesitant,2285.71,0.0,0.0,0.2017,1.0,0.264
75823.28343391418,0.44,0.46,0.611,0.477,1.0,0.464,0.915,neutral,surprise,0.378,0.215,True,hesitant,2285.71,0.0,0.0,0.2017,1.0,0.264
75947.44610786438,0.443,0.463,0.611,0.482,1.0,0.479,0.912,neutral,surprise,0.378,0.215,True,hesitant,2285.71,0.0,0.0,0.2017,1.0,0.264
75976.75490379333,0.449,0.474,0.611,0.489,1.0,0.502,0.877,neutral,surprise,0.378,0.215,True,hesitant,2285.71,0.0,0.0,0.2017,1.0,0.264
76004.5416355133,0.447,0.475,0.606,0.477,1.0,0.505,0.882,neutral,surprise,0.384,0.245,True,hesitant,2285.71,0.0,0.0,0.2017,1.0,0.264
76120.90921401978,0.443,0.471,0.606,0.467,1.0,0.472,0.868,neutral,surprise,0.384,0.245,True,hesitant,2285.71,0.0,0.0,0.2017,1.0,0.264
76150.2103805542,0.443,0.472,0.606,0.467,1.0,0.471,0.864,neutral,surprise,0.384,0.245,True,hesitant,2285.71,0.0,0.0,0.2017,1.0,0.264
76179.88538742065,0.451,0.494,0.608,0.468,1.0,0.455,0.738,neutral,surprise,0.397,0.256,True,hesitant,2285.71,0.0,0.0,0.2017,1.0,0.264
76296.0057258606,0.464,0.526,0.608,0.475,1.0,0.477,0.602,neutral,surprise,0.397,0.256,True,hesitant,2285.71,0.0,0.0,0.2017,1.0,0.264
76323.90260696411,0.467,0.536,0.608,0.474,1.0,0.472,0.546,neutral,surprise,0.397,0.256,True,hesitant,2285.71,0.0,0.0,0.2017,1.0,0.264
76353.4243106842,0.472,0.544,0.61,0.485,1.0,0.485,0.517,neutral,surprise,0.38,0.22,True,hesitant,2285.71,0.0,0.0,0.2017,1.0,0.264
76473.96612167358,0.466,0.531,0.61,0.48,1.0,0.468,0.561,neutral,surprise,0.38,0.22,True,hesitant,2285.71,0.0,0.0,0.2017,1.0,0.264
76504.85324859619,0.474,0.553,0.61,0.48,1.0,0.468,0.455,neutral,surprise,0.38,0.22,True,hesitant,2285.71,0.0,0.0,0.2017,1.0,0.264
76536.8344783783,0.473,0.551,0.607,0.476,1.0,0.454,0.446,neutral,surprise,0.369,0.217,True,hesitant,2285.71,0.0,0.0,0.2017,1.0,0.264
76689.79167938232,0.477,0.557,0.607,0.48,1.0,0.465,0.431,neutral,surprise,0.369,0.217,True,hesitant,2285.71,0.0,0.0,0.2017,1.0,0.264
76730.69834709167,0.483,0.571,0.607,0.487,1.0,0.49,0.383,neutral,surprise,0.369,0.217,True,hesitant,2285.71,0.0,0.0,0.2017,1.0,0.264
76773.72884750366,0.487,0.575,0.615,0.503,1.0,0.486,0.365,neutral,surprise,0.346,0.155,True,hesitant,2285.71,0.0,0.0,0.2017,1.0,0.264
77130.65671920776,0.489,0.572,0.615,0.512,1.0,0.516,0.411,neutral,surprise,0.346,0.155,True,hesitant,2285.71,0.0,0.0,0.2017,1.0,0.264
77188.47680091858,0.486,0.56,0.615,0.518,1.0,0.534,0.492,neutral,surprise,0.346,0.155,True,hesitant,2285.71,0.0,0.0,0.2017,1.0,0.264
77239.93682861328,0.494,0.569,0.608,0.527,1.0,0.646,0.556,neutral,surprise,0.366,0.202,True,hesitant,2285.71,0.0,0.0,0.2006,1.0,0.266
77579.6926021576,0.488,0.547,0.608,0.53,1.0,0.657,0.675,neutral,surprise,0.366,0.202,True,hesitant,2285.71,0.0,0.0,0.2006,1.0,0.266
77623.53372573853,0.486,0.545,0.608,0.528,1.0,0.649,0.676,neutral,surprise,0.366,0.202,True,hesitant,2285.71,0.0,0.0,0.2006,1.0,0.266
77667.77420043945,0.477,0.545,0.588,0.473,1.0,0.642,0.689,neutral,neutral,0.402,0.339,True,hesitant,2285.71,0.0,0.0,0.2006,1.0,0.266
77940.01054763794,0.465,0.517,0.588,0.465,1.0,0.614,0.807,neutral,neutral,0.402,0.339,True,hesitant,2285.71,0.0,0.0,0.2006,1.0,0.266
77980.79204559326,0.464,0.517,0.588,0.464,1.0,0.61,0.803,neutral,neutral,0.402,0.339,True,hesitant,2285.71,0.0,0.0,0.2006,1.0,0.266
78025.49076080322,0.478,0.528,0.606,0.518,1.0,0.61,0.721,neutral,surprise,0.358,0.199,True,hesitant,2285.71,0.0,0.0,0.2006,1.0,0.266
78233.43420028687,0.479,0.531,0.606,0.518,1.0,0.612,0.714,neutral,surprise,0.358,0.199,True,hesitant,2285.71,0.0,0.0,0.2006,1.0,0.266
78273.57220649719,0.477,0.521,0.606,0.524,1.0,0.63,0.777,neutral,surprise,0.358,0.199,True,hesitant,2285.71,0.0,0.0,0.2006,1.0,0.266
78312.1178150177,0.477,0.516,0.611,0.535,1.0,0.613,0.784,neutral,surprise,0.34,0.159,False,hesitant,2285.71,0.0,0.0,0.2006,1.0,0.266
78511.08384132385,0.474,0.506,0.611,0.537,1.0,0.619,0.838,neutral,surprise,0.34,0.159,False,hesitant,2285.71,0.0,0.0,0.2006,1.0,0.266
78556.44416809082,0.476,0.512,0.611,0.537,1.0,0.621,0.815,neutral,surprise,0.34,0.159,False,hesitant,2285.71,0.0,0.0,0.2006,1.0,0.266
78600.34370422363,0.467,0.505,0.61,0.514,1.0,0.57,0.797,neutral,surprise,0.353,0.179,True,hesitant,2285.71,0.0,0.0,0.2006,1.0,0.266
78824.56231117249,0.459,0.496,0.61,0.498,1.0,0.515,0.785,neutral,surprise,0.353,0.179,True,hesitant,2285.71,0.0,0.0,0.2006,1.0,0.266
78868.6192035675,0.457,0.491,0.61,0.496,1.0,0.511,0.802,neutral,surprise,0.353,0.179,True,hesitant,2285.71,0.0,0.0,0.2006,1.0,0.266
78912.32061386108,0.464,0.514,0.609,0.492,1.0,0.516,0.7,neutral,surprise,0.353,0.183,True,hesitant,2285.71,0.0,0.0,0.2006,1.0,0.266
79247.30801582336,0.456,0.499,0.609,0.483,1.0,0.489,0.744,neutral,surprise,0.353,0.183,True,hesitant,2285.71,0.0,0.0,0.2006,1.0,0.266
79294.88682746887,0.459,0.497,0.606,0.489,1.0,0.507,0.78,neutral,surprise,0.353,0.183,True,hesitant,2285.71,0.0,0.0,0.2007,1.0,0.266
79344.36273574829,0.475,0.529,0.609,0.511,1.0,0.566,0.682,neutral,surprise,0.357,0.176,True,hesitant,2285.71,0.0,0.0,0.2007,1.0,0.266
79547.4443435669,0.475,0.528,0.609,0.51,1.0,0.563,0.684,neutral,surprise,0.357,0.176,True,hesitant,2285.71,0.0,0.0,0.2007,1.0,0.266
79591.65167808533,0.472,0.518,0.609,0.514,1.0,0.576,0.744,neutral,surprise,0.357,0.176,True,hesitant,2285.71,0.0,0.0,0.2007,1.0,0.266
79629.54950332642,0.468,0.508,0.607,0.51,1.0,0.566,0.785,neutral,surprise,0.356,0.181,True,hesitant,2285.71,0.0,0.0,0.2007,1.0,0.266
79851.7816066742,0.473,0.515,0.607,0.517,1.0,0.588,0.775,neutral,surprise,0.356,0.181,True,hesitant,2285.71,0.0,0.0,0.2007,1.0,0.266
79899.52731132507,0.469,0.508,0.607,0.513,1.0,0.576,0.795,neutral,surprise,0.356,0.181,True,hesitant,2285.71,0.0,0.0,0.2007,1.0,0.266
79940.83762168884,0.472,0.517,0.606,0.512,1.0,0.574,0.749,neutral,surprise,0.351,0.181,True,hesitant,2285.71,0.0,0.0,0.2007,1.0,0.266
80100.19540786743,0.453,0.481,0.606,0.489,1.0,0.497,0.85,neutral,surprise,0.351,0.181,True,hesitant,2285.71,0.0,0.0,0.2007,1.0,0.266
80129.49585914612,0.455,0.489,0.606,0.488,1.0,0.493,0.802,neutral,surprise,0.351,0.181,True,hesitant,2285.71,0.0,0.0,0.2007,1.0,0.266
80162.74523735046,0.461,0.507,0.606,0.484,1.0,0.502,0.728,neutral,surprise,0.366,0.2,True,hesitant,2285.71,0.0,0.0,0.2007,1.0,0.266
80284.60669517517,0.468,0.525,0.606,0.487,1.0,0.514,0.651,neutral,surprise,0.366,0.2,True,hesitant,2285.71,0.0,0.0,0.2007,1.0,0.266
80313.28248977661,0.469,0.525,0.606,0.49,1.0,0.524,0.66,neutral,surprise,0.366,0.2,True,hesitant,2285.71,0.0,0.0,0.2007,1.0,0.266
80343.05810928345,0.473,0.532,0.605,0.494,1.0,0.53,0.631,neutral,surprise,0.357,0.194,True,hesitant,2285.71,0.0,0.0,0.2007,1.0,0.266
80459.78927612305,0.47,0.526,0.605,0.491,1.0,0.52,0.651,neutral,surprise,0.357,0.194,True,hesitant,2285.71,0.0,0.0,0.2007,1.0,0.266
80489.98928070068,0.473,0.532,0.605,0.496,1.0,0.534,0.633,neutral,surprise,0.357,0.194,True,hesitant,2285.71,0.0,0.0,0.2007,1.0,0.266
87680.97758293152,0.458,0.482,0.61,0.511,1.0,0.575,0.916,neutral,surprise,0.362,0.192,True,hesitant,2285.71,0.0,0.0,0.2013,1.0,0.265
87809.77702140808,0.467,0.504,0.61,0.514,1.0,0.583,0.818,neutral,surprise,0.362,0.192,True,hesitant,2285.71,0.0,0.0,0.2013,1.0,0.265
87838.5636806488,0.464,0.5,0.61,0.509,1.0,0.567,0.816,neutral,surprise,0.362,0.192,True,hesitant,2285.71,0.0,0.0,0.2013,1.0,0.265
87869.58503723145,0.473,0.513,0.61,0.523,1.0,0.567,0.752,neutral,surprise,0.33,0.152,True,hesitant,2285.71,0.0,0.0,0.2013,1.0,0.265
88063.30299377441,0.472,0.512,0.61,0.521,1.0,0.559,0.749,neutral,surprise,0.33,0.152,True,hesitant,2285.71,0.0,0.0,0.2013,1.0,0.265
88097.93210029602,0.473,0.512,0.61,0.526,1.0,0.576,0.764,neutral,surprise,0.33,0.152,True,hesitant,2285.71,0.0,0.0,0.2013,1.0,0.265
88134.34505462646,0.491,0.533,0.566,0.51,1.0,0.586,0.728,neutral,surprise,0.339,0.19,True,hesitant,2034.37,460176.04,0.0,0.1985,1.0,0.329
88270.08366584778,0.486,0.521,0.566,0.506,1.0,0.573,0.769,neutral,surprise,0.339,0.19,True,hesitant,2034.37,460176.04,0.0,0.1985,1.0,0.329
88299.51858520508,0.489,0.528,0.566,0.508,1.0,0.579,0.741,neutral,surprise,0.339,0.19,True,hesitant,2034.37,460176.04,0.0,0.1985,1.0,0.329
88330.34324645996,0.486,0.527,0.567,0.501,1.0,0.562,0.732,neutral,surprise,0.342,0.189,True,hesitant,2034.37,460176.04,0.0,0.1985,1.0,0.329
88451.7753124237,0.489,0.525,0.567,0.511,1.0,0.597,0.774,neutral,surprise,0.342,0.189,True,hesitant,2034.37,460176.04,0.0,0.1985,1.0,0.329
88479.90226745605,0.493,0.528,0.567,0.521,1.0,0.629,0.792,neutral,surprise,0.342,0.189,True,hesitant,2034.37,460176.04,0.0,0.1985,1.0,0.329
88510.13660430908,0.499,0.531,0.565,0.538,1.0,0.675,0.826,neutral,surprise,0.34,0.194,True,hesitant,2034.37,460176.04,0.0,0.1985,1.0,0.329
88630.37705421448,0.497,0.527,0.565,0.534,1.0,0.663,0.832,neutral,surprise,0.34,0.194,True,hesitant,2034.37,460176.04,0.0,0.1985,1.0,0.329
88660.12787818909,0.498,0.528,0.565,0.535,1.0,0.665,0.829,neutral,surprise,0.34,0.194,True,hesitant,2034.37,460176.04,0.0,0.1985,1.0,0.329
88690.31953811646,0.499,0.529,0.568,0.542,1.0,0.659,0.815,neutral,surprise,0.343,0.186,True,hesitant,2034.37,460176.04,0.0,0.1985,1.0,0.329
88814.77308273315,0.503,0.542,0.568,0.541,1.0,0.657,0.749,neutral,surprise,0.343,0.186,True,hesitant,2034.37,460176.04,0.0,0.1985,1.0,0.329
88847.88966178894,0.509,0.559,0.568,0.541,1.0,0.658,0.669,neutral,surprise,0.343,0.186,True,hesitant,2034.37,460176.04,0.0,0.1985,1.0,0.329
88912.47963905334,0.498,0.548,0.569,0.517,1.0,0.616,0.679,neutral,surprise,0.357,0.2,True,hesitant,2034.37,460176.04,0.0,0.1985,1.0,0.329
89036.91029548645,0.504,0.566,0.569,0.517,1.0,0.617,0.592,neutral,surprise,0.357,0.2,True,hesitant,2034.37,460176.04,0.0,0.1985,1.0,0.329
89068.8123703003,0.496,0.541,0.569,0.518,1.0,0.62,0.719,neutral,surprise,0.357,0.2,True,hesitant,2034.37,460176.04,0.0,0.1985,1.0,0.329
89100.0828742981,0.506,0.569,0.572,0.524,1.0,0.623,0.584,neutral,surprise,0.356,0.186,True,hesitant,2034.37,460176.04,0.0,0.1985,1.0,0.329
89230.144739151,0.505,0.568,0.572,0.521,1.0,0.612,0.575,neutral,surprise,0.356,0.186,True,hesitant,2034.37,460176.04,0.0,0.1985,1.0,0.329
89259.82761383057,0.505,0.571,0.572,0.518,1.0,0.603,0.552,neutral,surprise,0.356,0.186,True,hesitant,2034.37,460176.04,0.0,0.1985,1.0,0.329
89315.15431404114,0.51,0.583,0.572,0.519,1.0,0.594,0.485,neutral,surprise,0.353,0.178,True,hesitant,2034.37,460176.04,0.0,0.1985,1.0,0.329
89433.91990661621,0.509,0.581,0.572,0.521,1.0,0.599,0.497,neutral,surprise,0.353,0.178,True,hesitant,2034.37,460176.04,0.0,0.1985,1.0,0.329
89462.34107017517,0.514,0.591,0.572,0.523,1.0,0.605,0.454,neutral,surprise,0.353,0.178,True,hesitant,2034.37,460176.04,0.0,0.1985,1.0,0.329
89491.7368888855,0.516,0.593,0.565,0.519,1.0,0.606,0.442,neutral,surprise,0.336,0.187,True,hesitant,2034.37,460176.04,0.0,0.1985,1.0,0.329
89611.9191646576,0.505,0.566,0.565,0.516,1.0,0.597,0.569,neutral,surprise,0.336,0.187,True,hesitant,2034.37,460176.04,0.0,0.1985,1.0,0.329
89639.22810554504,0.501,0.558,0.565,0.51,1.0,0.575,0.59,neutral,surprise,0.336,0.187,True,hesitant,2034.37,460176.04,0.0,0.1985,1.0,0.329
89668.9395904541,0.491,0.543,0.57,0.503,1.0,0.534,0.625,neutral,surprise,0.342,0.175,True,hesitant,2034.37,460176.04,0.0,0.1985,1.0,0.329
89850.18229484558,0.491,0.542,0.57,0.503,1.0,0.533,0.627,neutral,surprise,0.342,0.175,True,hesitant,2034.37,460176.04,0.0,0.1985,1.0,0.329
89884.92560386658,0.491,0.545,0.57,0.5,1.0,0.525,0.606,neutral,surprise,0.342,0.175,True,hesitant,2034.37,460176.04,0.0,0.1985,1.0,0.329
89918.76602172852,0.515,0.563,0.5,0.478,1.0,0.488,0.595,neutral,surprise,0.357,0.208,True,hesitant,2240.83,89631.42,0.0,0.2015,1.0,0.424
90043.48731040955,0.525,0.589,0.5,0.481,1.0,0.498,0.479,neutral,surprise,0.357,0.208,True,hesitant,2240.83,89631.42,0.0,0.2015,1.0,0.424
90072.81041145325,0.527,0.587,0.5,0.487,1.0,0.517,0.508,neutral,surprise,0.357,0.208,True,hesitant,2240.83,89631.42,0.0,0.2015,1.0,0.424
90105.0055027008,0.536,0.59,0.496,0.51,1.0,0.532,0.513,neutral,surprise,0.321,0.16,True,hesitant,2240.83,89631.42,0.0,0.2015,1.0,0.424
90230.25727272034,0.523,0.555,0.496,0.508,1.0,0.524,0.674,neutral,surprise,0.321,0.16,True,hesitant,2240.83,89631.42,0.0,0.2015,1.0,0.424
90259.8922252655,0.525,0.56,0.496,0.509,1.0,0.53,0.658,neutral,surprise,0.321,0.16,True,hesitant,2240.83,89631.42,0.0,0.2015,1.0,0.424
90290.1623249054,0.524,0.567,0.498,0.5,1.0,0.552,0.642,neutral,surprise,0.343,0.191,True,hesitant,2240.83,89631.42,0.0,0.2015,1.0,0.424
90412.13583946228,0.527,0.575,0.498,0.501,1.0,0.554,0.605,neutral,surprise,0.343,0.191,True,hesitant,2240.83,89631.42,0.0,0.2015,1.0,0.424
90444.20504570007,0.527,0.574,0.498,0.502,1.0,0.557,0.615,neutral,surprise,0.343,0.191,True,hesitant,2240.83,89631.42,0.0,0.2015,1.0,0.424
90478.66892814636,0.542,0.6,0.5,0.523,1.0,0.559,0.491,neutral,surprise,0.323,0.14,True,hesitant,2240.83,89631.42,0.0,0.2015,1.0,0.424
90602.21147537231,0.543,0.602,0.5,0.524,1.0,0.562,0.486,neutral,surprise,0.323,0.14,True,hesitant,2240.83,89631.42,0.0,0.2015,1.0,0.424
90632.81202316284,0.547,0.609,0.5,0.529,1.0,0.577,0.467,neutral,surprise,0.323,0.14,True,hesitant,2240.83,89631.42,0.0,0.2015,1.0,0.424
90662.22596168518,0.543,0.603,0.499,0.521,1.0,0.594,0.509,neutral,surprise,0.337,0.173,True,hesitant,2240.83,89631.42,0.0,0.2015,1.0,0.424
90781.18467330933,0.545,0.606,0.499,0.524,1.0,0.604,0.503,neutral,surprise,0.337,0.173,True,hesitant,2240.83,89631.42,0.0,0.2015,1.0,0.424
90809.90791320801,0.544,0.602,0.499,0.526,1.0,0.61,0.526,neutral,surprise,0.337,0.173,True,hesitant,2240.83,89631.42,0.0,0.2015,1.0,0.424
90840.36636352539,0.53,0.591,0.488,0.479,1.0,0.577,0.544,neutral,surprise,0.339,0.246,True,hesitant,2240.83,89631.42,0.0,0.2015,1.0,0.424
91097.4235534668,0.539,0.606,0.488,0.492,1.0,0.622,0.512,neutral,surprise,0.339,0.246,True,hesitant,2240.83,89631.42,0.0,0.2015,1.0,0.424
91141.81661605835,0.537,0.597,0.488,0.496,1.0,0.635,0.571,neutral,surprise,0.339,0.246,True,hesitant,2240.83,89631.42,0.0,0.2015,1.0,0.424
91193.44067573547,0.579,0.629,0.482,0.591,1.0,0.688,0.5,neutral,surprise,0.193,0.047,True,hesitant,2240.83,89631.42,0.0,0.2015,1.0,0.424
91460.69717407227,0.566,0.612,0.482,0.569,1.0,0.616,0.508,neutral,surprise,0.193,0.047,True,hesitant,2240.83,89631.42,0.0,0.2015,1.0,0.424
91513.80395889282,0.563,0.607,0.482,0.563,1.0,0.596,0.515,neutral,surprise,0.193,0.047,True,hesitant,2240.83,89631.42,0.0,0.2015,1.0,0.424
91575.5352973938,0.495,0.567,0.629,0.557,1.0,0.578,0.5,neutral,surprise,0.388,0.062,True,hesitant,2081.84,378876.37,0.002,0.1929,0.923,0.302
92011.11698150635,0.478,0.537,0.629,0.533,1.0,0.499,0.57,neutral,surprise,0.388,0.062,True,hesitant,2081.84,378876.37,0.002,0.1929,0.923,0.302
92061.23638153076,0.474,0.519,0.629,0.54,1.0,0.521,0.68,neutral,surprise,0.388,0.062,True,hesitant,2081.84,378876.37,0.002,0.1929,0.923,0.302
92101.99546813965,0.481,0.529,0.634,0.558,1.0,0.566,0.681,neutral,surprise,0.403,0.052,True,hesitant,2081.84,378876.37,0.002,0.1929,0.923,0.302
92329.54692840576,0.47,0.492,0.634,0.564,1.0,0.586,0.883,neutral,surprise,0.403,0.052,True,hesitant,2081.84,378876.37,0.002,0.1929,0.923,0.302
92367.99693107605,0.467,0.49,0.634,0.557,1.0,0.563,0.87,neutral,surprise,0.403,0.052,True,hesitant,2081.84,378876.37,0.002,0.1929,0.923,0.302
92409.60025787354,0.474,0.481,0.617,0.572,1.0,0.59,0.942,neutral,surprise,0.306,0.031,True,hesitant,2081.84,378876.37,0.002,0.1929,0.923,0.302
92586.35091781616,0.481,0.488,0.617,0.586,1.0,0.636,0.956,backward,surprise,0.306,0.031,True,hesitant,2081.84,378876.37,0.002,0.1929,0.923,0.302
92615.57579040527,0.482,0.489,0.617,0.59,1.0,0.649,0.964,backward,surprise,0.306,0.031,True,hesitant,2081.84,378876.37,0.002,0.1929,0.923,0.302
92645.72024345398,0.472,0.482,0.595,0.537,1.0,0.647,0.989,backward,surprise,0.337,0.174,True,hesitant,2081.84,378876.37,0.002,0.1929,0.923,0.302
92774.78766441345,0.472,0.487,0.595,0.532,1.0,0.631,0.948,backward,surprise,0.337,0.174,True,hesitant,2081.84,378876.37,0.002,0.1929,0.923,0.302
92804.52728271484,0.475,0.495,0.595,0.535,1.0,0.64,0.917,backward,surprise,0.337,0.174,True,hesitant,2081.84,378876.37,0.002,0.1929,0.923,0.302
92834.90490913391,0.465,0.496,0.657,0.572,1.0,0.638,0.915,backward,surprise,0.519,0.071,False,hesitant,2081.84,378876.37,0.002,0.1929,0.923,0.302
92953.56321334839,0.459,0.488,0.657,0.56,1.0,0.6,0.913,backward,surprise,0.519,0.071,False,hesitant,2081.84,378876.37,0.002,0.1929,0.923,0.302
92981.43696784973,0.454,0.476,0.657,0.559,1.0,0.596,0.973,backward,surprise,0.519,0.071,False,hesitant,2081.84,378876.37,0.002,0.1929,0.923,0.302
93015.00129699707,0.458,0.487,0.653,0.555,1.0,0.587,0.906,backward,surprise,0.502,0.074,False,hesitant,2081.84,378876.37,0.002,0.1929,0.923,0.302
93134.62162017822,0.464,0.498,0.653,0.56,1.0,0.604,0.871,backward,surprise,0.502,0.074,False,hesitant,2081.84,378876.37,0.002,0.1929,0.923,0.302
93164.51358795166,0.463,0.497,0.653,0.559,1.0,0.6,0.87,backward,surprise,0.502,0.074,False,hesitant,2081.84,378876.37,0.002,0.1929,0.923,0.302
93192.09146499634,0.48,0.533,0.645,0.563,1.0,0.607,0.696,backward,surprise,0.465,0.069,True,hesitant,2081.84,378876.37,0.002,0.1929,0.923,0.302
93317.90661811829,0.482,0.539,0.645,0.563,1.0,0.607,0.67,backward,surprise,0.465,0.069,True,hesitant,2081.84,378876.37,0.002,0.1929,0.923,0.302
93346.3659286499,0.483,0.543,0.645,0.562,1.0,0.605,0.643,backward,surprise,0.465,0.069,True,hesitant,2081.84,378876.37,0.002,0.1929,0.923,0.302
93374.68028068542,0.485,0.548,0.638,0.555,1.0,0.603,0.615,backward,surprise,0.443,0.087,False,hesitant,2081.84,378876.37,0.002,0.1929,0.923,0.302
93495.58234214783,0.497,0.567,0.638,0.572,1.0,0.66,0.581,backward,surprise,0.443,0.087,False,hesitant,2081.84,378876.37,0.002,0.1929,0.923,0.302
93552.94346809387,0.497,0.57,0.638,0.569,1.0,0.652,0.556,backward,surprise,0.443,0.087,False,hesitant,2081.84,378876.37,0.002,0.1929,0.923,0.302
93587.1467590332,0.6,0.626,0.429,0.604,1.0,0.644,0.543,backward,surprise,0.415,0.075,True,stressed,879.49,900430.65,0.0129,0.1165,0.385,0.569
93749.59826469421,0.612,0.636,0.429,0.633,1.0,0.74,0.574,backward,surprise,0.415,0.075,True,stressed,879.49,900430.65,0.0129,0.1165,0.385,0.569
93779.8969745636,0.621,0.642,0.429,0.656,1.0,0.817,0.614,backward,surprise,0.415,0.075,True,stressed,879.49,900430.65,0.0129,0.1165,0.385,0.569
93809.64708328247,0.604,0.64,0.424,0.594,1.0,0.835,0.607,backward,neutral,0.4,0.298,True,stressed,879.49,900430.65,0.0129,0.1165,0.385,0.569
93930.9618473053,0.571,0.595,0.424,0.536,1.0,0.639,0.706,backward,neutral,0.4,0.298,True,stressed,879.49,900430.65,0.0129,0.1165,0.385,0.569
93958.87422561646,0.542,0.556,0.424,0.485,1.0,0.469,0.791,backward,neutral,0.4,0.298,True,stressed,879.49,900430.65,0.0129,0.1165,0.385,0.569
93993.72816085815,0.533,0.547,0.435,0.478,1.0,0.401,0.774,backward,neutral,0.448,0.266,True,stressed,879.49,900430.65,0.0129,0.1165,0.385,0.569
94106.15181922913,0.537,0.552,0.435,0.488,1.0,0.434,0.775,backward,neutral,0.448,0.266,True,stressed,879.49,900430.65,0.0129,0.1165,0.385,0.569
94134.76777076721,0.544,0.561,0.435,0.501,1.0,0.478,0.766,backward,neutral,0.448,0.266,True,stressed,879.49,900430.65,0.0129,0.1165,0.385,0.569
94165.98844528198,0.571,0.567,0.45,0.601,1.0,0.598,0.868,backward,disgust,0.583,0.048,True,stressed,879.49,900430.65,0.0129,0.1165,0.385,0.569
94286.72981262207,0.571,0.567,0.45,0.599,1.0,0.592,0.859,backward,disgust,0.583,0.048,True,stressed,879.49,900430.65,0.0129,0.1165,0.385,0.569
94316.99347496033,0.579,0.571,0.45,0.621,1.0,0.663,0.908,backward,disgust,0.583,0.048,True,stressed,879.49,900430.65,0.0129,0.1165,0.385,0.569
94347.0070362091,0.581,0.57,0.404,0.576,1.0,0.696,0.925,neutral,surprise,0.278,0.187,True,stressed,879.49,900430.65,0.0129,0.1165,0.385,0.569
94466.99237823486,0.58,0.57,0.404,0.573,1.0,0.687,0.914,neutral,surprise,0.278,0.187,True,stressed,879.49,900430.65,0.0129,0.1165,0.385,0.569
94496.38438224792,0.584,0.575,0.404,0.582,1.0,0.716,0.909,neutral,surprise,0.278,0.187,True,stressed,879.49,900430.65,0.0129,0.1165,0.385,0.569
94528.4059047699,0.594,0.584,0.428,0.63,1.0,0.709,0.867,neutral,surprise,0.407,0.065,True,stressed,879.49,900430.65,0.0129,0.1165,0.385,0.569
94653.20348739624,0.585,0.567,0.428,0.622,1.0,0.682,0.946,neutral,surprise,0.407,0.065,True,stressed,879.49,900430.65,0.0129,0.1165,0.385,0.569
94681.0154914856,0.578,0.557,0.428,0.609,1.0,0.641,0.968,neutral,surprise,0.407,0.065,True,stressed,879.49,900430.65,0.0129,0.1165,0.385,0.569
94710.63494682312,0.59,0.577,0.41,0.605,1.0,0.619,0.824,neutral,surprise,0.262,0.055,True,stressed,879.49,900430.65,0.0129,0.1165,0.385,0.569
94829.5841217041,0.587,0.581,0.41,0.592,1.0,0.577,0.753,neutral,surprise,0.262,0.055,True,stressed,879.49,900430.65,0.0129,0.1165,0.385,0.569
94858.69336128235,0.59,0.591,0.41,0.59,1.0,0.569,0.689,neutral,surprise,0.262,0.055,True,stressed,879.49,900430.65,0.0129,0.1165,0.385,0.569
94887.16077804565,0.575,0.596,0.414,0.538,1.0,0.621,0.679,neutral,surprise,0.346,0.233,True,stressed,879.49,900430.65,0.0129,0.1165,0.385,0.569
95001.85465812683,0.572,0.593,0.414,0.531,1.0,0.597,0.678,neutral,surprise,0.346,0.233,True,stressed,879.49,900430.65,0.0129,0.1165,0.385,0.569
95029.77108955383,0.577,0.607,0.414,0.53,1.0,0.596,0.586,neutral,surprise,0.346,0.233,True,stressed,879.49,900430.65,0.0129,0.1165,0.385,0.569
95061.2280368805,0.586,0.609,0.434,0.581,1.0,0.588,0.582,neutral,surprise,0.45,0.111,True,stressed,879.49,900430.65,0.0129,0.1165,0.385,0.569
95177.85787582397,0.573,0.6,0.434,0.551,1.0,0.49,0.542,neutral,surprise,0.45,0.111,True,stressed,879.49,900430.65,0.0129,0.1165,0.385,0.569
95205.6360244751,0.564,0.588,0.434,0.534,1.0,0.432,0.556,neutral,surprise,0.45,0.111,True,stressed,879.49,900430.65,0.0129,0.1165,0.385,0.569
95236.75537109375,0.567,0.579,0.422,0.539,1.0,0.427,0.613,neutral,surprise,0.366,0.079,True,stressed,879.49,900430.65,0.0129,0.1165,0.385,0.569
95438.95387649536,0.565,0.575,0.422,0.538,1.0,0.425,0.639,neutral,surprise,0.366,0.079,True,stressed,879.49,900430.65,0.0129,0.1165,0.385,0.569
95472.4931716919,0.57,0.578,0.406,0.532,1.0,0.406,0.634,neutral,surprise,0.366,0.079,True,stressed,396.34,195688.02,0.0126,0.1154,0.286,0.585
95502.88367271423,0.578,0.598,0.405,0.536,1.0,0.395,0.519,neutral,surprise,0.357,0.056,True,stressed,396.34,195688.02,0.0126,0.1154,0.286,0.585
95620.73469161987,0.578,0.595,0.405,0.538,1.0,0.402,0.541,neutral,surprise,0.357,0.056,True,stressed,396.34,195688.02,0.0126,0.1154,0.286,0.585
95650.64024925232,0.581,0.6,0.405,0.542,1.0,0.414,0.526,neutral,surprise,0.357,0.056,True,stressed,396.34,195688.02,0.0126,0.1154,0.286,0.585
95680.91082572937,0.586,0.607,0.401,0.545,1.0,0.417,0.495,neutral,surprise,0.33,0.05,True,stressed,396.34,195688.02,0.0126,0.1154,0.286,0.585
95799.31116104126,0.583,0.595,0.401,0.549,1.0,0.429,0.569,neutral,surprise,0.33,0.05,True,stressed,396.34,195688.02,0.0126,0.1154,0.286,0.585
95826.98941230774,0.583,0.593,0.401,0.551,1.0,0.437,0.589,neutral,surprise,0.33,0.05,True,stressed,396.34,195688.02,0.0126,0.1154,0.286,0.585
95859.94911193848,0.582,0.6,0.407,0.548,1.0,0.439,0.554,neutral,surprise,0.365,0.059,True,stressed,396.34,195688.02,0.0126,0.1154,0.286,0.585
95976.10402107239,0.583,0.602,0.407,0.548,1.0,0.439,0.539,neutral,surprise,0.365,0.059,True,stressed,396.34,195688.02,0.0126,0.1154,0.286,0.585
96007.9197883606,0.585,0.606,0.407,0.55,1.0,0.444,0.522,neutral,surprise,0.365,0.059,True,stressed,396.34,195688.02,0.0126,0.1154,0.286,0.585
96036.88764572144,0.585,0.607,0.408,0.55,1.0,0.453,0.524,neutral,surprise,0.372,0.067,False,stressed,396.34,195688.02,0.0126,0.1154,0.286,0.585
96169.32320594788,0.583,0.605,0.408,0.546,1.0,0.439,0.517,neutral,surprise,0.372,0.067,False,stressed,396.34,195688.02,0.0126,0.1154,0.286,0.585
96196.83909416199,0.587,0.617,0.408,0.547,1.0,0.442,0.456,neutral,surprise,0.372,0.067,False,stressed,396.34,195688.02,0.0126,0.1154,0.286,0.585
96227.51188278198,0.587,0.626,0.425,0.556,1.0,0.438,0.415,neutral,surprise,0.475,0.038,False,stressed,396.34,195688.02,0.0126,0.1154,0.286,0.585
96346.57621383667,0.585,0.625,0.425,0.551,1.0,0.42,0.401,neutral,surprise,0.475,0.038,False,stressed,396.34,195688.02,0.0126,0.1154,0.286,0.585
96378.07607650757,0.584,0.625,0.425,0.546,1.0,0.405,0.386,neutral,surprise,0.475,0.038,False,stressed,396.34,195688.02,0.0126,0.1154,0.286,0.585
96407.87243843079,0.583,0.619,0.415,0.537,1.0,0.394,0.4,neutral,surprise,0.415,0.054,False,stressed,396.34,195688.02,0.0126,0.1154,0.286,0.585
96527.3745059967,0.58,0.616,0.415,0.533,1.0,0.381,0.409,neutral,surprise,0.415,0.054,False,stressed,396.34,195688.02,0.0126,0.1154,0.286,0.585
96555.67049980164,0.578,0.611,0.415,0.532,1.0,0.376,0.428,neutral,surprise,0.415,0.054,False,stressed,396.34,195688.02,0.0126,0.1154,0.286,0.585
96584.28049087524,0.582,0.622,0.417,0.535,1.0,0.4,0.388,neutral,surprise,0.425,0.065,True,stressed,396.34,195688.02,0.0126,0.1154,0.286,0.585
96718.60194206238,0.583,0.625,0.417,0.533,1.0,0.394,0.363,neutral,surprise,0.425,0.065,True,stressed,396.34,195688.02,0.0126,0.1154,0.286,0.585
96747.01046943665,0.583,0.621,0.417,0.538,1.0,0.413,0.41,neutral,surprise,0.425,0.065,True,stressed,396.34,195688.02,0.0126,0.1154,0.286,0.585
96774.94406700134,0.586,0.62,0.412,0.544,1.0,0.43,0.429,neutral,surprise,0.396,0.064,False,stressed,396.34,195688.02,0.0126,0.1154,0.286,0.585
96893.83935928345,0.588,0.618,0.412,0.552,1.0,0.456,0.467,neutral,surprise,0.396,0.064,False,stressed,396.34,195688.02,0.0126,0.1154,0.286,0.585
96924.1394996643,0.592,0.614,0.412,0.572,1.0,0.525,0.558,neutral,surprise,0.396,0.064,False,stressed,396.34,195688.02,0.0126,0.1154,0.286,0.585
96953.6247253418,0.593,0.609,0.425,0.596,1.0,0.598,0.66,neutral,surprise,0.477,0.06,False,stressed,396.34,195688.02,0.0126,0.1154,0.286,0.585
97133.01372528076,0.595,0.607,0.425,0.605,1.0,0.628,0.702,neutral,surprise,0.477,0.06,False,stressed,396.34,195688.02,0.0126,0.1154,0.286,0.585
97165.73309898376,0.607,0.618,0.425,0.633,1.0,0.723,0.737,neutral,surprise,0.477,0.06,False,stressed,396.34,195688.02,0.0126,0.1154,0.286,0.585
97196.80881500244,0.572,0.576,0.45,0.592,1.0,0.79,0.898,neutral,surprise,0.356,0.196,True,hesitant,384.02,194333.32,0.0098,0.1274,0.527,0.522
97323.5445022583,0.565,0.559,0.45,0.588,1.0,0.776,0.977,neutral,surprise,0.356,0.196,True,hesitant,384.02,194333.32,0.0098,0.1274,0.527,0.522
97350.67558288574,0.573,0.571,0.45,0.601,1.0,0.82,0.957,neutral,surprise,0.356,0.196,True,hesitant,384.02,194333.32,0.0098,0.1274,0.527,0.522
97381.14523887634,0.568,0.564,0.484,0.634,1.0,0.8,0.988,neutral,surprise,0.512,0.097,True,hesitant,384.02,194333.32,0.0098,0.1274,0.527,0.522
97509.85884666443,0.566,0.563,0.484,0.628,1.0,0.781,0.976,neutral,surprise,0.512,0.097,True,hesitant,384.02,194333.32,0.0098,0.1274,0.527,0.522
97541.14651679993,0.565,0.563,0.484,0.623,1.0,0.763,0.957,neutral,surprise,0.512,0.097,True,hesitant,384.02,194333.32,0.0098,0.1274,0.527,0.522
97574.0647315979,0.576,0.559,0.464,0.643,1.0,0.781,1.0,neutral,surprise,0.39,0.059,True,hesitant,384.02,194333.32,0.0098,0.1274,0.527,0.522
97699.13578033447,0.573,0.556,0.464,0.637,1.0,0.761,1.0,neutral,surprise,0.39,0.059,True,hesitant,384.02,194333.32,0.0098,0.1274,0.527,0.522
97725.96168518066,0.573,0.556,0.464,0.636,1.0,0.759,1.0,neutral,surprise,0.39,0.059,True,hesitant,384.02,194333.32,0.0098,0.1274,0.527,0.522
97752.25234031677,0.577,0.551,0.435,0.622,1.0,0.737,1.0,neutral,surprise,0.233,0.081,True,hesitant,384.02,194333.32,0.0098,0.1274,0.527,0.522
97875.49924850464,0.571,0.543,0.435,0.609,1.0,0.694,1.0,neutral,surprise,0.233,0.081,True,hesitant,384.02,194333.32,0.0098,0.1274,0.527,0.522
97904.21390533447,0.566,0.544,0.435,0.594,1.0,0.645,0.95,neutral,surprise,0.233,0.081,True,hesitant,384.02,194333.32,0.0098,0.1274,0.527,0.522
97935.02688407898,0.533,0.513,0.435,0.518,1.0,0.532,1.0,neutral,surprise,0.292,0.197,True,hesitant,384.02,194333.32,0.0098,0.1274,0.527,0.522
98053.1575679779,0.536,0.517,0.435,0.524,1.0,0.554,1.0,neutral,surprise,0.292,0.197,True,hesitant,384.02,194333.32,0.0098,0.1274,0.527,0.522
98080.89184761047,0.549,0.532,0.435,0.55,1.0,0.64,1.0,neutral,surprise,0.292,0.197,True,hesitant,384.02,194333.32,0.0098,0.1274,0.527,0.522
98113.97504806519,0.566,0.535,0.436,0.604,1.0,0.644,1.0,neutral,surprise,0.218,0.055,True,hesitant,384.02,194333.32,0.0098,0.1274,0.527,0.522
98241.22762680054,0.566,0.535,0.436,0.603,1.0,0.642,1.0,neutral,surprise,0.218,0.055,True,hesitant,384.02,194333.32,0.0098,0.1274,0.527,0.522
98270.4050540924,0.565,0.534,0.436,0.603,1.0,0.641,1.0,neutral,surprise,0.218,0.055,True,hesitant,384.02,194333.32,0.0098,0.1274,0.527,0.522
98297.9383468628,0.555,0.532,0.437,0.573,1.0,0.638,1.0,neutral,surprise,0.269,0.134,True,hesitant,384.02,194333.32,0.0098,0.1274,0.527,0.522
98420.89319229126,0.555,0.532,0.437,0.573,1.0,0.639,1.0,neutral,surprise,0.269,0.134,True,hesitant,384.02,194333.32,0.0098,0.1274,0.527,0.522
98449.01895523071,0.545,0.52,0.437,0.554,1.0,0.574,1.0,neutral,surprise,0.269,0.134,True,hesitant,384.02,194333.32,0.0098,0.1274,0.527,0.522
98481.07123374939,0.551,0.521,0.435,0.57,1.0,0.573,1.0,neutral,surprise,0.235,0.09,True,hesitant,384.02,194333.32,0.0098,0.1274,0.527,0.522
98612.93625831604,0.544,0.512,0.435,0.556,1.0,0.524,1.0,neutral,surprise,0.235,0.09,True,hesitant,384.02,194333.32,0.0098,0.1274,0.527,0.522
98643.59498023987,0.545,0.513,0.435,0.558,1.0,0.531,1.0,neutral,surprise,0.235,0.09,True,hesitant,384.02,194333.32,0.0098,0.1274,0.527,0.522
98671.38576507568,0.549,0.516,0.434,0.567,1.0,0.543,1.0,neutral,surprise,0.222,0.074,True,hesitant,384.02,194333.32,0.0098,0.1274,0.527,0.522
98798.348903656,0.547,0.514,0.434,0.563,1.0,0.529,1.0,neutral,surprise,0.222,0.074,True,hesitant,384.02,194333.32,0.0098,0.1274,0.527,0.522
98849.9186038971,0.547,0.513,0.434,0.563,1.0,0.528,1.0,neutral,surprise,0.222,0.074,True,hesitant,384.02,194333.32,0.0098,0.1274,0.527,0.522
98891.69526100159,0.544,0.513,0.453,0.578,1.0,0.531,0.959,neutral,surprise,0.175,0.032,True,hesitant,263.96,83248.55,0.0095,0.0987,0.549,0.493
99044.25954818726,0.546,0.519,0.453,0.578,1.0,0.532,0.93,neutral,surprise,0.175,0.032,True,hesitant,263.96,83248.55,0.0095,0.0987,0.549,0.493
99073.6813545227,0.557,0.549,0.453,0.578,1.0,0.529,0.761,neutral,surprise,0.175,0.032,True,hesitant,263.96,83248.55,0.0095,0.0987,0.549,0.493
99100.91376304626,0.538,0.541,0.493,0.571,1.0,0.496,0.776,neutral,surprise,0.419,0.022,True,hesitant,263.96,83248.55,0.0095,0.0987,0.549,0.493
99223.62995147705,0.529,0.532,0.493,0.552,1.0,0.435,0.762,neutral,surprise,0.419,0.022,True,hesitant,263.96,83248.55,0.0095,0.0987,0.549,0.493
99253.6768913269,0.533,0.538,0.493,0.557,1.0,0.45,0.747,neutral,surprise,0.419,0.022,True,hesitant,263.96,83248.55,0.0095,0.0987,0.549,0.493
99308.59375,0.531,0.531,0.472,0.533,1.0,0.391,0.721,neutral,surprise,0.3,0.049,True,hesitant,263.96,83248.55,0.0095,0.0987,0.549,0.493
99443.33124160767,0.525,0.513,0.472,0.535,1.0,0.4,0.826,neutral,surprise,0.3,0.049,True,hesitant,263.96,83248.55,0.0095,0.0987,0.549,0.493
99471.24171257019,0.528,0.52,0.472,0.538,1.0,0.409,0.795,neutral,surprise,0.3,0.049,True,hesitant,263.96,83248.55,0.0095,0.0987,0.549,0.493
99501.04188919067,0.522,0.544,0.513,0.536,1.0,0.387,0.652,neutral,surprise,0.545,0.029,True,hesitant,263.96,83248.55,0.0095,0.0987,0.549,0.493
99615.66138267517,0.501,0.491,0.513,0.528,1.0,0.359,0.907,neutral,surprise,0.545,0.029,True,hesitant,263.96,83248.55,0.0095,0.0987,0.549,0.493
99647.20344543457,0.496,0.482,0.513,0.522,1.0,0.339,0.936,neutral,surprise,0.545,0.029,True,hesitant,263.96,83248.55,0.0095,0.0987,0.549,0.493
99709.08951759338,0.499,0.475,0.475,0.496,1.0,0.289,0.923,neutral,surprise,0.321,0.052,True,hesitant,263.96,83248.55,0.0095,0.0987,0.549,0.493
99825.52099227905,0.488,0.461,0.475,0.476,1.0,0.222,0.933,neutral,surprise,0.321,0.052,True,hesitant,263.96,83248.55,0.0095,0.0987,0.549,0.493
99856.00256919861,0.488,0.461,0.475,0.478,1.0,0.23,0.935,neutral,surprise,0.321,0.052,True,hesitant,263.96,83248.55,0.0095,0.0987,0.549,0.493
99888.27252388,0.487,0.459,0.471,0.472,1.0,0.22,0.938,neutral,surprise,0.302,0.061,True,hesitant,263.96,83248.55,0.0095,0.0987,0.549,0.493
100013.3421421051,0.531,0.505,0.471,0.565,1.0,0.529,1.0,neutral,surprise,0.302,0.061,True,hesitant,263.96,83248.55,0.0095,0.0987,0.549,0.493
100043.5242652893,0.541,0.516,0.471,0.584,1.0,0.594,1.0,neutral,surprise,0.302,0.061,True,hesitant,263.96,83248.55,0.0095,0.0987,0.549,0.493
100113.31009864807,0.544,0.513,0.462,0.587,1.0,0.574,1.0,neutral,surprise,0.236,0.039,True,hesitant,263.96,83248.55,0.0095,0.0987,0.549,0.493
100244.39883232117,0.542,0.51,0.462,0.583,1.0,0.558,1.0,neutral,surprise,0.236,0.039,True,hesitant,263.96,83248.55,0.0095,0.0987,0.549,0.493
100272.43876457214,0.539,0.508,0.462,0.578,1.0,0.542,0.996,neutral,surprise,0.236,0.039,True,hesitant,263.96,83248.55,0.0095,0.0987,0.549,0.493
100302.15787887573,0.523,0.521,0.521,0.576,1.0,0.534,0.916,neutral,fear,0.595,0.039,True,hesitant,263.96,83248.55,0.0095,0.0987,0.549,0.493
100419.51942443848,0.526,0.524,0.521,0.582,1.0,0.553,0.922,neutral,fear,0.595,0.039,True,hesitant,263.96,83248.55,0.0095,0.0987,0.549,0.493
100445.5418586731,0.525,0.525,0.521,0.579,1.0,0.543,0.906,neutral,fear,0.595,0.039,True,hesitant,263.96,83248.55,0.0095,0.0987,0.549,0.493
100474.86448287964,0.542,0.571,0.518,0.577,1.0,0.536,0.651,neutral,fear,0.574,0.043,True,hesitant,263.96,83248.55,0.0095,0.0987,0.549,0.493
100650.28524398804,0.532,0.558,0.518,0.559,1.0,0.477,0.659,neutral,fear,0.574,0.043,True,hesitant,263.96,83248.55,0.0095,0.0987,0.549,0.493
100685.16087532043,0.522,0.548,0.518,0.54,1.0,0.412,0.653,neutral,fear,0.574,0.043,True,hesitant,263.96,83248.55,0.0095,0.0987,0.549,0.493
100719.4459438324,0.54,0.546,0.451,0.521,1.0,0.383,0.7,neutral,surprise,0.391,0.074,True,stressed,336.37,146879.79,0.011,0.1094,0.473,0.532
100847.64838218689,0.558,0.564,0.451,0.562,1.0,0.519,0.746,neutral,surprise,0.391,0.074,True,stressed,336.37,146879.79,0.011,0.1094,0.473,0.532
100875.68044662476,0.558,0.563,0.451,0.562,1.0,0.519,0.752,neutral,surprise,0.391,0.074,True,stressed,336.37,146879.79,0.011,0.1094,0.473,0.532
100904.60896492004,0.572,0.578,0.438,0.577,1.0,0.566,0.722,neutral,surprise,0.331,0.07,True,stressed,336.37,146879.79,0.011,0.1094,0.473,0.532
101027.04811096191,0.576,0.564,0.438,0.607,1.0,0.666,0.891,neutral,surprise,0.331,0.07,True,stressed,336.37,146879.79,0.011,0.1094,0.473,0.532
101055.97996711731,0.577,0.565,0.438,0.608,1.0,0.67,0.893,neutral,surprise,0.331,0.07,True,stressed,336.37,146879.79,0.011,0.1094,0.473,0.532
101090.30818939209,0.59,0.563,0.407,0.618,1.0,0.657,0.894,neutral,surprise,0.172,0.039,True,stressed,336.37,146879.79,0.011,0.1094,0.473,0.532
101212.10527420044,0.586,0.557,0.407,0.612,1.0,0.639,0.91,neutral,surprise,0.172,0.039,True,stressed,336.37,146879.79,0.011,0.1094,0.473,0.532
101241.90759658813,0.592,0.573,0.407,0.613,1.0,0.642,0.83,neutral,surprise,0.172,0.039,True,stressed,336.37,146879.79,0.011,0.1094,0.473,0.532
101269.63710784912,0.578,0.539,0.403,0.601,1.0,0.645,1.0,neutral,surprise,0.174,0.072,True,stressed,336.37,146879.79,0.011,0.1094,0.473,0.532
101388.33618164062,0.586,0.549,0.403,0.617,1.0,0.696,1.0,neutral,surprise,0.174,0.072,True,stressed,336.37,146879.79,0.011,0.1094,0.473,0.532
101417.70792007446,0.583,0.545,0.403,0.612,1.0,0.681,1.0,neutral,surprise,0.174,0.072,True,stressed,336.37,146879.79,0.011,0.1094,0.473,0.532
101446.15125656128,0.57,0.541,0.426,0.599,1.0,0.664,1.0,neutral,surprise,0.29,0.093,True,stressed,336.37,146879.79,0.011,0.1094,0.473,0.532
101567.48247146606,0.563,0.532,0.426,0.585,1.0,0.617,1.0,neutral,surprise,0.29,0.093,True,stressed,336.37,146879.79,0.011,0.1094,0.473,0.532
101595.44539451599,0.556,0.524,0.426,0.572,1.0,0.575,1.0,neutral,surprise,0.29,0.093,True,stressed,336.37,146879.79,0.011,0.1094,0.473,0.532
101626.05309486389,0.553,0.52,0.423,0.563,1.0,0.554,1.0,neutral,surprise,0.278,0.097,True,stressed,336.37,146879.79,0.011,0.1094,0.473,0.532
101748.50678443909,0.553,0.52,0.423,0.564,1.0,0.558,1.0,neutral,surprise,0.278,0.097,True,stressed,336.37,146879.79,0.011,0.1094,0.473,0.532
101775.63762664795,0.556,0.524,0.423,0.569,1.0,0.573,1.0,neutral,surprise,0.278,0.097,True,stressed,336.37,146879.79,0.011,0.1094,0.473,0.532
101805.7427406311,0.565,0.525,0.411,0.585,1.0,0.574,1.0,neutral,surprise,0.204,0.058,True,stressed,336.37,146879.79,0.011,0.1094,0.473,0.532
101922.2993850708,0.554,0.51,0.411,0.563,1.0,0.501,1.0,neutral,surprise,0.204,0.058,True,stressed,336.37,146879.79,0.011,0.1094,0.473,0.532
101952.4655342102,0.543,0.497,0.411,0.544,1.0,0.438,1.0,neutral,surprise,0.204,0.058,True,stressed,336.37,146879.79,0.011,0.1094,0.473,0.532
101984.93075370789,0.543,0.5,0.417,0.547,1.0,0.451,1.0,neutral,surprise,0.234,0.06,True,stressed,336.37,146879.79,0.011,0.1094,0.473,0.532
102102.73933410645,0.542,0.498,0.417,0.544,1.0,0.439,1.0,neutral,surprise,0.234,0.06,True,stressed,336.37,146879.79,0.011,0.1094,0.473,0.532
102134.8557472229,0.54,0.496,0.417,0.541,1.0,0.429,1.0,neutral,surprise,0.234,0.06,True,stressed,336.37,146879.79,0.011,0.1094,0.473,0.532
102164.1833782196,0.545,0.51,0.415,0.54,1.0,0.413,0.913,neutral,surprise,0.215,0.048,True,stressed,336.37,146879.79,0.011,0.1094,0.473,0.532
102295.74394226074,0.533,0.485,0.415,0.53,1.0,0.377,1.0,neutral,surprise,0.215,0.048,True,stressed,336.37,146879.79,0.011,0.1094,0.473,0.532
102343.13750267029,0.53,0.481,0.415,0.524,1.0,0.358,1.0,neutral,surprise,0.215,0.048,True,stressed,336.37,146879.79,0.011,0.1094,0.473,0.532
102380.92708587646,0.535,0.518,0.439,0.524,1.0,0.355,0.797,neutral,surprise,0.216,0.045,True,stressed,471.93,252085.61,0.011,0.143,0.44,0.518
102545.36509513855,0.539,0.528,0.439,0.526,1.0,0.36,0.751,neutral,surprise,0.216,0.045,True,stressed,471.93,252085.61,0.011,0.143,0.44,0.518
102572.42441177368,0.535,0.523,0.439,0.519,1.0,0.337,0.756,neutral,surprise,0.216,0.045,True,stressed,471.93,252085.61,0.011,0.143,0.44,0.518
102608.30402374268,0.527,0.517,0.444,0.505,1.0,0.336,0.779,neutral,surprise,0.265,0.081,True,stressed,471.93,252085.61,0.011,0.143,0.44,0.518
102730.62372207642,0.534,0.527,0.444,0.515,1.0,0.37,0.757,neutral,surprise,0.265,0.081,True,stressed,471.93,252085.61,0.011,0.143,0.44,0.518
102759.48810577393,0.528,0.51,0.444,0.518,1.0,0.38,0.859,neutral,surprise,0.265,0.081,True,stressed,471.93,252085.61,0.011,0.143,0.44,0.518
102790.55786132812,0.527,0.505,0.44,0.514,1.0,0.341,0.849,neutral,surprise,0.233,0.063,True,stressed,471.93,252085.61,0.011,0.143,0.44,0.518
102905.79628944397,0.526,0.508,0.44,0.508,1.0,0.321,0.813,neutral,surprise,0.233,0.063,True,stressed,471.93,252085.61,0.011,0.143,0.44,0.518
102934.47709083557,0.526,0.51,0.44,0.506,1.0,0.314,0.797,neutral,surprise,0.233,0.063,True,stressed,471.93,252085.61,0.011,0.143,0.44,0.518
102962.2631072998,0.522,0.515,0.46,0.51,1.0,0.335,0.79,neutral,surprise,0.356,0.07,True,stressed,471.93,252085.61,0.011,0.143,0.44,0.518
103084.7680568695,0.524,0.516,0.46,0.514,1.0,0.349,0.799,neutral,surprise,0.356,0.07,True,stressed,471.93,252085.61,0.011,0.143,0.44,0.518
103113.24572563171,0.538,0.531,0.46,0.543,1.0,0.445,0.812,neutral,surprise,0.356,0.07,True,stressed,471.93,252085.61,0.011,0.143,0.44,0.518
103144.74964141846,0.529,0.522,0.455,0.52,1.0,0.419,0.832,neutral,surprise,0.336,0.104,True,stressed,471.93,252085.61,0.011,0.143,0.44,0.518
103265.92922210693,0.533,0.524,0.455,0.531,1.0,0.455,0.856,neutral,surprise,0.336,0.104,True,stressed,471.93,252085.61,0.011,0.143,0.44,0.518
103294.86894607544,0.533,0.523,0.455,0.532,1.0,0.46,0.866,neutral,surprise,0.336,0.104,True,stressed,471.93,252085.61,0.011,0.143,0.44,0.518
103323.5673904419,0.533,0.518,0.45,0.531,1.0,0.463,0.897,neutral,surprise,0.313,0.108,True,stressed,471.93,252085.61,0.011,0.143,0.44,0.518
103445.53971290588,0.536,0.517,0.45,0.542,1.0,0.499,0.938,neutral,surprise,0.313,0.108,True,stressed,471.93,252085.61,0.011,0.143,0.44,0.518
103475.89087486267,0.534,0.51,0.45,0.544,1.0,0.507,0.985,neutral,surprise,0.313,0.108,True,stressed,471.93,252085.61,0.011,0.143,0.44,0.518
103509.67121124268,0.548,0.514,0.44,0.574,1.0,0.537,1.0,neutral,surprise,0.232,0.057,True,stressed,471.93,252085.61,0.011,0.143,0.44,0.518
103633.06069374084,0.554,0.528,0.44,0.576,1.0,0.546,0.934,neutral,surprise,0.232,0.057,True,stressed,471.93,252085.61,0.011,0.143,0.44,0.518
103663.32387924194,0.551,0.533,0.44,0.563,1.0,0.501,0.86,neutral,surprise,0.232,0.057,True,stressed,471.93,252085.61,0.011,0.143,0.44,0.518
103697.39723205566,0.527,0.522,0.453,0.51,1.0,0.4,0.808,neutral,surprise,0.332,0.116,True,stressed,471.93,252085.61,0.011,0.143,0.44,0.518
103815.59300422668,0.515,0.498,0.453,0.498,1.0,0.36,0.907,neutral,surprise,0.332,0.116,True,stressed,471.93,252085.61,0.011,0.143,0.44,0.518
103844.26975250244,0.5,0.474,0.453,0.474,1.0,0.283,0.963,neutral,surprise,0.332,0.116,True,stressed,471.93,252085.61,0.011,0.143,0.44,0.518
103872.9989528656,0.498,0.464,0.435,0.46,1.0,0.262,1.0,neutral,surprise,0.248,0.137,True,stressed,471.93,252085.61,0.011,0.143,0.44,0.518
103989.65716362,0.52,0.49,0.435,0.504,1.0,0.411,1.0,neutral,surprise,0.248,0.137,True,stressed,471.93,252085.61,0.011,0.143,0.44,0.518
104022.6628780365,0.52,0.489,0.435,0.503,1.0,0.408,1.0,neutral,surprise,0.248,0.137,True,stressed,471.93,252085.61,0.011,0.143,0.44,0.518
104054.48007583618,0.527,0.497,0.459,0.547,1.0,0.445,1.0,neutral,surprise,0.343,0.053,True,stressed,471.93,252085.61,0.011,0.143,0.44,0.518
104260.10489463806,0.524,0.493,0.459,0.54,1.0,0.421,1.0,neutral,surprise,0.343,0.053,True,stressed,471.93,252085.61,0.011,0.143,0.44,0.518
104295.50981521606,0.541,0.503,0.423,0.542,1.0,0.42,1.0,neutral,surprise,0.343,0.053,True,stressed,386.31,230159.96,0.0118,0.1165,0.418,0.558
104327.66914367676,0.541,0.505,0.429,0.547,1.0,0.427,1.0,neutral,surprise,0.37,0.045,True,stressed,386.31,230159.96,0.0118,0.1165,0.418,0.558
104442.27194786072,0.562,0.531,0.429,0.588,1.0,0.564,1.0,neutral,surprise,0.37,0.045,True,stressed,386.31,230159.96,0.0118,0.1165,0.418,0.558
104474.8842716217,0.567,0.537,0.429,0.597,1.0,0.592,1.0,neutral,surprise,0.37,0.045,True,stressed,386.31,230159.96,0.0118,0.1165,0.418,0.558
104511.78026199341,0.569,0.536,0.412,0.586,1.0,0.595,1.0,neutral,surprise,0.293,0.077,True,stressed,386.31,230159.96,0.0118,0.1165,0.418,0.558
104628.16166877747,0.571,0.538,0.412,0.589,1.0,0.606,1.0,neutral,surprise,0.293,0.077,True,stressed,386.31,230159.96,0.0118,0.1165,0.418,0.558
104660.07351875305,0.566,0.533,0.412,0.58,1.0,0.576,1.0,neutral,surprise,0.293,0.077,True,stressed,386.31,230159.96,0.0118,0.1165,0.418,0.558
104693.07613372803,0.558,0.533,0.447,0.592,1.0,0.577,1.0,neutral,surprise,0.468,0.052,True,stressed,386.31,230159.96,0.0118,0.1165,0.418,0.558
104813.61126899719,0.543,0.515,0.447,0.563,1.0,0.481,1.0,neutral,surprise,0.468,0.052,True,stressed,386.31,230159.96,0.0118,0.1165,0.418,0.558
104844.6912765503,0.544,0.516,0.447,0.565,1.0,0.486,1.0,neutral,surprise,0.468,0.052,True,stressed,386.31,230159.96,0.0118,0.1165,0.418,0.558
104910.06064414978,0.553,0.503,0.397,0.553,1.0,0.414,1.0,neutral,surprise,0.18,0.02,True,stressed,386.31,230159.96,0.0118,0.1165,0.418,0.558
105032.9897403717,0.553,0.503,0.397,0.553,1.0,0.413,1.0,neutral,surprise,0.18,0.02,True,stressed,386.31,230159.96,0.0118,0.1165,0.418,0.558
105060.97149848938,0.555,0.505,0.397,0.556,1.0,0.423,1.0,neutral,surprise,0.18,0.02,True,stressed,386.31,230159.96,0.0118,0.1165,0.418,0.558
105089.6167755127,0.55,0.51,0.413,0.555,1.0,0.454,1.0,neutral,surprise,0.286,0.047,True,stressed,386.31,230159.96,0.0118,0.1165,0.418,0.558
105205.7192325592,0.552,0.512,0.413,0.559,1.0,0.468,1.0,neutral,surprise,0.286,0.047,True,stressed,386.31,230159.96,0.0118,0.1165,0.418,0.558
105236.971616745,0.556,0.517,0.413,0.566,1.0,0.491,1.0,neutral,surprise,0.286,0.047,True,stressed,386.31,230159.96,0.0118,0.1165,0.418,0.558
105267.42362976074,0.558,0.527,0.433,0.583,1.0,0.541,1.0,neutral,surprise,0.392,0.043,True,stressed,386.31,230159.96,0.0118,0.1165,0.418,0.558
105389.91641998291,0.56,0.53,0.433,0.588,1.0,0.559,1.0,neutral,surprise,0.392,0.043,True,stressed,386.31,230159.96,0.0118,0.1165,0.418,0.558
105418.98274421692,0.564,0.534,0.433,0.594,1.0,0.578,1.0,neutral,surprise,0.392,0.043,True,stressed,386.31,230159.96,0.0118,0.1165,0.418,0.558
105449.89275932312,0.579,0.539,0.401,0.601,1.0,0.604,1.0,neutral,surprise,0.22,0.046,True,stressed,386.31,230159.96,0.0118,0.1165,0.418,0.558
105563.38882446289,0.571,0.529,0.401,0.586,1.0,0.553,1.0,neutral,surprise,0.22,0.046,True,stressed,386.31,230159.96,0.0118,0.1165,0.418,0.558
105593.0917263031,0.569,0.527,0.401,0.583,1.0,0.543,1.0,neutral,surprise,0.22,0.046,True,stressed,386.31,230159.96,0.0118,0.1165,0.418,0.558
105621.60754203796,0.555,0.519,0.42,0.567,1.0,0.502,1.0,neutral,surprise,0.326,0.057,True,stressed,386.31,230159.96,0.0118,0.1165,0.418,0.558
105741.14513397217,0.553,0.517,0.42,0.565,1.0,0.494,1.0,neutral,surprise,0.326,0.057,True,stressed,386.31,230159.96,0.0118,0.1165,0.418,0.558
105775.79712867737,0.555,0.52,0.42,0.568,1.0,0.506,1.0,neutral,surprise,0.326,0.057,True,stressed,386.31,230159.96,0.0118,0.1165,0.418,0.558
105802.09279060364,0.567,0.523,0.4,0.579,1.0,0.521,1.0,neutral,surprise,0.213,0.039,True,stressed,386.31,230159.96,0.0118,0.1165,0.418,0.558
105991.0933971405,0.566,0.522,0.4,0.578,1.0,0.515,1.0,neutral,surprise,0.213,0.039,True,stressed,386.31,230159.96,0.0118,0.1165,0.418,0.558
106027.75287628174,0.563,0.518,0.4,0.572,1.0,0.495,1.0,neutral,surprise,0.213,0.039,True,stressed,386.31,230159.96,0.0118,0.1165,0.418,0.558
106068.03584098816,0.561,0.526,0.425,0.586,1.0,0.538,1.0,neutral,surprise,0.38,0.052,True,stressed,407.13,217512.13,0.0137,0.1251,0.418,0.563
106182.05070495605,0.568,0.534,0.425,0.599,1.0,0.581,1.0,neutral,surprise,0.38,0.052,True,stressed,407.13,217512.13,0.0137,0.1251,0.418,0.563
106212.49222755432,0.57,0.537,0.425,0.603,1.0,0.595,1.0,neutral,surprise,0.38,0.052,True,stressed,407.13,217512.13,0.0137,0.1251,0.418,0.563
106244.20499801636,0.594,0.547,0.386,0.624,1.0,0.639,1.0,neutral,surprise,0.182,0.027,True,stressed,407.13,217512.13,0.0137,0.1251,0.418,0.563
106370.07164955139,0.595,0.549,0.386,0.628,1.0,0.652,1.0,neutral,surprise,0.182,0.027,True,stressed,407.13,217512.13,0.0137,0.1251,0.418,0.563
106398.87762069702,0.594,0.547,0.386,0.625,1.0,0.64,1.0,neutral,surprise,0.182,0.027,True,stressed,407.13,217512.13,0.0137,0.1251,0.418,0.563
106428.02381515503,0.578,0.546,0.4,0.588,1.0,0.654,1.0,neutral,surprise,0.297,0.152,True,stressed,407.13,217512.13,0.0137,0.1251,0.418,0.563
106550.63128471375,0.573,0.541,0.4,0.579,1.0,0.627,1.0,neutral,surprise,0.297,0.152,True,stressed,407.13,217512.13,0.0137,0.1251,0.418,0.563
106578.04560661316,0.566,0.533,0.4,0.566,1.0,0.582,1.0,neutral,surprise,0.297,0.152,True,stressed,407.13,217512.13,0.0137,0.1251,0.418,0.563
106608.14690589905,0.569,0.55,0.423,0.581,1.0,0.544,0.88,neutral,surprise,0.374,0.079,True,stressed,407.13,217512.13,0.0137,0.1251,0.418,0.563
106729.51626777649,0.57,0.554,0.423,0.582,1.0,0.55,0.867,neutral,surprise,0.374,0.079,True,stressed,407.13,217512.13,0.0137,0.1251,0.418,0.563
106757.82179832458,0.566,0.543,0.423,0.579,1.0,0.54,0.91,neutral,surprise,0.374,0.079,True,stressed,407.13,217512.13,0.0137,0.1251,0.418,0.563
106788.42377662659,0.566,0.557,0.449,0.593,1.0,0.547,0.855,neutral,surprise,0.496,0.036,True,stressed,407.13,217512.13,0.0137,0.1251,0.418,0.563
106908.05625915527,0.568,0.564,0.449,0.592,1.0,0.544,0.816,neutral,surprise,0.496,0.036,True,stressed,407.13,217512.13,0.0137,0.1251,0.418,0.563
106935.4031085968,0.57,0.572,0.449,0.591,1.0,0.54,0.772,neutral,surprise,0.496,0.036,True,stressed,407.13,217512.13,0.0137,0.1251,0.418,0.563
106971.26793861389,0.591,0.601,0.417,0.59,1.0,0.541,0.627,neutral,surprise,0.343,0.049,True,stressed,407.13,217512.13,0.0137,0.1251,0.418,0.563
107082.02481269836,0.584,0.573,0.417,0.598,1.0,0.57,0.796,neutral,surprise,0.343,0.049,True,stressed,407.13,217512.13,0.0137,0.1251,0.418,0.563
107109.82775688171,0.594,0.582,0.417,0.622,1.0,0.65,0.833,neutral,surprise,0.343,0.049,True,stressed,407.13,217512.13,0.0137,0.1251,0.418,0.563
107138.18526268005,0.599,0.58,0.408,0.628,1.0,0.658,0.855,neutral,surprise,0.291,0.03,True,stressed,407.13,217512.13,0.0137,0.1251,0.418,0.563
107263.32664489746,0.588,0.562,0.408,0.615,1.0,0.613,0.895,neutral,surprise,0.291,0.03,True,stressed,407.13,217512.13,0.0137,0.1251,0.418,0.563
107291.59736633301,0.582,0.542,0.408,0.616,1.0,0.616,1.0,neutral,surprise,0.291,0.03,True,stressed,407.13,217512.13,0.0137,0.1251,0.418,0.563
107318.73178482056,0.591,0.551,0.391,0.618,1.0,0.662,0.995,neutral,surprise,0.223,0.062,True,stressed,407.13,217512.13,0.0137,0.1251,0.418,0.563
107443.13907623291,0.592,0.553,0.391,0.617,1.0,0.659,0.984,neutral,surprise,0.223,0.062,True,stressed,407.13,217512.13,0.0137,0.1251,0.418,0.563
107472.93281555176,0.59,0.549,0.391,0.615,1.0,0.654,1.0,neutral,surprise,0.223,0.062,True,stressed,407.13,217512.13,0.0137,0.1251,0.418,0.563
107504.89020347595,0.581,0.554,0.398,0.589,1.0,0.652,0.963,neutral,surprise,0.284,0.135,True,stressed,407.13,217512.13,0.0137,0.1251,0.418,0.563
107648.98347854614,0.564,0.528,0.398,0.56,1.0,0.556,1.0,neutral,surprise,0.284,0.135,True,stressed,407.13,217512.13,0.0137,0.1251,0.418,0.563
107689.78905677795,0.565,0.53,0.398,0.564,1.0,0.571,1.0,neutral,surprise,0.284,0.135,True,stressed,407.13,217512.13,0.0137,0.1251,0.418,0.563
107722.38326072693,0.551,0.528,0.479,0.612,1.0,0.638,1.0,neutral,surprise,0.398,0.074,True,stressed,519.71,284566.01,0.014,0.1625,0.451,0.495
107880.94234466553,0.548,0.524,0.479,0.606,1.0,0.618,1.0,neutral,surprise,0.398,0.074,True,stressed,519.71,284566.01,0.014,0.1625,0.451,0.495
107909.65747833252,0.548,0.525,0.479,0.608,1.0,0.623,1.0,neutral,surprise,0.398,0.074,True,stressed,519.71,284566.01,0.014,0.1625,0.451,0.495
107938.6031627655,0.548,0.523,0.458,0.583,1.0,0.623,1.0,neutral,surprise,0.356,0.192,True,stressed,519.71,284566.01,0.014,0.1625,0.451,0.495
108061.23185157776,0.542,0.516,0.458,0.571,1.0,0.584,1.0,neutral,surprise,0.356,0.192,True,stressed,519.71,284566.01,0.014,0.1625,0.451,0.495
108090.11769294739,0.551,0.527,0.458,0.588,1.0,0.64,1.0,neutral,surprise,0.356,0.192,True,stressed,519.71,284566.01,0.014,0.1625,0.451,0.495
108119.44651603699,0.54,0.515,0.458,0.568,1.0,0.579,1.0,neutral,surprise,0.341,0.152,True,stressed,519.71,284566.01,0.014,0.1625,0.451,0.495
108244.42911148071,0.528,0.5,0.458,0.546,1.0,0.505,1.0,neutral,surprise,0.341,0.152,True,stressed,519.71,284566.01,0.014,0.1625,0.451,0.495
108273.00572395325,0.533,0.506,0.458,0.554,1.0,0.532,1.0,neutral,surprise,0.341,0.152,True,stressed,519.71,284566.01,0.014,0.1625,0.451,0.495
108306.06937408447,0.535,0.506,0.452,0.555,1.0,0.538,1.0,neutral,surprise,0.319,0.145,True,stressed,519.71,284566.01,0.014,0.1625,0.451,0.495
108422.83630371094,0.539,0.51,0.452,0.561,1.0,0.557,1.0,neutral,surprise,0.319,0.145,True,stressed,519.71,284566.01,0.014,0.1625,0.451,0.495
108452.77643203735,0.538,0.51,0.452,0.56,1.0,0.556,1.0,neutral,surprise,0.319,0.145,True,stressed,519.71,284566.01,0.014,0.1625,0.451,0.495
108483.40892791748,0.539,0.51,0.453,0.563,1.0,0.557,1.0,neutral,surprise,0.323,0.147,True,stressed,519.71,284566.01,0.014,0.1625,0.451,0.495
108607.48600959778,0.542,0.515,0.453,0.569,1.0,0.579,1.0,neutral,surprise,0.323,0.147,True,stressed,519.71,284566.01,0.014,0.1625,0.451,0.495
108634.82236862183,0.545,0.518,0.453,0.573,1.0,0.593,1.0,neutral,surprise,0.323,0.147,True,stressed,519.71,284566.01,0.014,0.1625,0.451,0.495
108665.64130783081,0.55,0.536,0.457,0.574,1.0,0.597,0.913,neutral,surprise,0.337,0.148,True,stressed,519.71,284566.01,0.014,0.1625,0.451,0.495
108781.87370300293,0.562,0.56,0.457,0.585,1.0,0.633,0.83,neutral,surprise,0.337,0.148,True,stressed,519.71,284566.01,0.014,0.1625,0.451,0.495
108809.13519859314,0.562,0.56,0.457,0.587,1.0,0.64,0.838,neutral,surprise,0.337,0.148,True,stressed,519.71,284566.01,0.014,0.1625,0.451,0.495
108840.45886993408,0.567,0.571,0.451,0.583,1.0,0.633,0.774,neutral,surprise,0.317,0.15,True,stressed,519.71,284566.01,0.014,0.1625,0.451,0.495
108962.75854110718,0.57,0.582,0.451,0.582,1.0,0.628,0.715,neutral,surprise,0.317,0.15,True,stressed,519.71,284566.01,0.014,0.1625,0.451,0.495
108994.7829246521,0.576,0.591,0.451,0.59,1.0,0.657,0.696,neutral,surprise,0.317,0.15,True,stressed,519.71,284566.01,0.014,0.1625,0.451,0.495
109022.72319793701,0.581,0.615,0.458,0.588,1.0,0.661,0.578,neutral,surprise,0.344,0.161,True,stressed,519.71,284566.01,0.014,0.1625,0.451,0.495
109148.71573448181,0.586,0.627,0.458,0.589,1.0,0.664,0.522,neutral,surprise,0.344,0.161,True,stressed,519.71,284566.01,0.014,0.1625,0.451,0.495
109177.87742614746,0.587,0.63,0.458,0.588,1.0,0.661,0.503,neutral,surprise,0.344,0.161,True,stressed,519.71,284566.01,0.014,0.1625,0.451,0.495
109209.27596092224,0.596,0.654,0.459,0.594,1.0,0.673,0.4,neutral,surprise,0.345,0.155,True,stressed,519.71,284566.01,0.014,0.1625,0.451,0.495
109329.42318916321,0.594,0.645,0.459,0.596,1.0,0.68,0.449,neutral,surprise,0.345,0.155,True,stressed,519.71,284566.01,0.014,0.1625,0.451,0.495
109361.19198799133,0.59,0.634,0.459,0.597,1.0,0.683,0.51,neutral,surprise,0.345,0.155,True,stressed,519.71,284566.01,0.014,0.1625,0.451,0.495
109389.06192779541,0.585,0.623,0.456,0.588,1.0,0.661,0.538,neutral,surprise,0.338,0.163,True,stressed,519.71,284566.01,0.014,0.1625,0.451,0.495
109586.79366111755,0.498,0.543,0.59,0.549,1.0,0.624,0.575,neutral,surprise,0.338,0.163,True,hesitant,1337.17,935410.93,0.0048,0.1884,0.791,0.347
109619.69447135925,0.499,0.547,0.59,0.548,1.0,0.621,0.553,neutral,surprise,0.338,0.163,True,hesitant,1337.17,935410.93,0.0048,0.1884,0.791,0.347
109647.63498306274,0.503,0.547,0.59,0.561,1.0,0.637,0.565,neutral,surprise,0.324,0.141,True,hesitant,1337.17,935410.93,0.0048,0.1884,0.791,0.347
109760.72192192078,0.493,0.527,0.59,0.549,1.0,0.598,0.64,neutral,surprise,0.324,0.141,True,hesitant,1337.17,935410.93,0.0048,0.1884,0.791,0.347
109788.0072593689,0.488,0.517,0.59,0.546,1.0,0.589,0.69,neutral,surprise,0.324,0.141,True,hesitant,1337.17,935410.93,0.0048,0.1884,0.791,0.347
109822.6146697998,0.488,0.517,0.59,0.544,1.0,0.581,0.684,neutral,surprise,0.317,0.138,True,hesitant,1337.17,935410.93,0.0048,0.1884,0.791,0.347
109935.45508384705,0.49,0.523,0.59,0.546,1.0,0.589,0.657,neutral,surprise,0.317,0.138,True,hesitant,1337.17,935410.93,0.0048,0.1884,0.791,0.347
109964.53142166138,0.484,0.512,0.59,0.539,1.0,0.565,0.696,neutral,surprise,0.317,0.138,True,hesitant,1337.17,935410.93,0.0048,0.1884,0.791,0.347
109993.88074874878,0.483,0.501,0.588,0.546,1.0,0.614,0.807,neutral,surprise,0.322,0.155,False,hesitant,1337.17,935410.93,0.0048,0.1884,0.791,0.347
110119.91000175476,0.472,0.477,0.588,0.537,1.0,0.584,0.912,neutral,surprise,0.322,0.155,False,hesitant,1337.17,935410.93,0.0048,0.1884,0.791,0.347
110150.68125724792,0.469,0.474,0.588,0.53,1.0,0.561,0.912,neutral,surprise,0.322,0.155,False,hesitant,1337.17,935410.93,0.0048,0.1884,0.791,0.347
110184.84210968018,0.473,0.485,0.591,0.534,1.0,0.559,0.846,neutral,surprise,0.33,0.145,True,hesitant,1337.17,935410.93,0.0048,0.1884,0.791,0.347
110312.39151954651,0.474,0.492,0.591,0.528,1.0,0.539,0.783,neutral,surprise,0.33,0.145,True,hesitant,1337.17,935410.93,0.0048,0.1884,0.791,0.347
110341.39347076416,0.475,0.498,0.591,0.526,1.0,0.534,0.745,neutral,surprise,0.33,0.145,True,hesitant,1337.17,935410.93,0.0048,0.1884,0.791,0.347
110373.117685318,0.478,0.505,0.59,0.525,1.0,0.553,0.728,neutral,surprise,0.342,0.166,True,hesitant,1337.17,935410.93,0.0048,0.1884,0.791,0.347
110495.51844596863,0.477,0.5,0.59,0.527,1.0,0.561,0.76,neutral,surprise,0.342,0.166,True,hesitant,1337.17,935410.93,0.0048,0.1884,0.791,0.347
110525.08592605591,0.482,0.507,0.59,0.536,1.0,0.589,0.749,neutral,surprise,0.342,0.166,True,hesitant,1337.17,935410.93,0.0048,0.1884,0.791,0.347
110555.37414550781,0.492,0.53,0.591,0.543,1.0,0.59,0.618,neutral,surprise,0.329,0.145,True,hesitant,1337.17,935410.93,0.0048,0.1884,0.791,0.347
110675.05311965942,0.486,0.525,0.591,0.53,1.0,0.548,0.603,neutral,surprise,0.329,0.145,True,hesitant,1337.17,935410.93,0.0048,0.1884,0.791,0.347
110704.67448234558,0.483,0.518,0.591,0.527,1.0,0.536,0.633,neutral,surprise,0.329,0.145,True,hesitant,1337.17,935410.93,0.0048,0.1884,0.791,0.347
110737.03122138977,0.482,0.518,0.588,0.52,1.0,0.551,0.645,neutral,surprise,0.338,0.174,True,hesitant,1337.17,935410.93,0.0048,0.1884,0.791,0.347
110854.3701171875,0.484,0.525,0.588,0.521,1.0,0.553,0.609,neutral,surprise,0.338,0.174,True,hesitant,1337.17,935410.93,0.0048,0.1884,0.791,0.347
110882.77459144592,0.494,0.55,0.588,0.524,1.0,0.566,0.473,neutral,surprise,0.338,0.174,True,hesitant,1337.17,935410.93,0.0048,0.1884,0.791,0.347
110913.7442111969,0.505,0.566,0.588,0.541,1.0,0.581,0.397,neutral,surprise,0.318,0.147,True,hesitant,1337.17,935410.93,0.0048,0.1884,0.791,0.347
111036.14592552185,0.5,0.558,0.588,0.536,1.0,0.565,0.429,neutral,surprise,0.318,0.147,True,hesitant,1337.17,935410.93,0.0048,0.1884,0.791,0.347
111065.58918952942,0.499,0.553,0.588,0.537,1.0,0.566,0.463,neutral,surprise,0.318,0.147,True,hesitant,1337.17,935410.93,0.0048,0.1884,0.791,0.347
111093.53828430176,0.494,0.557,0.589,0.519,1.0,0.558,0.427,neutral,surprise,0.348,0.181,True,hesitant,1337.17,935410.93,0.0048,0.1884,0.791,0.347
111285.90178489685,0.497,0.56,0.589,0.525,1.0,0.578,0.429,neutral,surprise,0.348,0.181,True,hesitant,1337.17,935410.93,0.0048,0.1884,0.791,0.347
111320.37329673767,0.507,0.571,0.589,0.543,1.0,0.637,0.422,neutral,surprise,0.348,0.181,True,hesitant,1337.17,935410.93,0.0048,0.1884,0.791,0.347
111356.08386993408,0.496,0.603,0.589,0.471,1.0,0.635,0.394,neutral,neutral,0.412,0.337,True,hesitant,2285.71,0.0,0.0,0.2011,1.0,0.265
111480.9250831604,0.488,0.593,0.589,0.457,1.0,0.588,0.402,neutral,neutral,0.412,0.337,True,hesitant,2285.71,0.0,0.0,0.2011,1.0,0.265
111513.2007598877,0.488,0.591,0.589,0.456,1.0,0.585,0.409,neutral,neutral,0.412,0.337,True,hesitant,2285.71,0.0,0.0,0.2011,1.0,0.265
111543.47229003906,0.508,0.599,0.598,0.524,1.0,0.619,0.398,neutral,surprise,0.332,0.179,True,hesitant,2285.71,0.0,0.0,0.2011,1.0,0.265
111663.36011886597,0.509,0.589,0.598,0.54,1.0,0.672,0.504,neutral,surprise,0.332,0.179,True,hesitant,2285.71,0.0,0.0,0.2011,1.0,0.265
111691.75243377686,0.506,0.583,0.598,0.536,1.0,0.658,0.519,neutral,surprise,0.332,0.179,True,hesitant,2285.71,0.0,0.0,0.2011,1.0,0.265
111723.44279289246,0.498,0.575,0.602,0.525,1.0,0.633,0.531,neutral,surprise,0.355,0.195,True,hesitant,2285.71,0.0,0.0,0.2011,1.0,0.265
111841.4351940155,0.496,0.568,0.602,0.525,1.0,0.634,0.563,neutral,surprise,0.355,0.195,True,hesitant,2285.71,0.0,0.0,0.2011,1.0,0.265
111874.18961524963,0.497,0.572,0.602,0.524,1.0,0.631,0.542,neutral,surprise,0.355,0.195,True,hesitant,2285.71,0.0,0.0,0.2011,1.0,0.265
111906.9550037384,0.504,0.575,0.6,0.541,1.0,0.638,0.542,neutral,surprise,0.31,0.148,True,hesitant,2285.71,0.0,0.0,0.2011,1.0,0.265
112021.78645133972,0.507,0.583,0.6,0.542,1.0,0.639,0.504,neutral,surprise,0.31,0.148,True,hesitant,2285.71,0.0,0.0,0.2011,1.0,0.265
112053.04479598999,0.506,0.582,0.6,0.541,1.0,0.638,0.505,neutral,surprise,0.31,0.148,True,hesitant,2285.71,0.0,0.0,0.2011,1.0,0.265
112081.81142807007,0.498,0.573,0.601,0.525,1.0,0.604,0.513,neutral,surprise,0.328,0.165,True,hesitant,2285.71,0.0,0.0,0.2011,1.0,0.265
112203.2458782196,0.502,0.566,0.601,0.546,1.0,0.673,0.617,neutral,surprise,0.328,0.165,True,hesitant,2285.71,0.0,0.0,0.2011,1.0,0.265
112231.32133483887,0.499,0.561,0.601,0.542,1.0,0.662,0.634,neutral,surprise,0.328,0.165,True,hesitant,2285.71,0.0,0.0,0.2011,1.0,0.265
112265.82503318787,0.498,0.562,0.598,0.536,1.0,0.655,0.616,neutral,surprise,0.328,0.175,True,hesitant,2285.71,0.0,0.0,0.2011,1.0,0.265
112384.87601280212,0.496,0.558,0.598,0.535,1.0,0.654,0.634,neutral,surprise,0.328,0.175,True,hesitant,2285.71,0.0,0.0,0.2011,1.0,0.265
112412.87541389465,0.485,0.534,0.598,0.523,1.0,0.613,0.714,neutral,surprise,0.328,0.175,True,hesitant,2285.71,0.0,0.0,0.2011,1.0,0.265
112443.17626953125,0.498,0.565,0.604,0.538,1.0,0.644,0.595,neutral,surprise,0.333,0.161,True,hesitant,2285.71,0.0,0.0,0.2011,1.0,0.265
112563.24887275696,0.499,0.568,0.604,0.539,1.0,0.646,0.578,neutral,surprise,0.333,0.161,True,hesitant,2285.71,0.0,0.0,0.2011,1.0,0.265
112590.2488231659,0.497,0.566,0.604,0.533,1.0,0.627,0.571,neutral,surprise,0.333,0.161,True,hesitant,2285.71,0.0,0.0,0.2011,1.0,0.265
112618.61801147461,0.495,0.575,0.585,0.495,1.0,0.652,0.55,neutral,surprise,0.37,0.283,True,hesitant,2285.71,0.0,0.0,0.2011,1.0,0.265
112741.22714996338,0.49,0.568,0.585,0.487,1.0,0.624,0.558,neutral,surprise,0.37,0.283,True,hesitant,2285.71,0.0,0.0,0.2011,1.0,0.265
112769.46711540222,0.492,0.571,0.585,0.491,1.0,0.638,0.553,neutral,surprise,0.37,0.283,True,hesitant,2285.71,0.0,0.0,0.2011,1.0,0.265
112800.57120323181,0.48,0.548,0.589,0.48,1.0,0.583,0.615,neutral,surprise,0.366,0.262,False,hesitant,2285.71,0.0,0.0,0.2011,1.0,0.265
112933.10832977295,0.477,0.545,0.589,0.476,1.0,0.568,0.614,neutral,surprise,0.366,0.262,False,hesitant,2285.71,0.0,0.0,0.2011,1.0,0.265
112975.93593597412,0.477,0.546,0.589,0.475,1.0,0.565,0.604,neutral,surprise,0.366,0.262,False,hesitant,2285.71,0.0,0.0,0.2011,1.0,0.265
113011.92092895508,0.489,0.57,0.587,0.482,1.0,0.572,0.492,neutral,surprise,0.356,0.254,True,hesitant,2285.71,0.0,0.0,0.2003,1.0,0.266
113163.18917274475,0.499,0.581,0.587,0.503,1.0,0.64,0.505,neutral,surprise,0.356,0.254,True,hesitant,2285.71,0.0,0.0,0.2003,1.0,0.266
113191.19763374329,0.497,0.579,0.587,0.5,1.0,0.63,0.508,neutral,surprise,0.356,0.254,True,hesitant,2285.71,0.0,0.0,0.2003,1.0,0.266
113220.96681594849,0.491,0.583,0.587,0.473,1.0,0.628,0.491,neutral,neutral,0.399,0.321,True,hesitant,2285.71,0.0,0.0,0.2003,1.0,0.266
113337.13006973267,0.49,0.581,0.587,0.473,1.0,0.626,0.497,neutral,neutral,0.399,0.321,True,hesitant,2285.71,0.0,0.0,0.2003,1.0,0.266
113365.83018302917,0.484,0.57,0.587,0.465,1.0,0.6,0.528,neutral,neutral,0.399,0.321,True,hesitant,2285.71,0.0,0.0,0.2003,1.0,0.266
113393.82433891296,0.495,0.571,0.591,0.508,1.0,0.607,0.523,neutral,surprise,0.338,0.212,True,hesitant,2285.71,0.0,0.0,0.2003,1.0,0.266
113521.78311347961,0.487,0.548,0.591,0.506,1.0,0.598,0.628,neutral,surprise,0.338,0.212,True,hesitant,2285.71,0.0,0.0,0.2003,1.0,0.266
113555.79781532288,0.476,0.519,0.591,0.505,1.0,0.595,0.768,neutral,surprise,0.338,0.212,True,hesitant,2285.71,0.0,0.0,0.2003,1.0,0.266
113588.0994796753,0.465,0.509,0.59,0.478,1.0,0.553,0.781,neutral,surprise,0.365,0.256,True,hesitant,2285.71,0.0,0.0,0.2003,1.0,0.266
113706.05397224426,0.466,0.511,0.59,0.478,1.0,0.554,0.769,neutral,surprise,0.365,0.256,True,hesitant,2285.71,0.0,0.0,0.2003,1.0,0.266
113734.58814620972,0.471,0.526,0.59,0.478,1.0,0.552,0.693,neutral,surprise,0.365,0.256,True,hesitant,2285.71,0.0,0.0,0.2003,1.0,0.266
113761.19709014893,0.473,0.527,0.588,0.48,1.0,0.553,0.688,neutral,surprise,0.351,0.241,True,hesitant,2285.71,0.0,0.0,0.2003,1.0,0.266
113888.36646080017,0.467,0.516,0.588,0.474,1.0,0.532,0.721,neutral,surprise,0.351,0.241,True,hesitant,2285.71,0.0,0.0,0.2003,1.0,0.266
113919.50750350952,0.458,0.49,0.588,0.476,1.0,0.539,0.859,neutral,surprise,0.351,0.241,True,hesitant,2285.71,0.0,0.0,0.2003,1.0,0.266
113956.45952224731,0.461,0.497,0.592,0.482,1.0,0.545,0.827,neutral,surprise,0.354,0.231,True,hesitant,2285.71,0.0,0.0,0.2003,1.0,0.266
114117.75636672974,0.463,0.497,0.592,0.486,1.0,0.557,0.842,neutral,surprise,0.354,0.231,True,hesitant,2285.71,0.0,0.0,0.2003,1.0,0.266
114162.766456604,0.463,0.492,0.592,0.492,1.0,0.577,0.885,neutral,surprise,0.354,0.231,True,hesitant,2285.71,0.0,0.0,0.2003,1.0,0.266
114207.28325843811,0.474,0.515,0.592,0.502,1.0,0.607,0.8,neutral,surprise,0.356,0.235,True,hesitant,2285.71,0.0,0.0,0.2003,1.0,0.266
114461.81726455688,0.472,0.515,0.592,0.498,1.0,0.595,0.789,neutral,surprise,0.356,0.235,True,hesitant,2285.71,0.0,0.0,0.2003,1.0,0.266
114500.9253025055,0.473,0.516,0.592,0.498,1.0,0.594,0.78,neutral,surprise,0.356,0.235,True,hesitant,2285.71,0.0,0.0,0.2003,1.0,0.266
114546.44727706909,0.48,0.525,0.593,0.513,1.0,0.625,0.769,neutral,surprise,0.343,0.211,True,hesitant,2285.71,0.0,0.0,0.2003,1.0,0.266
114951.56240463257,0.49,0.554,0.593,0.512,1.0,0.622,0.62,neutral,surprise,0.343,0.211,True,hesitant,2285.71,0.0,0.0,0.2003,1.0,0.266
115024.04618263245,0.487,0.545,0.593,0.513,1.0,0.627,0.671,neutral,surprise,0.343,0.211,True,hesitant,2285.71,0.0,0.0,0.2003,1.0,0.266
115075.95205307007,0.478,0.534,0.593,0.495,1.0,0.631,0.732,neutral,surprise,0.377,0.264,True,hesitant,2285.71,0.0,0.0,0.2004,1.0,0.266
115340.01970291138,0.478,0.532,0.593,0.497,1.0,0.639,0.751,neutral,surprise,0.377,0.264,True,hesitant,2285.71,0.0,0.0,0.2004,1.0,0.266
115383.72755050659,0.475,0.526,0.593,0.496,1.0,0.635,0.774,neutral,surprise,0.377,0.264,True,hesitant,2285.71,0.0,0.0,0.2004,1.0,0.266
115419.73686218262,0.472,0.515,0.59,0.495,1.0,0.606,0.798,neutral,surprise,0.359,0.248,True,hesitant,2285.71,0.0,0.0,0.2004,1.0,0.266
115617.06876754761,0.481,0.542,0.59,0.494,1.0,0.602,0.659,neutral,surprise,0.359,0.248,True,hesitant,2285.71,0.0,0.0,0.2004,1.0,0.266
115656.05092048645,0.482,0.543,0.59,0.494,1.0,0.604,0.658,neutral,surprise,0.359,0.248,True,hesitant,2285.71,0.0,0.0,0.2004,1.0,0.266
115714.81800079346,0.48,0.543,0.593,0.491,1.0,0.592,0.646,neutral,surprise,0.365,0.247,True,hesitant,2285.71,0.0,0.0,0.2004,1.0,0.266
115908.80370140076,0.484,0.545,0.593,0.504,1.0,0.636,0.676,neutral,surprise,0.365,0.247,True,hesitant,2285.71,0.0,0.0,0.2004,1.0,0.266
115955.86466789246,0.484,0.547,0.593,0.502,1.0,0.628,0.662,neutral,surprise,0.365,0.247,True,hesitant,2285.71,0.0,0.0,0.2004,1.0,0.266
115998.63982200623,0.487,0.551,0.594,0.508,1.0,0.629,0.638,neutral,surprise,0.364,0.24,True,hesitant,2285.71,0.0,0.0,0.2004,1.0,0.266
116188.87114524841,0.481,0.536,0.594,0.505,1.0,0.621,0.707,neutral,surprise,0.364,0.24,True,hesitant,2285.71,0.0,0.0,0.2004,1.0,0.266
116229.61521148682,0.47,0.517,0.594,0.491,1.0,0.572,0.756,neutral,surprise,0.364,0.24,True,hesitant,2285.71,0.0,0.0,0.2004,1.0,0.266
116271.81768417358,0.47,0.519,0.592,0.484,1.0,0.583,0.761,neutral,surprise,0.374,0.264,True,hesitant,2285.71,0.0,0.0,0.2004,1.0,0.266
116459.93375778198,0.469,0.521,0.592,0.479,1.0,0.569,0.733,neutral,surprise,0.374,0.264,True,hesitant,2285.71,0.0,0.0,0.2004,1.0,0.266
116497.39193916321,0.469,0.527,0.592,0.472,1.0,0.545,0.679,neutral,surprise,0.374,0.264,True,hesitant,2285.71,0.0,0.0,0.2004,1.0,0.266
116537.01949119568,0.47,0.531,0.597,0.478,1.0,0.563,0.677,neutral,surprise,0.387,0.263,True,hesitant,2285.71,0.0,0.0,0.2004,1.0,0.266
116839.61343765259,0.472,0.537,0.597,0.478,1.0,0.562,0.646,neutral,surprise,0.387,0.263,True,hesitant,2285.71,0.0,0.0,0.2004,1.0,0.266
116888.09466362,0.477,0.55,0.597,0.479,1.0,0.566,0.582,neutral,surprise,0.387,0.263,True,hesitant,2285.71,0.0,0.0,0.2004,1.0,0.266
116940.38081169128,0.476,0.541,0.598,0.487,1.0,0.561,0.612,neutral,surprise,0.365,0.241,True,hesitant,2285.71,0.0,0.0,0.2005,1.0,0.266
117156.65316581726,0.476,0.538,0.598,0.489,1.0,0.568,0.633,neutral,surprise,0.365,0.241,True,hesitant,2285.71,0.0,0.0,0.2005,1.0,0.266
117199.07784461975,0.478,0.533,0.598,0.501,1.0,0.608,0.699,neutral,surprise,0.365,0.241,True,hesitant,2285.71,0.0,0.0,0.2005,1.0,0.266
117243.38221549988,0.476,0.538,0.596,0.488,1.0,0.618,0.687,neutral,surprise,0.384,0.277,True,hesitant,2285.71,0.0,0.0,0.2005,1.0,0.266
117454.55574989319,0.465,0.514,0.596,0.479,1.0,0.587,0.778,neutral,surprise,0.384,0.277,True,hesitant,2285.71,0.0,0.0,0.2005,1.0,0.266
117501.77669525146,0.469,0.519,0.596,0.487,1.0,0.613,0.777,neutral,surprise,0.384,0.277,True,hesitant,2285.71,0.0,0.0,0.2005,1.0,0.266
117548.88224601746,0.482,0.538,0.604,0.518,1.0,0.674,0.741,neutral,surprise,0.388,0.25,True,hesitant,2285.71,0.0,0.0,0.2005,1.0,0.266
117769.56486701965,0.491,0.562,0.604,0.519,1.0,0.676,0.618,neutral,surprise,0.388,0.25,True,hesitant,2285.71,0.0,0.0,0.2005,1.0,0.266
117811.02013587952,0.478,0.534,0.604,0.508,1.0,0.639,0.726,neutral,surprise,0.388,0.25,True,hesitant,2285.71,0.0,0.0,0.2005,1.0,0.266
117851.56083106995,0.475,0.522,0.601,0.509,1.0,0.614,0.757,neutral,surprise,0.369,0.233,True,hesitant,2285.71,0.0,0.0,0.2005,1.0,0.266
118045.32313346863,0.46,0.494,0.601,0.491,1.0,0.556,0.838,neutral,surprise,0.369,0.233,True,hesitant,2285.71,0.0,0.0,0.2005,1.0,0.266
118085.56747436523,0.46,0.495,0.601,0.492,1.0,0.558,0.838,neutral,surprise,0.369,0.233,True,hesitant,2285.71,0.0,0.0,0.2005,1.0,0.266
118126.66511535645,0.459,0.495,0.601,0.487,1.0,0.565,0.848,neutral,surprise,0.38,0.252,True,hesitant,2285.71,0.0,0.0,0.2005,1.0,0.266
118315.14430046082,0.46,0.496,0.601,0.488,1.0,0.569,0.85,neutral,surprise,0.38,0.252,True,hesitant,2285.71,0.0,0.0,0.2005,1.0,0.266
118345.76177597046,0.464,0.506,0.601,0.491,1.0,0.58,0.807,neutral,surprise,0.38,0.252,True,hesitant,2285.71,0.0,0.0,0.2005,1.0,0.266
118377.36082077026,0.462,0.508,0.595,0.476,1.0,0.566,0.782,neutral,surprise,0.373,0.263,True,hesitant,2285.71,0.0,0.0,0.2005,1.0,0.266
118496.50192260742,0.468,0.518,0.595,0.484,1.0,0.594,0.76,neutral,surprise,0.373,0.263,True,hesitant,2285.71,0.0,0.0,0.2005,1.0,0.266
118532.1729183197,0.471,0.529,0.595,0.481,1.0,0.583,0.698,neutral,surprise,0.373,0.263,True,hesitant,2285.71,0.0,0.0,0.2005,1.0,0.266
118577.3458480835,0.467,0.515,0.595,0.482,1.0,0.589,0.775,neutral,surprise,0.375,0.268,True,hesitant,2285.71,0.0,0.0,0.2008,1.0,0.265
127129.80318069458,0.455,0.46,0.567,0.476,1.0,0.481,1.0,backward,surprise,0.368,0.2,True,hesitant,2055.58,431817.01,0.0,0.1964,1.0,0.334
127263.04507255554,0.454,0.458,0.567,0.473,1.0,0.472,1.0,backward,surprise,0.368,0.2,True,hesitant,2055.58,431817.01,0.0,0.1964,1.0,0.334
127291.53752326965,0.453,0.458,0.567,0.472,1.0,0.469,1.0,backward,surprise,0.368,0.2,True,hesitant,2055.58,431817.01,0.0,0.1964,1.0,0.334
127323.43173027039,0.458,0.464,0.556,0.468,1.0,0.5,1.0,backward,surprise,0.353,0.229,True,hesitant,2055.58,431817.01,0.0,0.1964,1.0,0.334
127496.51288986206,0.465,0.473,0.556,0.48,1.0,0.542,1.0,backward,surprise,0.353,0.229,True,hesitant,2055.58,431817.01,0.0,0.1964,1.0,0.334
127528.33414077759,0.464,0.472,0.556,0.478,1.0,0.536,1.0,backward,surprise,0.353,0.229,True,hesitant,2055.58,431817.01,0.0,0.1964,1.0,0.334
127563.60673904419,0.444,0.458,0.592,0.471,1.0,0.522,1.0,backward,surprise,0.357,0.236,True,hesitant,2285.71,0.0,0.0,0.2014,1.0,0.264
127705.1260471344,0.44,0.452,0.592,0.462,1.0,0.494,1.0,backward,surprise,0.357,0.236,True,hesitant,2285.71,0.0,0.0,0.2014,1.0,0.264
127732.10430145264,0.442,0.455,0.592,0.467,1.0,0.511,1.0,backward,surprise,0.357,0.236,True,hesitant,2285.71,0.0,0.0,0.2014,1.0,0.264
127761.84487342834,0.441,0.454,0.585,0.455,1.0,0.495,1.0,backward,surprise,0.355,0.258,True,hesitant,2285.71,0.0,0.0,0.2014,1.0,0.264
127887.86697387695,0.439,0.451,0.585,0.452,1.0,0.485,1.0,backward,surprise,0.355,0.258,True,hesitant,2285.71,0.0,0.0,0.2014,1.0,0.264
127917.8855419159,0.438,0.45,0.585,0.451,1.0,0.481,1.0,backward,surprise,0.355,0.258,True,hesitant,2285.71,0.0,0.0,0.2014,1.0,0.264
127946.6962814331,0.436,0.445,0.598,0.465,1.0,0.467,1.0,backward,surprise,0.355,0.209,True,hesitant,2285.71,0.0,0.0,0.2014,1.0,0.264
128070.99556922913,0.424,0.43,0.598,0.443,1.0,0.394,1.0,backward,surprise,0.355,0.209,True,hesitant,2285.71,0.0,0.0,0.2014,1.0,0.264
128100.78930854797,0.423,0.43,0.598,0.441,1.0,0.389,1.0,backward,surprise,0.355,0.209,True,hesitant,2285.71,0.0,0.0,0.2014,1.0,0.264
128131.37769699097,0.427,0.451,0.597,0.427,1.0,0.369,0.878,backward,surprise,0.372,0.237,True,hesitant,2285.71,0.0,0.0,0.2014,1.0,0.264
128263.64326477051,0.42,0.428,0.597,0.429,1.0,0.377,1.0,backward,surprise,0.372,0.237,True,hesitant,2285.71,0.0,0.0,0.2014,1.0,0.264
128291.77689552307,0.434,0.447,0.597,0.456,1.0,0.468,1.0,backward,surprise,0.372,0.237,True,hesitant,2285.71,0.0,0.0,0.2014,1.0,0.264
128322.31831550598,0.417,0.43,0.59,0.411,1.0,0.375,1.0,backward,surprise,0.378,0.275,True,hesitant,2285.71,0.0,0.0,0.2014,1.0,0.264
128469.61092948914,0.414,0.426,0.59,0.404,1.0,0.352,1.0,backward,surprise,0.378,0.275,True,hesitant,2285.71,0.0,0.0,0.2014,1.0,0.264
128499.52125549316,0.414,0.426,0.59,0.404,1.0,0.352,1.0,backward,surprise,0.378,0.275,True,hesitant,2285.71,0.0,0.0,0.2014,1.0,0.264
128528.2621383667,0.411,0.42,0.605,0.42,1.0,0.336,1.0,backward,surprise,0.386,0.227,True,hesitant,2285.71,0.0,0.0,0.2014,1.0,0.264
128657.56893157959,0.412,0.42,0.605,0.421,1.0,0.34,1.0,backward,surprise,0.386,0.227,True,hesitant,2285.71,0.0,0.0,0.2014,1.0,0.264
128682.2350025177,0.407,0.415,0.605,0.413,1.0,0.312,1.0,backward,surprise,0.386,0.227,True,hesitant,2285.71,0.0,0.0,0.2014,1.0,0.264
128710.40916442871,0.411,0.419,0.602,0.417,1.0,0.329,1.0,backward,surprise,0.381,0.231,True,hesitant,2285.71,0.0,0.0,0.2014,1.0,0.264
128829.85520362854,0.403,0.409,0.602,0.403,1.0,0.283,1.0,backward,surprise,0.381,0.231,True,hesitant,2285.71,0.0,0.0,0.2014,1.0,0.264
128859.71570014954,0.402,0.407,0.602,0.4,1.0,0.274,1.0,backward,surprise,0.381,0.231,True,hesitant,2285.71,0.0,0.0,0.2014,1.0,0.264
128909.74712371826,0.402,0.4,0.609,0.416,1.0,0.254,1.0,backward,surprise,0.354,0.167,True,hesitant,2285.71,0.0,0.0,0.2014,1.0,0.264
129024.70922470093,0.401,0.4,0.609,0.414,1.0,0.25,1.0,backward,surprise,0.354,0.167,True,hesitant,2285.71,0.0,0.0,0.2014,1.0,0.264
129053.22194099426,0.401,0.399,0.609,0.414,1.0,0.247,1.0,backward,surprise,0.354,0.167,True,hesitant,2285.71,0.0,0.0,0.2014,1.0,0.264
129081.8088054657,0.402,0.402,0.601,0.404,1.0,0.254,1.0,backward,surprise,0.357,0.202,True,hesitant,2285.71,0.0,0.0,0.2014,1.0,0.264
