id,nom,type,telephone,adresse,gouvernorat,url
1,FARAH ZGOLLI,jour,+216 71 223 674,PLACE DE L'INDEPENDANCE Ettadhamen Ariana Tunisie,Ariana,https://www.med.tn/pharmacie/ariana/farah-zgolli-8235.html
2,Hela  Ben Ayed,jour,+216 71 856 356,"555, Route de Raoued km7 Jaafar 2 Ariana Tunisie",Ariana,https://www.med.tn/pharmacie/ariana/hela--ben-ayed--8544.html
3,Taieb Ben Othman,jour,+216 71 552 106,Place 14 Janvier Sidi Thabet Ariana Tunisie,Ariana,https://www.med.tn/pharmacie/ariana/taieb-ben-othman-400.html
4,AMEL TEJ,jour,,Av. CHEIKH ENNEIFER - Imm ASWAR LA SOUKRA La Soukra Ariana Tunisie,Ariana,https://www.med.tn/pharmacie/ariana/amel-tej-8238.html
5,Jihene Ayed,jour,+216 70 684 924,"342, CITE CHAKER Raoued Ariana Tunisie",Ariana,https://www.med.tn/pharmacie/ariana/jihene-ayed-8258.html
6,KHEDIJA ALOULOU,jour,+216 71 754 731,Cité Commeciale Jamil El Menzah 6 Ariana Tunisie,Ariana,https://www.med.tn/pharmacie/ariana/khedija-aloulou-556.html
7,Rayhane ZAIEM,jour,+216 71 553 325,Avenue Habib Bourguiba Sidi Thabet Ariana Tunisie,Ariana,https://www.med.tn/pharmacie/ariana/-rayhane-zaiem--1296.html
8,Mustapha Mrad,jour,+216 71 719 859,Rue Ali Belhaouane - Résidence les Roses Ariana Ville Ariana Tunisie,Ariana,https://www.med.tn/pharmacie/ariana/mustapha-mrad-456.html
9,FATMA KHALFALLAH EP. SAID,jour,+216 70 697 394,Avenue Chotrana n 31 Cite Essaha Borj Louzir Ariana Tunisie,Ariana,https://www.med.tn/pharmacie/ariana/fatma-khalfallah-ep.-said-546.html
10,NEILA HAMDOUN EP. LARGUECHE,jour,+216 71 764 052,"57, Avenue de l'UMA en face de Bureau de Poste La Soukra Ariana Tunisie",Ariana,https://www.med.tn/pharmacie/ariana/neila-hamdoun-ep.-largueche-627.html
11,Zeineb  Sakouhi,jour,+216 71 546 029,"638, Avenue 14 Janvier Ettadhamen Ariana Tunisie",Ariana,https://www.med.tn/pharmacie/ariana/zeineb--sakouhi-608.html
12,Sélima Mzah Ep Azouz,jour,+216 71 758 111,Résidence Ezzayatine E1- Rue Cheikh Mohamed Enneifer La Soukra Ariana Tunisie,Ariana,https://www.med.tn/pharmacie/ariana/selima-mzah-ep-azouz-38678.html
13,HAJER CHAARI,jour,+216 71 691 728,"75,rue Mustapha Mohsen Borj Louzir Ariana Tunisie",Ariana,https://www.med.tn/pharmacie/ariana/hajer-chaari-1253.html
14,MONIA KCHIR MEMMI,jour,+216 70 693 059,"111, Avenue Jawdet El Hayet - Sidi Salah Chotrana 1 Ariana Tunisie",Ariana,https://www.med.tn/pharmacie/ariana/monia-kchir-memmi-8232.html
15,NABIL KRIAA,jour,+216 71 757 752,"37, Avenue Aristote Cité El Ghazala Ariana Tunisie",Ariana,https://www.med.tn/pharmacie/ariana/nabil-kriaa-968.html
16,ABDERRAHMEN JABEUR,jour,+216 70 835 820,Centre Commercial Géant Tunis City Kalaat Landlous Ariana Tunisie,Ariana,https://www.med.tn/pharmacie/ariana/abderrahmen-jabeur-279.html
17,MOHAMED RIDHA BARBOUCH,jour,+216 70 563 534,"467, Route de Bizerte Km 5 - Cité Intilaka Mnihla Ariana Tunisie",Ariana,https://www.med.tn/pharmacie/ariana/mohamed-ridha-barbouch-866.html
18,Fayez Khabthani,jour,+216 70 831 781,"54, Avenue Hedi Nouira Cité Ennasr 2 Ariana Tunisie",Ariana,https://www.med.tn/pharmacie/ariana/fayez-khabthani-1184.html
19,KHEDIJA BELLAMINE EP HANNACHI,jour,+216 71 230 843,"15, Avenue Mouawia Ibn Abi Soufien El Menzah 5 Ariana Tunisie",Ariana,https://www.med.tn/pharmacie/ariana/khedija-bellamine-ep-hannachi-145.html
20,RAOUDHA DOUIK EP. TAABOURY,jour,+216 71 514 964,Rue Khaled Ibn El Walid Cite Ettadhamen Ariana Tunisie,Ariana,https://www.med.tn/pharmacie/ariana/raoudha-douik-ep.-taaboury-571.html
21,SEIFEDDINE BEN SLIMANE,jour,+216 71 537 610,Rte DE BIZERTE Cebalet Ben Ammar Ariana Tunisie,Ariana,https://www.med.tn/pharmacie/ariana/seifeddine-ben-slimane-8231.html
22,HASSAN BEN HFAIEDH,jour,+216 70 689 110,"11 bis, Rue Abderrahman Mami Borj Louzir Ariana Tunisie",Ariana,https://www.med.tn/pharmacie/ariana/hassan-ben-hfaiedh-320.html
23,NEJIB OUESLATI,jour,+216 71 866 347,Route de Raoued Km 5 Raoued Ariana Tunisie,Ariana,https://www.med.tn/pharmacie/ariana/nejib-oueslati-1001.html
24,LILIA ABDENNEBI EP. NAKOURI,jour,+216 71 766 218,"14,Avenue de la Liberte C.C.Tej El Menzah 5 Ariana Tunisie",Ariana,https://www.med.tn/pharmacie/ariana/lilia-abdennebi-ep.-nakouri-676.html
25,NEJIBA  FEKIH AHMED,jour,+216 70 822 303,Avenue Ibn Kholdoun Ariana Ville Ariana Tunisie,Ariana,https://www.med.tn/pharmacie/ariana/nejiba--fekih-ahmed-38699.html
26,NOUR ELHOUDA  BCHINI,jour,+216 70 687 385,"136, Route de Raoued Raoued Ariana Tunisie",Ariana,https://www.med.tn/pharmacie/ariana/nour-elhouda--bchini--567.html
27,Aicha Gattoufi Ep Khamassi,jour,+216 71670760,"118, Avenue Ibn Khaldoun, En Face De Salon de Coiffure Boulbaba - Riadh El Andalous - 2080 Riadh Andalous Ariana Tunisie",Ariana,https://www.med.tn/pharmacie/ariana/aicha-gattoufi-ep-khamassi-40935.html
28,ZEINEB AMMAR EP. KRICHEN,jour,+216 71 714 659,"44,Avenue Taieb M'Hiri Ariana Ville Ariana Tunisie",Ariana,https://www.med.tn/pharmacie/ariana/zeineb-ammar-ep.-krichen-47.html
29,NABIL KRIAA,jour,+216 71 757 752,"37, Avenue Aristote Cité El Ghazala Ariana Tunisie",Ariana,https://www.med.tn/pharmacie/ariana/nabil-kriaa-968.html
30,WASSILA BEN YAHMED EP. BEL HADJ,jour,+216 71 763 866,"35, Avenue Fethi Zouhir Route Raoued Km 1 Raoued Ariana Tunisie",Ariana,https://www.med.tn/pharmacie/ariana/wassila-ben-yahmed-ep.-bel-hadj-870.html
31,RANIA BEN FREDJ EP. HISSAOUI,jour,+216 71 404 761,GP2 - Bretelle El M'ghira Fouchana Ben arous Tunisie,Ben Arous,https://www.med.tn/pharmacie/ben-arous/rania-ben-fredj-ep.-hissaoui-1230.html
32,LAZHAR ZOGHLAMI,jour,+216 79 467 580,"Avenue MED V, 3 Résidence Amira Bou Mhel El Bassatine Ben arous Tunisie",Ben Arous,https://www.med.tn/pharmacie/ben-arous/lazhar-zoghlami-929.html
33,SONIA MAACH,jour,+216 79 490 777,Conventionnée avec CARTE ASSURANCES,Ben Arous,https://www.med.tn/pharmacie/ben-arous/sonia-maach-8274.html
34,AMIRA BEN HAFSA,jour,+216 71 440 404,Avenue TAIEB MHIRI Rades Ben arous Tunisie,Ben Arous,https://www.med.tn/pharmacie/ben-arous/amira-ben-hafsa-8279.html
35,MARIEM KHEMIRI,jour,+216 71401834,AVENUE 7 NOVEMBRE Fouchana Ben arous Tunisie,Ben Arous,https://www.med.tn/pharmacie/ben-arous/mariem-khemiri-40946.html
36,HMIDA BOULAHIA,jour,+216 71 311 077,Rue Mohamed Zaghbani Nouvelle Medina Ben arous Tunisie,Ben Arous,https://www.med.tn/pharmacie/ben-arous/hmida-boulahia-441.html
37,AMEL MEJIDI EP BEN MOSTAFA,jour,+216 71 398 228,"6, Av DU 14 JANVIER BEN AROUS NAASSEN Naassen Ben arous Tunisie",Ben Arous,https://www.med.tn/pharmacie/ben-arous/amel-mejidi-ep-ben-mostafa-436.html
38,SALWA JAOUA,jour,,RESIDENCE LINA - Rte DE MORNAG Nouvelle Medina Ben arous Tunisie,Ben Arous,https://www.med.tn/pharmacie/ben-arous/salwa-jaoua-8276.html
39,ATEF SGHAIER,jour,+216 97 892 401,"47, Av EL HARAMAIN ECHARIFAIN BEN AROUS MOUROUJ 3 El Mourouj 3 Ben arous Tunisie",Ben Arous,https://www.med.tn/pharmacie/ben-arous/atef-sghaier-1488.html
40,MONCEF MARMECH,nuit,+216 71 394 273,Avenue Habib Bourguiba Km 12 Fouchana Ben arous Tunisie,Ben Arous,https://www.med.tn/pharmacie/ben-arous/moncef-marmech-1656.html
41,Kaies Ben Youssef,jour,+216 71 442 988,"Immeuble Bleu Center - 34 ,Avenue mohamed ali rades Rades Ben arous Tunisie",Ben Arous,https://www.med.tn/pharmacie/ben-arous/kaies-ben-youssef-1344.html
42,MOHAMED ROCHD MAKHLOUF,jour,+216 71 298 282,Centre Chalekh - Avenue 14 Janvier El Mourouj 4 Ben arous Tunisie,Ben Arous,https://www.med.tn/pharmacie/ben-arous/mohamed-rochd-makhlouf-915.html
43,TAIEB HADDADA,jour,+216 79 417 936,"26 bis, Avenue Ahmed Tlili Megrine Ben arous Tunisie",Ben Arous,https://www.med.tn/pharmacie/ben-arous/taieb-haddada-459.html
44,FERIEL RASSAA EP. HEDHILI,jour,+216 71 443 922,"68, Avenue Farhat Hached Rades Ben arous Tunisie",Ben Arous,https://www.med.tn/pharmacie/ben-arous/feriel-rassaa-ep.-hedhili-653.html
45,ALI BARAKET,jour,+216 71 381 953,AVENUE OMAR IBN EL KHATTAB Ben Arous Ben arous Tunisie,Ben Arous,https://www.med.tn/pharmacie/ben-arous/ali-baraket-38660.html
46,Rym  Boufrikha Ep Thabet,jour,+216 71 367 282,"28, Avenue des Martyrs El Mourouj 3 Ben arous Tunisie",Ben Arous,https://www.med.tn/pharmacie/ben-arous/rym--boufrikha-ep-thabet--8272.html
47,ALIA YOMNI,jour,+216 79 214 877,Avenue de l'Environnement Bou Mhel El Bassatine Ben arous Tunisie,Ben Arous,https://www.med.tn/pharmacie/ben-arous/alia-yomni-803.html
48,SONIA ESSAIDI EP. MEJRI,jour,+216 71 306 742,Conventionnée avec CARTE ASSURANCES,Ben Arous,https://www.med.tn/pharmacie/ben-arous/sonia-essaidi-ep.-mejri-1245.html
49,AMEL SLITI,jour,+216 71 472 950,Rue 20 Mars Lot 1141 El Mourouj 5 Ben arous Tunisie,Ben Arous,https://www.med.tn/pharmacie/ben-arous/amel-sliti-1060.html
50,SONIA MAACH,jour,+216 79 490 777,Conventionnée avec CARTE ASSURANCES,Ben Arous,https://www.med.tn/pharmacie/ben-arous/sonia-maach-8274.html
51,Imene Maazoun Ep Hariz,jour,+216 71 403 001,"41, Rue Jelma - Cité Elmesk Fouchana Ben arous Tunisie",Ben Arous,https://www.med.tn/pharmacie/ben-arous/imene-maazoun-ep-hariz-38829.html
52,LOTFI SAIED,jour,+216 71 400 170,"93, Avenue de l'independance Fouchana Ben arous Tunisie",Ben Arous,https://www.med.tn/pharmacie/ben-arous/lotfi-saied-1680.html
53,MONGIA AYED,jour,+216 71368380,"1, Avenue Mahdia - Centre Olfa El Mourouj 1 Ben arous Tunisie",Ben Arous,https://www.med.tn/pharmacie/ben-arous/mongia-ayed--469.html
54,NARJES LOUKIL EP. CHLAIFA,jour,+216 71 394 074,Avenue 14 Janvier Mohamadia Ben arous Tunisie,Ben Arous,https://www.med.tn/pharmacie/ben-arous/narjes-loukil-ep.-chlaifa-1207.html
55,SALOUA BOUDERBALA EP. REKIK,jour,+216 79 459 081,"3, Rue Taieb Mhiri Rades Ben arous Tunisie",Ben Arous,https://www.med.tn/pharmacie/ben-arous/saloua-bouderbala-ep.-rekik-751.html
56,RAOUDHA BAHRI,jour,+216 71 383 391,"44, Avenue Habib Bourguiba Ben Arous Ben arous Tunisie",Ben Arous,https://www.med.tn/pharmacie/ben-arous/raoudha-bahri-565.html
57,SALWA JAOUA,jour,,RESIDENCE LINA - Rte DE MORNAG Nouvelle Medina Ben arous Tunisie,Ben Arous,https://www.med.tn/pharmacie/ben-arous/salwa-jaoua-8276.html
58,RANIA BEN FREDJ EP. HISSAOUI,jour,+216 71 404 761,GP2 - Bretelle El M'ghira Fouchana Ben arous Tunisie,Ben Arous,https://www.med.tn/pharmacie/ben-arous/rania-ben-fredj-ep.-hissaoui-1230.html
59,DORRA BOUBAKER,jour,+216 71 211 850,Boulevard de l'Environnement Bou Mhel Ben arous Tunisie,Ben Arous,https://www.med.tn/pharmacie/ben-arous/dorra-boubaker-8267.html
60,ZAKIA BOUKHRIS EP. CHERNI,jour,+216 71 394 170,Rue de l'Independance Cite Ennasr Fouchana Ben arous Tunisie,Ben Arous,https://www.med.tn/pharmacie/ben-arous/zakia-boukhris-ep.-cherni-985.html
61,TAHER CHAOUCH,,+216 71 289 806,"79, avenue Hedi Chaker Tunis Belvédère Tunis Tunisie",Tunis,https://www.med.tn/pharmacie/tunis/taher-chaouch-61.html
62,TAOUFIK BELHADJ AMMAR,jour,+216 71 253 023,"50, Rue Sidi El Bechir Bab Bhar Tunis Tunisie",Tunis,https://www.med.tn/pharmacie/tunis/taoufik-belhadj-ammar-166.html
63,SONIA MILADI,jour,+216 70 861 837,Marché municipal - rue Sadok ben Hadj El Menzah 9 Tunis Tunisie,Tunis,https://www.med.tn/pharmacie/tunis/sonia-miladi--1022.html
64,EYA BEL KHODJA EP. LAOUITI,jour,+216 71 740 775,"1, Rue du 13 Août 1956 La Marsa Tunis Tunisie",Tunis,https://www.med.tn/pharmacie/tunis/eya-bel-khodja-ep.-laouiti-411.html
65,NAJOUA KASTALLI,jour,+216 71 760 642,Avenue Mongi Slim - Cité Taieb M'hiri L'aouina Tunis Tunisie,Tunis,https://www.med.tn/pharmacie/tunis/najoua-kastalli-490.html
66,HASSEN  ZOUAIDI,jour,+216 71 221 413,"5 bis, Avenue Habib Bourguiba Le Bardo Tunis Tunisie",Tunis,https://www.med.tn/pharmacie/tunis/hassen--zouaidi-104.html
67,HATEM GARRAM,jour,+216 71 507 516,"36, Avenue Habib Bougatfa Le Bardo Tunis Tunisie",Tunis,https://www.med.tn/pharmacie/tunis/hatem-garram-1123.html
68,ESSIA BAKDACHE,jour,+216 71 934 000,"151, Rue 14 janvier 2011 Sidi Hassine Tunis Tunisie",Tunis,https://www.med.tn/pharmacie/tunis/essia-bakdache-8255.html
69,Fatma  Zribi Mhiri,jour,+216 31585757,"Intersection avenue de Carthage, avenue de Gafsa Aîn Zaghouan Tunis Tunisie",Tunis,https://www.med.tn/pharmacie/tunis/fatma--zribi-mhiri-40929.html
70,HABIB KHESSAIRI,jour,+216 71 782 416,11 Rue El Mahrajene Mutuelleville Tunis Tunisie,Tunis,https://www.med.tn/pharmacie/tunis/habib-khessairi-4.html
71,REJEB BEL CAID,jour,+216 71 561 360,"12, Avenue Bab Bnet Bab Bhar Tunis Tunisie",Tunis,https://www.med.tn/pharmacie/tunis/rejeb-bel-caid-150.html
72,RACHID BEN GHACHEM,jour,+216 71 929 947,"74,rue El Faouz Bab Bhar Tunis Tunisie",Tunis,https://www.med.tn/pharmacie/tunis/rachid-ben-ghachem-72.html
73,DALILA DARGHOUTH,jour,+216 70 736 098,Avenue Khaled Ibn El Walid Aîn Zaghouan Tunis Tunisie,Tunis,https://www.med.tn/pharmacie/tunis/dalila-darghouth-8225.html
74,MOHAMED BEN HAMADOU,jour,+216 71 883 387,"22, Rue Nelson Mondela Bab Bhar Tunis Tunisie",Tunis,https://www.med.tn/pharmacie/tunis/-mohamed-ben-hamadou-449.html
75,ESSIA BAKDACHE,jour,+216 71 934 000,"151, Rue 14 janvier 2011 Sidi Hassine Tunis Tunisie",Tunis,https://www.med.tn/pharmacie/tunis/essia-bakdache-8255.html
76,MOHAMED MAHDI  OUAHCHI,jour,+216 71 332 741,"42, Rue de la Sabkha Sidi El Bechir Tunis Tunisie",Tunis,https://www.med.tn/pharmacie/tunis/mohamed-mahdi--ouahchi-1317.html
77,Molka  Masmoudi,nuit,+216 71 935 185,"Lot B. Moussa - 39, Route Fouchana Sidi Hassine Tunis Tunisie",Tunis,https://www.med.tn/pharmacie/tunis/molka--masmoudi-1792.html
78,WAHIBA JERBI EP. JEMLI,jour,+216 71 935 652,Route de Mornaguia - Rond point Ben Dahha Sidi Hassine Tunis Tunisie,Tunis,https://www.med.tn/pharmacie/tunis/wahiba-jerbi-ep.-jemli--1257.html
79,Mahmoud Mellouli,jour,+216 71 596 822,"109, Rue 4001 Ezzouhour Tunis Tunisie",Tunis,https://www.med.tn/pharmacie/tunis/mahmoud-mellouli-38666.html
80,HASSEN  ZOUAIDI,jour,+216 71 221 413,"5 bis, Avenue Habib Bourguiba Le Bardo Tunis Tunisie",Tunis,https://www.med.tn/pharmacie/tunis/hassen--zouaidi-104.html
81,LEILA BEN SLAMA ZOUARI,jour,+216 71 774 754,Conventionnée avec CARTE ASSURANCES,Tunis,https://www.med.tn/pharmacie/tunis/leila-ben-slama-zouari-8439.html
82,HATEM GARRAM,jour,+216 71 507 516,"36, Avenue Habib Bougatfa Le Bardo Tunis Tunisie",Tunis,https://www.med.tn/pharmacie/tunis/hatem-garram-1123.html
83,AYMEN RIAHI,jour,+216 71 231 313,14 Avenue El Menzah El Menzah 1 Tunis Tunisie,Tunis,https://www.med.tn/pharmacie/tunis/aymen-riahi-1437.html
84,IBTISSEM EL MOUSLI EP. MAHERZI,jour,+216 71 918 697,"64bis, Avenue de l'Environnement - Village La Marsa Gammarth Tunis Tunisie",Tunis,https://www.med.tn/pharmacie/tunis/ibtissem-el-mousli-ep.-maherzi-491.html
85,IMEN MELLOULI EP. GORGI,jour,+216 71 511 795,"2, Avenue Habib Bourguiba Le Bardo Tunis Tunisie",Tunis,https://www.med.tn/pharmacie/tunis/imen-mellouli-ep.-gorgi-1285.html
86,MOHAMED MONDHER ENNAIFER,jour,,"74 bis, Avenue Farhat Hached Le Kram Tunis Tunisie",Tunis,https://www.med.tn/pharmacie/tunis/mohamed-mondher-ennaifer-690.html
87,RIM LAKHOUA,jour,+216 71 225 181,Rte DE ATTAR Km 7 TUNIS SIDI HASSINE Sidi Hassine Tunis Tunisie,Tunis,https://www.med.tn/pharmacie/tunis/rim-lakhoua-1010.html
88,SIHEM BEL KAHIA EP.CHOUKAIER,jour,+216 71 902 695,"43, Avenue du Japon - Immeuble Safsaf Montplaisir Tunis Tunisie",Tunis,https://www.med.tn/pharmacie/tunis/sihem-bel-kahia-ep.choukaier-8252.html
89,HAIFA  BEN ABID Ep. ADHOUMA,jour,,Angle rue Taha Hassine et Rue Carthage Le Kram Tunis Tunisie,Tunis,https://www.med.tn/pharmacie/tunis/haifa--ben-abid-ep.-adhouma-38698.html
90,MOHAMED EL HEDHILI LOUATI,jour,+216,"38,rue Hedi Chaker Le Bardo Tunis Tunisie",Tunis,https://www.med.tn/pharmacie/tunis/-mohamed-el-hedhili-louati-430.html
91,WIDED ZAKHAMA,jour,+216 70 615 130,Immeuble Ibn Khaldoun N 5 Avenue Ibn Khaldoun Denden Mannouba Tunisie,Mannouba,https://www.med.tn/pharmacie/mannouba/wided-zakhama-1474.html
92,HAYET CHAABANE  EP JOULALI,jour,+216 71 530 505,Avenue Habib Bourguiba Tebourba Mannouba Tunisie,Mannouba,https://www.med.tn/pharmacie/mannouba/hayet-chaabane--ep-joulali-224.html
93,Tahar Zemzemi,jour,+216 70 560 098,"2, Avenue de la Republique Borj El Amri Mannouba Tunisie",Mannouba,https://www.med.tn/pharmacie/mannouba/tahar-zemzemi-1080.html
94,AMARA MOKHTARI,jour,+216 70 626 484,Rte DE MATEUR Km 8 Cité Khaled Ibn El Walid Douar Hicher Mannouba Tunisie,Mannouba,https://www.med.tn/pharmacie/mannouba/amara-mokhtari-1707.html
95,MOHAMED SADER BELKADI,jour,+216 71 621 088,Route Mateur Km 8 Cite K. Ibn El Walid Mannouba Tunisie,Mannouba,https://www.med.tn/pharmacie/mannouba/mohamed-sader-belkadi-549.html
96,SAMIA YAHYAOUI EP. KARABORNI,jour,+216 71 608 355,Avenue de L'Union du Maghreb Arabe - Complexe Essaida Mannouba Tunisie,Mannouba,https://www.med.tn/pharmacie/mannouba/samia-yahyaoui-ep.-karaborni-910.html
97,FAIEZ MAKNI,jour,+216 70 604 788,Avenue Union Maghreb Arabe Mannouba Tunisie,Mannouba,https://www.med.tn/pharmacie/mannouba/faiez-makni-943.html
98,SONIA DRISS CHAIEB,jour,+216 71 600 724,Avenue 2 Mars 1934- Centre médical Mannouba Mannouba Tunisie,Mannouba,https://www.med.tn/pharmacie/mannouba/sonia-driss-chaieb-8334.html
99,ALLALA HADDAD,jour,+216 71 609 983,"5, Rue de Liege Denden Mannouba Tunisie",Mannouba,https://www.med.tn/pharmacie/mannouba/allala-haddad-375.html
100,LES SOEURS  KHOUJA,jour,+216 70 605 858,"17, Avenue de l'independance Denden Mannouba Tunisie",Mannouba,https://www.med.tn/pharmacie/mannouba/les-soeurs--khouja-38646.html
101,RADHOUANE KHABTHANI,jour,+216 71 504 179,"5, Avenue de l'Indépendance - Khaznadar Denden Mannouba Tunisie",Mannouba,https://www.med.tn/pharmacie/mannouba/radhouane-khabthani-1215.html
102,SAIDA EL HIZAOUI,jour,+216 71 540 895,Avenue Habib Bourguiba Mornaguia Mannouba Tunisie,Mannouba,https://www.med.tn/pharmacie/mannouba/saida-el-hizaoui-76.html
103,Seifallah Bahri,jour,+216 29641644,85 Avenue de la Révolution-El Battan -1114 El Battan Mannouba Tunisie,Mannouba,https://www.med.tn/pharmacie/mannouba/seifallah-bahri--40932.html
104,ZEINEB MEZGHANI EP. EL HADDAD,jour,+216 71 622 298,"402,Avenue Khaled Ibn El Walid Douar Hicher Mannouba Tunisie",Mannouba,https://www.med.tn/pharmacie/mannouba/zeineb-mezghani-ep.-el-haddad-754.html
105,OLFA AZZOUZ,jour,+216 71 603 755,Residence les Orangers Avenue des des Orangers Mannouba Tunisie,Mannouba,https://www.med.tn/pharmacie/mannouba/olfa-azzouz-983.html
106,HAJER AZOUZ EP. GHORBAL,jour,+216 71 535 301,"1,Avenue de l'Environnement Oued Ellil Mannouba Tunisie",Mannouba,https://www.med.tn/pharmacie/mannouba/hajer-azouz-ep.-ghorbal-119.html
107,SONIA DRISS CHAIEB,jour,+216 71 600 724,Avenue 2 Mars 1934- Centre médical Mannouba Mannouba Tunisie,Mannouba,https://www.med.tn/pharmacie/mannouba/sonia-driss-chaieb-8334.html
108,GHAZI SAIHI,nuit,+216 71 541 778,"71, Avenue Habib Bourguiba Mornaguia Mannouba Tunisie",Mannouba,https://www.med.tn/pharmacie/mannouba/ghazi-saihi-1785.html
109,FERIDA ZITOUNI,jour,+216 71 629 194,Route de Chebaou Oued Ellil Mannouba Tunisie,Mannouba,https://www.med.tn/pharmacie/mannouba/ferida-zitouni-380.html
110,AMARA MOKHTARI,jour,+216 70 626 484,Rte DE MATEUR Km 8 Cité Khaled Ibn El Walid Douar Hicher Mannouba Tunisie,Mannouba,https://www.med.tn/pharmacie/mannouba/amara-mokhtari-1707.html
111,TAREK TLIBA,jour,+216 71 630 411,Avenue Environnement Route Chouigui Tebourba Mannouba Tunisie,Mannouba,https://www.med.tn/pharmacie/mannouba/tarek-tliba-1214.html
112,SOUMAYA JOMAA,jour,+216 70 615 049,"63, avenue Habib Bourguiba Mannouba Tunisie",Mannouba,https://www.med.tn/pharmacie/mannouba/soumaya-jomaa-38679.html
113,Henda Denguizli,jour,+216 71 622 119,rote de mateur km7 Douar Hicher Mannouba Tunisie,Mannouba,https://www.med.tn/pharmacie/mannouba/henda-denguizli-40951.html
114,SLIM BEN AISSA,jour,+216 71 539 133,Route de Mateur Km 17 Oued Ellil Mannouba Tunisie,Mannouba,https://www.med.tn/pharmacie/mannouba/slim-ben-aissa-1013.html
115,FAIEZ MAKNI,jour,+216 70 604 788,Avenue Union Maghreb Arabe Mannouba Tunisie,Mannouba,https://www.med.tn/pharmacie/mannouba/faiez-makni-943.html
116,SOUMAYA CHAABANE,jour,+216 71 541 691,"71, Avenue Habib Bourguiba Mornaguia Mannouba Tunisie",Mannouba,https://www.med.tn/pharmacie/mannouba/soumaya-chaabane-1465.html
117,SKANDER CHAHLOUL,nuit,+216 71 627 173,CHABBAOU Oued Ellil Mannouba Tunisie,Mannouba,https://www.med.tn/pharmacie/mannouba/skander-chahloul-38589.html
118,HAYET CHAABANE  EP JOULALI,jour,+216 71 530 505,Avenue Habib Bourguiba Tebourba Mannouba Tunisie,Mannouba,https://www.med.tn/pharmacie/mannouba/hayet-chaabane--ep-joulali-224.html
119,LES SOEURS  KHOUJA,jour,+216 70 605 858,"17, Avenue de l'independance Denden Mannouba Tunisie",Mannouba,https://www.med.tn/pharmacie/mannouba/les-soeurs--khouja-38646.html
120,MOHAMED RAOUF KAHIA,jour,+216 70 615 041,Avenue Habib Bourguiba Mannouba Tunisie,Mannouba,https://www.med.tn/pharmacie/mannouba/mohamed-raouf-kahia-286.html
121,NADIA CHALOUATI,jour,+216 78 425 222,SIDI SMAIL Beja Nord Beja Tunisie,Beja,https://www.med.tn/pharmacie/beja/nadia-chalouati-8264.html
122,KHALED CHEBBI,nuit,+216 71 468 146,Rue n 1 Cite Zaidoun Testour Beja Tunisie,Beja,https://www.med.tn/pharmacie/beja/khaled-chebbi-1693.html
123,AYMEN GHEDIRA,jour,+216 78 465 265,Avenue DE LA REPUBLIQUE Teboursouk Beja Tunisie,Beja,https://www.med.tn/pharmacie/beja/aymen-ghedira-8266.html
124,Maned  laifi,nuit,+216,Cité olfa Thibar Beja Tunisie,Beja,https://www.med.tn/pharmacie/beja/maned--laifi-40974.html
125,FIRAS NSIRI,jour,,Rue L'UNION DE MAGHREB ARAB BEJA OUED ZARGA Beja Nord Beja Tunisie,Beja,https://www.med.tn/pharmacie/beja/firas-nsiri-8263.html
126,Samia MECHERGUI,jour,+216 78 440 441,"67, Avenue Farhat Hached Beja Nord Beja Tunisie",Beja,https://www.med.tn/pharmacie/beja/samia-mechergui-905.html
127,MOUNIR KRICHEN,jour,+216 78 450 138,"16, Avenue de France Beja Sud Beja Tunisie",Beja,https://www.med.tn/pharmacie/beja/mounir-krichen-511.html
128,AROUA OUERGHI,jour,+216 78 410 111,Route de Tabarka - Ouechteta Nefza Beja Tunisie,Beja,https://www.med.tn/pharmacie/beja/aroua-ouerghi-1805.html
129,NADHEM REGAYA,nuit,+216 78 571 076,PLACE DU GOUVERNEMENT Testour Beja Tunisie,Beja,https://www.med.tn/pharmacie/beja/nadhem-regaya-8460.html
130,FARES BEN KOUSSA,jour,+216 78 442 350,Rue Kheireddine Pacha - Beb Essabaa Beja Nord Beja Tunisie,Beja,https://www.med.tn/pharmacie/beja/fares-ben-koussa-1464.html
131,SAMIA RAHOUI EP. RABAI,jour,+216 78 454 450,"34, Avenue de la République Beja Nord Beja Tunisie",Beja,https://www.med.tn/pharmacie/beja/samia-rahoui-ep.-rabai-833.html
132,MOHAMED RIDHA HERGLI,jour,,testour Testour Beja Tunisie,Beja,https://www.med.tn/pharmacie/beja/mohamed-ridha-hergli-273.html
133,KHALED CHEBBI,nuit,+216 71 468 146,Rue n 1 Cite Zaidoun Testour Beja Tunisie,Beja,https://www.med.tn/pharmacie/beja/khaled-chebbi-1693.html
134,NOUREDDINE MANKAI,jour,+216 78 451 424,Avenue Habib Bourguiba Beja Nord Beja Tunisie,Beja,https://www.med.tn/pharmacie/beja/noureddine-mankai-634.html
135,FATHI BEN LAHOUEL,jour,+216 78 469 099,Zahret mediene Avenue Habib Bourguiba Zahret Mediene Beja Tunisie,Beja,https://www.med.tn/pharmacie/beja/fathi-ben-lahouel-750.html
136,YOSRA RIAHI,nuit,+216 99 033 060,Avenue Habib Bourguiba Mejez El Bab Beja Tunisie,Beja,https://www.med.tn/pharmacie/beja/yosra-riahi-1810.html
137,FATHI TOUJANI,nuit,+216 78 450 800,Rue OMAR KALCHANI Beja Nord Beja Tunisie,Beja,https://www.med.tn/pharmacie/beja/fathi-toujani-8458.html
138,KHEDIJA ECHEIKH ALEYA EP. BOUJENAH,jour,+216 78 452 032,Rue Assad Ibn Fourat - Place des Martyrs Beja Nord Beja Tunisie,Beja,https://www.med.tn/pharmacie/beja/khedija-echeikh-aleya-ep.-boujenah-1049.html
139,CHEDI BOUZIDI,nuit,+216 78 410 271,Route de Tabarka - Ouechteta Nefza Beja Tunisie,Beja,https://www.med.tn/pharmacie/beja/chedi-bouzidi-38688.html
140,SONIA  SOUI,jour,+216 78 463 250,Avenue Habib Bourguiba Nefza Beja Tunisie,Beja,https://www.med.tn/pharmacie/beja/sonia--soui-422.html
141,NADHEM REGAYA,nuit,+216 78 571 076,PLACE DU GOUVERNEMENT Testour Beja Tunisie,Beja,https://www.med.tn/pharmacie/beja/nadhem-regaya-8460.html
142,WAFA GZAM,jour,+216 78 562 622,Place de l'Indépendance Mejez El Bab Beja Tunisie,Beja,https://www.med.tn/pharmacie/beja/wafa-gzam-759.html
143,HANENE SELMI Ep. DJEBBI,jour,+216 78 442 124,Rue Okba Ibn Nafaa Beja Nord Beja Tunisie,Beja,https://www.med.tn/pharmacie/beja/hanene-selmi-ep.-djebbi-1300.html
144,FARES BEN KOUSSA,jour,+216 78 442 350,Rue Kheireddine Pacha - Beb Essabaa Beja Nord Beja Tunisie,Beja,https://www.med.tn/pharmacie/beja/fares-ben-koussa-1464.html
145,FATHI TOUJANI,nuit,+216 78 450 800,Rue OMAR KALCHANI Beja Nord Beja Tunisie,Beja,https://www.med.tn/pharmacie/beja/fathi-toujani-8458.html
146,SOFIEN ALLANI,jour,+216 78 442 600,"25, Avenue 18 Janvier Beja Nord Beja Tunisie",Beja,https://www.med.tn/pharmacie/beja/sofien-allani-1301.html
147,TAIEB GUESMI,jour,+216 78 460 015,Avenue Habib Bourguiba Mejez El Bab Beja Tunisie,Beja,https://www.med.tn/pharmacie/beja/taieb-guesmi-726.html
148,ALOUANE BANAOUAS,nuit,+216 78 453 906,"2, Place du 2 Mars Beja Tunisie",Beja,https://www.med.tn/pharmacie/beja/alouane-banaouas-1684.html
149,MOUNIR KRICHEN,jour,+216 78 450 138,"16, Avenue de France Beja Sud Beja Tunisie",Beja,https://www.med.tn/pharmacie/beja/mounir-krichen-511.html
150,AFEF BEN YOUSSEF EP. NEGRA,jour,+216 78 400 495,"15, Avenue de la Republique el maagoula Beja Nord Beja Tunisie",Beja,https://www.med.tn/pharmacie/beja/afef-ben-youssef-ep.-negra-683.html
151,Sarra Hamed,jour,+216 72 441 540,Avenue Habib Bourguiba Rafraf Bizerte Tunisie,Bizerte,https://www.med.tn/pharmacie/bizerte/sarra-hamed-276.html
152,SINDA STAMBOULI,jour,+216,Avenue Habib Bourguiba Rafraf Bizerte Tunisie,Bizerte,https://www.med.tn/pharmacie/bizerte/sinda-stambouli-40953.html
153,HATEM JEDIDI,jour,+216 72 470 911,"46bis,venue Farhat Hached Menzel Bourguiba Bizerte Tunisie",Bizerte,https://www.med.tn/pharmacie/bizerte/hatem-jedidi-1148.html
154,Mohamed Arfaoui,nuit,+216 72 484 333,"2, immeuble Alaa, avenue de l'environnement Mateur Bizerte Tunisie",Bizerte,https://www.med.tn/pharmacie/bizerte/mohamed-arfaoui-38733.html
155,MAHMOUD SRARFI,nuit,+216 72 439 545,"28,Rue Ali Belhaouane Bizerte Tunisie",Bizerte,https://www.med.tn/pharmacie/bizerte/mahmoud-srarfi-1615.html
156,SOFIA BARBOUCHE EP. ARAB,jour,+216 72 460 977,"8, Avenue de l'Idependance Menzel Bourguiba Bizerte Tunisie",Bizerte,https://www.med.tn/pharmacie/bizerte/sofia-barbouche-ep.-arab-450.html
157,MAROUANE MECHERGUI,jour,+216 72 460 352,"20, rue Taieb Mhiri Menzel Bourguiba Bizerte Tunisie",Bizerte,https://www.med.tn/pharmacie/bizerte/marouane-mechergui-1359.html
158,Akram Sfaxi,jour,+216 72 590 022,"100, Avenue Hassen Mattali Jarzouna Bizerte Tunisie",Bizerte,https://www.med.tn/pharmacie/bizerte/akram-sfaxi-281.html
159,MOHAMED NACEUR OUALI,jour,+216 72 440 106,"8,Avenue Habib Bourguiba Menzel Jemil Bizerte Tunisie",Bizerte,https://www.med.tn/pharmacie/bizerte/mohamed-naceur-ouali-648.html
160,HABIB BELLAKHAL,jour,+216 72 447 020,Rue d'Alger Ras Jebel Bizerte Tunisie,Bizerte,https://www.med.tn/pharmacie/bizerte/habib-bellakhal-259.html
161,HASSIB LAHDHILI,jour,+216 72 467 466,"229,avenue Habib Bourguiba Mateur Bizerte Tunisie",Bizerte,https://www.med.tn/pharmacie/bizerte/hassib-lahdhili-1126.html
162,LEILA FATNASSI,jour,+216 72 432 760,"510, Avenue ALI NOURI Bizerte Nord Bizerte Tunisie",Bizerte,https://www.med.tn/pharmacie/bizerte/leila-fatnassi-8282.html
163,FAOUZIA MAMLOUK EP. TRIFI,jour,+216 72 449 222,"43,avenue 14 Janvier Ras Jebel Bizerte Tunisie",Bizerte,https://www.med.tn/pharmacie/bizerte/faouzia-mamlouk-ep.-trifi-655.html
164,RIADH GRATI,jour,+216 72 442 314,Avenue de la République El Alia Bizerte Tunisie,Bizerte,https://www.med.tn/pharmacie/bizerte/riadh-grati-8284.html
165,NAJLA KHADRAOUI EP. BESSASSI,jour,+216 72 432 677,Rue Ahmed Tlili-Près Cinéma Casino Bizerte Bougatfa Bizerte Tunisie,Bizerte,https://www.med.tn/pharmacie/bizerte/najla-khadraoui-ep.-bessassi-1029.html
166,SAMI BEL KAHIA,jour,+216 72 570 913,"7,avenue Habib Bourguiba Menzel Abderrahman Bizerte Tunisie",Bizerte,https://www.med.tn/pharmacie/bizerte/sami-bel-kahia-897.html
167,BEYA DEMNI EP. HADDAD,jour,+216 72 431 514,Carrefour Sidi Salem Bizerte Nord Bizerte Tunisie,Bizerte,https://www.med.tn/pharmacie/bizerte/beya-demni-ep.-haddad-351.html
168,HENDA KAROUI EP. TURKI,jour,+216 72 432 584,Avenue Taieb Mhiri Bizerte Nord Bizerte Tunisie,Bizerte,https://www.med.tn/pharmacie/bizerte/henda-karoui-ep.-turki-502.html
169,Imen  Messaoud,jour,+216 72 463 504,"110, Avenue Palestine Menzel Bourguiba Bizerte Tunisie",Bizerte,https://www.med.tn/pharmacie/bizerte/imen--messaoud-38752.html
170,AKREM GHANMI,nuit,+216 21 054 038,Avenue Hedi Chaker Sejnane Bizerte Tunisie,Bizerte,https://www.med.tn/pharmacie/bizerte/akrem-ghanmi-8467.html
171,RAOUF BEN ROMDHANE,jour,+216 72 441 023,Avenue 14 Janvier Menzel Jemil Bizerte Tunisie,Bizerte,https://www.med.tn/pharmacie/bizerte/raouf-ben-romdhane-1175.html
172,SIHEM FLISS EP. OUALI,jour,+216 72 567 968,Angle Avenue Habib Bourguiba et Route de Bizerte Tinja Bizerte Tunisie,Bizerte,https://www.med.tn/pharmacie/bizerte/sihem-fliss-ep.-ouali-358.html
173,MARIEM LABIB,jour,+216 72 470 888,"77, Avenue de l'Independance Menzel Bourguiba Bizerte Tunisie",Bizerte,https://www.med.tn/pharmacie/bizerte/mariem-labib-1523.html
174,MAHJOUB AYADI,jour,+216 72 463 768,"15,rue Musset Ang rue Algerie Menzel Bourguiba Bizerte Tunisie",Bizerte,https://www.med.tn/pharmacie/bizerte/mahjoub-ayadi-348.html
175,AHMED DHAOUADI,jour,+216 72 570 392,"3, Rue Ibn Khaldoun Menzel Abderrahman Bizerte Tunisie",Bizerte,https://www.med.tn/pharmacie/bizerte/ahmed-dhaouadi-372.html
176,INES DALI MANSOUR,jour,,Bizerte Tunisie,Bizerte,https://www.med.tn/pharmacie/bizerte/ines-dali-mansour-38738.html
177,RIM OUESLATI,nuit,+216 72 407 122,Rue Bechir Saied Metline Bizerte Tunisie,Bizerte,https://www.med.tn/pharmacie/bizerte/rim-oueslati-1745.html
178,HASSIB MANNAI,jour,+216 72 466 130,"158, Avenue Habib Bourguiba Mateur Bizerte Tunisie",Bizerte,https://www.med.tn/pharmacie/bizerte/hassib-mannai-510.html
179,KAMILIA MARAOUI,jour,,BAZINA Bazina Bizerte Tunisie,Bizerte,https://www.med.tn/pharmacie/bizerte/kamilia-maraoui-8298.html
180,ZOUHAIER AZZOUZ,jour,+216 72 531 136,"19, Avenue El Amir Abdelkader - EL BHIRA Bizerte Tunisie",Bizerte,https://www.med.tn/pharmacie/bizerte/zouhaier-azzouz-806.html
181,FETHI MERIMI,jour,+216 75 278 660,Avenue SALAH EDDINE EL AYOUBI Gabes Sud Gabes Tunisie,Gabes,https://www.med.tn/pharmacie/gabes/fethi-merimi-8292.html
182,Mahmoud  Bibi,jour,+216 75 234 114,"3,Rue Ali Belhaouane El Hamma Gabes Tunisie",Gabes,https://www.med.tn/pharmacie/gabes/mahmoud--bibi-8290.html
183,NAJET NOURI EP. AMOURI,jour,+216 75 220 611,Avenue Jamel Abdennaceur Gabes Tunisie,Gabes,https://www.med.tn/pharmacie/gabes/najet-nouri-ep.-amouri-646.html
184,ZOUHAIER NASFI,jour,+216 75 272 177,"86 ,Avenue Habib Bourguiba Gabes Medina Gabes Tunisie",Gabes,https://www.med.tn/pharmacie/gabes/zouhaier-nasfi-342.html
185,DALENDA FRIKHA EP. ABID,jour,+216 75 225 193,Rue Mongi Slim Ghannouche Gabes Tunisie,Gabes,https://www.med.tn/pharmacie/gabes/dalenda-frikha-ep.-abid-1232.html
186,NOUREDDINE OUANANE DAHMANI,jour,+216 75 271 263,Rue 9 Avril GABES Gabes Tunisie,Gabes,https://www.med.tn/pharmacie/gabes/noureddine-ouanane-dahmani-713.html
187,WASSIM MKADMI,jour,,DKHILET TOUJANE Dekhilet Toujane Gabes Tunisie,Gabes,https://www.med.tn/pharmacie/gabes/wassim-mkadmi-38598.html
188,MOHAMED FAIEZ MOKHTAR,nuit,+216 75 295 969,Avenue Aboul Kacem Chebbi El Manara Gabes Medina Gabes Tunisie,Gabes,https://www.med.tn/pharmacie/gabes/mohamed-faiez-mokhtar-1798.html
189,MOHAMED GHOFRANE HAJJEJ,jour,+216 75 271 152,"39, Avenue Mohamed Ali Gabes Medina Gabes Tunisie",Gabes,https://www.med.tn/pharmacie/gabes/mohamed-ghofrane-hajjej-29.html
190,JAMEL JALLOUL,jour,+216 75 271 122,"320, Avenue Mohamed Ali Gabes Medina Gabes Tunisie",Gabes,https://www.med.tn/pharmacie/gabes/jamel-jalloul-620.html
191,HOUCINE IBRAHIM BEN ZID,nuit,+216 75 390 800,Avenue Jamel Abdennaceur Gabes Tunisie,Gabes,https://www.med.tn/pharmacie/gabes/houcine-ibrahim-ben-zid-1606.html
192,CHABANI CHIBANI,jour,+216 75 331 001,"29,Avenue Habib Bourguiba El Hamma Gabes Tunisie",Gabes,https://www.med.tn/pharmacie/gabes/chabani-chibani-1063.html
193,ABDELAZIZ BOUCHRIKA,jour,+216 75 272 377,"248, Avenue Mohamed Ali Gabes Medina Gabes Tunisie",Gabes,https://www.med.tn/pharmacie/gabes/abdelaziz-bouchrika-245.html
194,AMAL HADDAJI,jour,+216 75 331 133,"118, Avenue Habib Bourguiba El Hamma Gabes Tunisie",Gabes,https://www.med.tn/pharmacie/gabes/amal-haddaji-38650.html
195,MOHAMED NEZIH HAJJAJ,jour,+216 75 350 596,Avenue HABIB BOURGUIBA Bouchemma Gabes Tunisie,Gabes,https://www.med.tn/pharmacie/gabes/mohamed-nezih-hajjaj-1548.html
196,AMYNE BECHRAOUI,jour,+216 75 272 350,"105, Avenue Mohamed Ali - Imm Bechraoui Gabes Medina Gabes Tunisie",Gabes,https://www.med.tn/pharmacie/gabes/amyne-bechraoui--307.html
197,ISMAIL BEN AMOR,nuit,,Av DE LA REPUBLIQUE Oudhref Gabes Tunisie,Gabes,https://www.med.tn/pharmacie/gabes/ismail-ben-amor-8470.html
198,ALI BESSADOK,jour,+216 75 391 129,AV OMAR BKHATTAB CITE AMAL Gabes Tunisie,Gabes,https://www.med.tn/pharmacie/gabes/ali-bessadok-1252.html
199,Samira Bessid,jour,+216 75 272 177,Avenue Habib Bourguiba Gabes Medina Gabes Tunisie,Gabes,https://www.med.tn/pharmacie/gabes/samira-bessid-40905.html
200,OUSSAMA ZARROUK,jour,+216 75 271 300,"52, Rue ALI JMEL Gabes Medina Gabes Tunisie",Gabes,https://www.med.tn/pharmacie/gabes/oussama-zarrouk-8294.html
201,AICHA DRIDI,jour,+216 75 224 650,"621, Av DE LA LIBERTE Ghannouche Gabes Tunisie",Gabes,https://www.med.tn/pharmacie/gabes/aicha-dridi-8295.html
202,HEDI CHAIRI,jour,+216 75 321 187,Avenue Jamel Abdennaceur Mareth Gabes Tunisie,Gabes,https://www.med.tn/pharmacie/gabes/hedi-chairi-427.html
203,AWATEF NASRI EP. GHANMI,jour,+216 75 370 590,"166,Av Habib Bourguiba El Metouia Gabes Tunisie",Gabes,https://www.med.tn/pharmacie/gabes/awatef-nasri-ep.-ghanmi-1354.html
204,KAMEL BEN YAHMED,jour,+216 75 300 198,Avenue Taha Hussein Zarat Gabes Tunisie,Gabes,https://www.med.tn/pharmacie/gabes/kamel-ben-yahmed-672.html
205,Thamer Tounsi,jour,+216 75 228 134,Avenue Habib Bourguiba Chenini Gabes Gabes Tunisie,Gabes,https://www.med.tn/pharmacie/gabes/thamer-tounsi-8289.html
206,EL ARBI JAAFAR,jour,,Mareth Mareth Gabes Tunisie,Gabes,https://www.med.tn/pharmacie/gabes/el-arbi-jaafar--38708.html
207,CHIRAZ EL GHRIBI EP CHAABENE,nuit,+216 75 220 479,"10, Avenue Mongi Slim Gabes Tunisie",Gabes,https://www.med.tn/pharmacie/gabes/chiraz-el-ghribi-ep-chaabene-1789.html
208,LAMIA CHOBBIT EP MEFTAH,jour,+216 75 225 540,"55 AV, HABIB BOURGUIBA Ghannouche Gabes Tunisie",Gabes,https://www.med.tn/pharmacie/gabes/lamia-chobbit-ep-meftah-1254.html
209,CHABANI CHIBANI,jour,+216 75 331 001,"29,Avenue Habib Bourguiba El Hamma Gabes Tunisie",Gabes,https://www.med.tn/pharmacie/gabes/chabani-chibani-1063.html
210,DHAOU BACCAR,jour,+216 75 227 070,Avenue Habib Bourguiba Chenini Gabes Gabes Tunisie,Gabes,https://www.med.tn/pharmacie/gabes/dhaou-baccar-762.html
211,HAJER HAMDI,jour,+216 78 641 601,Avenue de l'Environnement Fernana Jendouba Tunisie,Jendouba,https://www.med.tn/pharmacie/jendouba/hajer-hamdi-1558.html
212,YASMINE BEN ABDALLAH,jour,+216 78 633 900,"1, Rue MONCEF BEY Bou Salem Jendouba Tunisie",Jendouba,https://www.med.tn/pharmacie/jendouba/yasmine-ben-abdallah-8304.html
213,RABIA MECHRAOUI EP. REZGAOUI RABIHA DITE,jour,+216 78 673 900,N 14 Residence Corliss Av 14 Janvier BP n 465 Tabarka Jendouba Tunisie,Jendouba,https://www.med.tn/pharmacie/jendouba/rabia-mechraoui-ep.-rezgaoui-rabiha-dite-731.html
214,MOHAMED KRIFA,jour,+216 78 645 383,"avenue Habib Bourguiba, ghardimaou, jendouba Ghardimaou Jendouba Tunisie",Jendouba,https://www.med.tn/pharmacie/jendouba/mohamed-krifa-630.html
215,FARES KEMICHA,nuit,+216 78 690 168,Rue DE L'ENVIRONNEMENT Oued Mliz Jendouba Tunisie,Jendouba,https://www.med.tn/pharmacie/jendouba/fares-kemicha-8474.html
216,MOHAMED AMINE BANKAJI,jour,+216 78 602 222,"46, Rue DE TUNIS Jendouba Tunisie",Jendouba,https://www.med.tn/pharmacie/jendouba/mohamed-amine-bankaji-8307.html
217,AFIFA SELMI EP. SOUMRI,jour,+216 78 603 836,"3, Rue d'Alger Jendouba Tunisie",Jendouba,https://www.med.tn/pharmacie/jendouba/afifa-selmi-ep.-soumri-987.html
218,GHASSEN GASTLI,jour,+216 78 601 079,"10, Place de la Republique Jendouba Tunisie",Jendouba,https://www.med.tn/pharmacie/jendouba/ghassen-gastli-1102.html
219,MOUNIR MECHERGUI,jour,+216 78 638 247,Avenue de l'Environnement Bou Salem Jendouba Tunisie,Jendouba,https://www.med.tn/pharmacie/jendouba/mounir-mechergui-1313.html
220,WADY SAIHI,nuit,+216 23 193 270,Avenue Habib Thameur Ain Draham Jendouba Tunisie,Jendouba,https://www.med.tn/pharmacie/jendouba/wady-saihi-1840.html
221,ABDERRAHIM GHARBI,jour,+216 78 630 261,A Cote de la Poste Jendouba Tunisie,Jendouba,https://www.med.tn/pharmacie/jendouba/abderrahim-gharbi-1486.html
222,SAMI JERBI,jour,+216 78 603 680,"59, Avenue Hedi Chaker Jendouba Tunisie",Jendouba,https://www.med.tn/pharmacie/jendouba/sami-jerbi-1077.html
223,GHASSEN MAJDI,jour,+216 78 660 110,"15, Avenue Habib Bourguiba Ghardimaou Jendouba Tunisie",Jendouba,https://www.med.tn/pharmacie/jendouba/ghassen-majdi-1890.html
224,Marouen Manai,jour,+216 78 603 380,"39, Av HABIB THAMEUR Jendouba Tunisie",Jendouba,https://www.med.tn/pharmacie/jendouba/marouen-manai-8306.html
225,FARES KEMICHA,nuit,+216 78 690 168,Rue DE L'ENVIRONNEMENT Oued Mliz Jendouba Tunisie,Jendouba,https://www.med.tn/pharmacie/jendouba/fares-kemicha-8474.html
226,MARIEM SAIDI,nuit,,Tabarka Jendouba Tunisie,Jendouba,https://www.med.tn/pharmacie/jendouba/mariem-saidi-38596.html
227,ABDESSATTAR BEN ABDELLATIF,jour,+216 78 638 273,"140, Rue du 20Mars Bou Salem Jendouba Tunisie",Jendouba,https://www.med.tn/pharmacie/jendouba/abdessattar-ben-abdellatif-1174.html
228,MAHDI OUESLATI,jour,+216 78 649 520,"9,rue de la Poste Bou Salem Jendouba Tunisie",Jendouba,https://www.med.tn/pharmacie/jendouba/mahdi-oueslati-366.html
229,SAMI JAAFAR,jour,+216 78 672 202,Rue SALAH REJAIBI - CITE MORJENE Tabarka Jendouba Tunisie,Jendouba,https://www.med.tn/pharmacie/jendouba/sami-jaafar-8240.html
230,IHSEN GHAZOUANI,jour,+216 78 629 377,CITE 2 JENDOUBA BULLA REGIA Jendouba Tunisie,Jendouba,https://www.med.tn/pharmacie/jendouba/ihsen-ghazouani-8305.html
231,FARAH ABDELLI,jour,+216 78 641 553,Avenue de la Republique Fernana Jendouba Tunisie,Jendouba,https://www.med.tn/pharmacie/jendouba/farah-abdelli-1384.html
232,Bouthaina Bouani,jour,+216 78 603 675,"48, Avenue 9 AVRIL Jendouba Tunisie",Jendouba,https://www.med.tn/pharmacie/jendouba/bouthaina-bouani--798.html
233,IHSEN GHAZOUANI,jour,+216 78 629 377,CITE 2 JENDOUBA BULLA REGIA Jendouba Tunisie,Jendouba,https://www.med.tn/pharmacie/jendouba/ihsen-ghazouani-8305.html
234,Mohamed Bechir  Khadhraoui,jour,+216 78 673 426,"50, Avenue Habib Bourguiba Tabarka Jendouba Tunisie",Jendouba,https://www.med.tn/pharmacie/jendouba/mohamed-bechir--khadhraoui--38735.html
235,GHASSEN MAJDI,jour,+216 78 660 110,"15, Avenue Habib Bourguiba Ghardimaou Jendouba Tunisie",Jendouba,https://www.med.tn/pharmacie/jendouba/ghassen-majdi-1890.html
236,SLIM BOUSSELMI,jour,+216 78 635 130,Rue des Oranges Cite SNIT Bou Salem Jendouba Tunisie,Jendouba,https://www.med.tn/pharmacie/jendouba/slim-bousselmi-1587.html
237,LAAROUSSI INKICHERI,jour,+216 78 660 080,"69,Avenue Habib Bourguiba Ghardimaou Jendouba Tunisie",Jendouba,https://www.med.tn/pharmacie/jendouba/laaroussi-inkicheri-409.html
238,SAMI JAAFAR,jour,+216 78 672 202,Rue SALAH REJAIBI - CITE MORJENE Tabarka Jendouba Tunisie,Jendouba,https://www.med.tn/pharmacie/jendouba/sami-jaafar-8240.html
239,AHMED EL KHAZRI,jour,+216 78 690 036,Avenue HABIB BOURGUIBA JENDOUBA OUED MLIZ Oued Mliz Jendouba Tunisie,Jendouba,https://www.med.tn/pharmacie/jendouba/ahmed-el-khazri-711.html
240,MHAMED LAHMAR,jour,+216 78 601 180,Rue Sakiet Sidi Youssef Jendouba Jendouba Tunisie,Jendouba,https://www.med.tn/pharmacie/jendouba/mhamed-lahmar-1030.html
241,IMED HOUIDI,jour,+216 77 266 491,Rue Kaied Lajimi Ben Mabrouk Bou Hajla Kairouan Tunisie,Kairouan,https://www.med.tn/pharmacie/kairouan/imed-houidi-1219.html
242,FADOUA BELLALOUNA EP WESLATI,jour,+216 77 268 800,Avenue 14 Janvier Cherarda Kairouan Tunisie,Kairouan,https://www.med.tn/pharmacie/kairouan/fadoua-bellalouna-ep-weslati-1197.html
243,MONCEF ABOUDI,jour,+216 77 230 115,Rue 2 Mars 1934 Kairouan Nord Kairouan Tunisie,Kairouan,https://www.med.tn/pharmacie/kairouan/moncef-aboudi-219.html
244,WIEM SGHAIER,nuit,,Rue TAHAR HADDED KAIROUAN AIN JELLOULA Kairouan Nord Kairouan Tunisie,Kairouan,https://www.med.tn/pharmacie/kairouan/wiem-sghaier-8475.html
245,TAIEB BEN OTHMAN,jour,+216 98 982 035,Avenue Taieb M'Hiri Haffouz Kairouan Tunisie,Kairouan,https://www.med.tn/pharmacie/kairouan/taieb-ben-othman-1513.html
246,NAJET DAALOUL EP. HEMDANI,jour,+216 77 320 120,El Baten Kairouan Nord Kairouan Tunisie,Kairouan,https://www.med.tn/pharmacie/kairouan/najet-daaloul-ep.-hemdani-1450.html
247,NABILA AFLI,jour,+216 77 256 200,Avenue 9 Avril El Ala Kairouan Tunisie,Kairouan,https://www.med.tn/pharmacie/kairouan/nabila-afli-1396.html
248,HECHMI KHARROUBI,jour,+216 7266033,Avenue 14 Janvier Bou Hajla Kairouan Tunisie,Kairouan,https://www.med.tn/pharmacie/kairouan/hechmi-kharroubi-169.html
249,MOHAMED MEHDOUANI,jour,,"22bis,Avenue du 20 Mars Hajeb El Ayoun Kairouan Tunisie",Kairouan,https://www.med.tn/pharmacie/kairouan/mohamed-mehdouani-108.html
250,ALI AKROUT,jour,+216 77 235 546,"211, Avenue Beit El Hikma - Mansoura Kairouan Sud Kairouan Tunisie",Kairouan,https://www.med.tn/pharmacie/kairouan/ali-akrout-509.html
251,FATMA JDIDI,nuit,+216 98 636 642,Avenue Nouvelle Ere Haffouz Kairouan Tunisie,Kairouan,https://www.med.tn/pharmacie/kairouan/fatma-jdidi-1844.html
252,TAOUFIK DHIB,jour,+216 77 226 095,"4, Avenue 14 Janvier Kairouan Nord Kairouan Tunisie",Kairouan,https://www.med.tn/pharmacie/kairouan/taoufik-dhib-48.html
253,AMARA BELLILI,jour,+216 77 365 352,Avenue Habib Bourguiba Sbikha Kairouan Tunisie,Kairouan,https://www.med.tn/pharmacie/kairouan/amara-bellili-1190.html
254,NESRINE ZAGHDOUDI MSEKNI,nuit,+216 70 030 839,Avenue ABOU ZOMAA EL BALAOUI Kairouan Nord Kairouan Tunisie,Kairouan,https://www.med.tn/pharmacie/kairouan/nesrine-zaghdoudi-msekni-8256.html
255,SAID BEN SAAD,jour,+216 77 240 403,"2, Avenue de la Republique Chebika Kairouan Tunisie",Kairouan,https://www.med.tn/pharmacie/kairouan/said-ben-saad-1324.html
256,MOHAMED YASSINE BEN SALEM EX. ABBES,jour,+216 77 370 358,Rue de la Jeunesse Hajeb El Ayoun Kairouan Tunisie,Kairouan,https://www.med.tn/pharmacie/kairouan/mohamed-yassine-ben-salem-ex.-abbes-100.html
257,EL FARAJ Mohamed et Mehdi Atallah,jour,+216 77 229 943,Centre Commercial N°1 - Avenue Hamda Laâouani Kairouan Nord Kairouan Tunisie,Kairouan,https://www.med.tn/pharmacie/kairouan/el-faraj-mohamed-et-mehdi-atallah--338.html
258,FATMA GHRIBI EP. BEN AMOR,nuit,+216 95 379 785,Avenue Abi Zaman El Balaoui Kairouan Tunisie,Kairouan,https://www.med.tn/pharmacie/kairouan/fatma-ghribi-ep.-ben-amor-1793.html
259,AMANI EZZAOUIA,jour,+216 77 266 281,Avenue 14 Janvier Bou Hajla Kairouan Tunisie,Kairouan,https://www.med.tn/pharmacie/kairouan/amani-ezzaouia-1421.html
260,SALWA ATALLAH EP. KHECHINE,jour,+216 77 232 862,Avenue Beit El Hekma La Mansoura Kairouan Tunisie,Kairouan,https://www.med.tn/pharmacie/kairouan/salwa-atallah-ep.-khechine-665.html
261,FAICAL TOURKI,jour,+216 77 246 263,Dar El Djemmia Sisseb Kairouan Tunisie,Kairouan,https://www.med.tn/pharmacie/kairouan/faical-tourki-928.html
262,RADHOUAN BOUDEN,jour,+216 77 300 155,AVENUE MOUAOUIA IBN HOUJAIJ Kairouan Nord Kairouan Tunisie,Kairouan,https://www.med.tn/pharmacie/kairouan/radhouan-bouden-194.html
263,WYSSEM EL METAOUA,jour,+216 77 259 078,Bir Jedid Bou Hajla Kairouan Tunisie,Kairouan,https://www.med.tn/pharmacie/kairouan/wyssem-el-metaoua-1584.html
264,KHALIFA STAMBOULI,jour,+216 77 259 077,Route Nationale 2 - Chouayhia Cheraitia Kairouan Tunisie,Kairouan,https://www.med.tn/pharmacie/kairouan/khalifa-stambouli-1428.html
265,Safa  Lahmar,jour,+216 77 226 409,Avenue Ibn El Jazzar Kairouan Nord Kairouan Tunisie,Kairouan,https://www.med.tn/pharmacie/kairouan/safa--lahmar-990.html
266,Aymen  Gnaoui,jour,+216 77 227 263,"98, Av ABOU ZOMAA EL BALAOUI Kairouan Nord Kairouan Tunisie",Kairouan,https://www.med.tn/pharmacie/kairouan/aymen--gnaoui-8314.html
267,FADOUA BELLALOUNA EP WESLATI,jour,+216 77 268 800,Avenue 14 Janvier Cherarda Kairouan Tunisie,Kairouan,https://www.med.tn/pharmacie/kairouan/fadoua-bellalouna-ep-weslati-1197.html
268,BECHIR LAHMAR,jour,+216 77 360 081,Place 14 Janvier BP N 42 Nasrallah Kairouan Tunisie,Kairouan,https://www.med.tn/pharmacie/kairouan/bechir-lahmar-809.html
269,YOSRA DRIDI,jour,+216 70 291 966,Av DES NATIONS UNIES - CITE ICHBILIA Kairouan Nord Kairouan Tunisie,Kairouan,https://www.med.tn/pharmacie/kairouan/yosra-dridi-8312.html
270,ABDERRAHMEN SBOUI,nuit,+216 96 730 700,Av DE LA REPUBLIQUE Menzel Mhiri Kairouan Tunisie,Kairouan,https://www.med.tn/pharmacie/kairouan/abderrahmen-sboui-8477.html
271,JAMEL CHATTI,jour,+216 77 470 158,"7, Avenue Hedi Chaker Kasserine Nord Kasserine Tunisie",Kasserine,https://www.med.tn/pharmacie/kasserine/jamel-chatti-887.html
272,SARHANE ABDELLAOUI,jour,,Sbeitla Kasserine Tunisie,Kasserine,https://www.med.tn/pharmacie/kasserine/sarhane-abdellaoui-8483.html
273,SAHBI KLAI,jour,,CITE INTILAKA El Ayoun Kasserine Tunisie,Kasserine,https://www.med.tn/pharmacie/kasserine/sahbi-klai-8315.html
274,JIHEN DIBYAOUI,jour,+216 77 425 180,Avenue de l'Environnement Jediliane Kasserine Tunisie,Kasserine,https://www.med.tn/pharmacie/kasserine/jihen-dibyaoui-1504.html
275,MOHAMED ALI MALLEK,nuit,+216 77 488 330,Avenue de l'Environnement Sbiba Kasserine Tunisie,Kasserine,https://www.med.tn/pharmacie/kasserine/mohamed-ali-mallek-1782.html
276,HAMED BEN HAMED,nuit,+216 77 441 583,Avenue 1er Juin FERIANA Feriana Kasserine Tunisie,Kasserine,https://www.med.tn/pharmacie/kasserine/hamed-ben-hamed-1756.html
277,MOHSEN MOATEMRI EX HADJ AMOR,jour,+216 76 471 194,"91, Avenue Mongi Slim Kasserine Tunisie",Kasserine,https://www.med.tn/pharmacie/kasserine/mohsen-moatemri-ex-hadj-amor-741.html
278,MAHA  BARKAOUI EP. HAGUI,jour,+216 77 473 628,Avenue 14 janvier 2011 Kasserine Nord Kasserine Tunisie,Kasserine,https://www.med.tn/pharmacie/kasserine/maha--barkaoui-ep.-hagui-38656.html
279,ABDALLAH ASSIDI,jour,+216 77 480 234,Rue Larbi Zarrouk Thala Kasserine Tunisie,Kasserine,https://www.med.tn/pharmacie/kasserine/abdallah-assidi-956.html
280,OLFA SAIEM,jour,+216 77 475 075,Rue Mongi Slim Kasserine Nord Kasserine Tunisie,Kasserine,https://www.med.tn/pharmacie/kasserine/olfa-saiem-8317.html
281,JAMEL CHATTI,jour,+216 77 470 158,"7, Avenue Hedi Chaker Kasserine Nord Kasserine Tunisie",Kasserine,https://www.med.tn/pharmacie/kasserine/jamel-chatti-887.html
282,SARHANE ABDELLAOUI,jour,,Sbeitla Kasserine Tunisie,Kasserine,https://www.med.tn/pharmacie/kasserine/sarhane-abdellaoui-8483.html
283,ESSADOK EL AHMADI,jour,+216 77 465 435,"29 ,Avenue Ali Belhaouane Sbeitla Kasserine Tunisie",Kasserine,https://www.med.tn/pharmacie/kasserine/essadok-el-ahmadi-1039.html
284,ABDELHAKIM NSIRI,jour,+216 77 471 583,"41, Avenue Houcine Zarrouk Kasserine Nord Kasserine Tunisie",Kasserine,https://www.med.tn/pharmacie/kasserine/abdelhakim-nsiri-8316.html
285,MAHER JELJELI,jour,,Avenue Habib Bourguiba Thala Kasserine Tunisie,Kasserine,https://www.med.tn/pharmacie/kasserine/maher-jeljeli-1135.html
286,IMEN JARALLAH,jour,+216 22 605 317,Sbeitla Kasserine Tunisie,Kasserine,https://www.med.tn/pharmacie/kasserine/imen-jarallah-8485.html
287,MOHAMED REBAI,nuit,+216 77 471 950,"14, Avenue Habib Bourguiba, C.C ""Kasserine Center"" Kasserine Tunisie",Kasserine,https://www.med.tn/pharmacie/kasserine/mohamed-rebai-1697.html
288,BESMA MOUSSA EP. EL FAHEM,jour,+216 77 410 150,Route Nationale 13 - Bouzguem Kasserine Nord Kasserine Tunisie,Kasserine,https://www.med.tn/pharmacie/kasserine/besma-moussa-ep.-el-fahem-1305.html
289,MOHAMED ANOUAR HERMASSI,jour,+216 77 431 353,Av DU 14 JANVIER - THELEPTE Kasserine Nord Kasserine Tunisie,Kasserine,https://www.med.tn/pharmacie/kasserine/mohamed-anouar-hermassi-8321.html
290,ABDELBASSET HAYOUNI,nuit,+216 77 480 500,Avenue Habib Bourguiba Thala Kasserine Tunisie,Kasserine,https://www.med.tn/pharmacie/kasserine/abdelbasset-hayouni-1734.html
291,HABIB NEFZAOUI,jour,+216 77 420 777,Rue 14 Janvier Foussana Kasserine Tunisie,Kasserine,https://www.med.tn/pharmacie/kasserine/habib-nefzaoui-1316.html
292,MOHAMED ALI MALLEK,nuit,+216 77 488 330,Avenue de l'Environnement Sbiba Kasserine Tunisie,Kasserine,https://www.med.tn/pharmacie/kasserine/mohamed-ali-mallek-1782.html
293,Mehdi  Guerdelly,jour,+216 77 470 557,"314, Avenue Habib Bourguiba Kasserine Nord Kasserine Tunisie",Kasserine,https://www.med.tn/pharmacie/kasserine/mehdi--guerdelly-790.html
294,IMEN JARALLAH,jour,+216 22 605 317,Sbeitla Kasserine Tunisie,Kasserine,https://www.med.tn/pharmacie/kasserine/imen-jarallah-8485.html
295,HOUCINE GNAOUI,jour,+216 77 471 407,"14, Avenue 18 Janvier 1952 Kasserine Nord Kasserine Tunisie",Kasserine,https://www.med.tn/pharmacie/kasserine/houcine-gnaoui-725.html
296,SARHANE ABDELLAOUI,jour,,Sbeitla Kasserine Tunisie,Kasserine,https://www.med.tn/pharmacie/kasserine/sarhane-abdellaoui-8483.html
297,MAKREM SAADAOUI,jour,+216 77 412 511,Avenue Mongi Slim Ezzouhour Kasserine Tunisie,Kasserine,https://www.med.tn/pharmacie/kasserine/makrem-saadaoui-1534.html
298,AHMED MHAMDI,jour,+216 77 471 746,"9, Avenue Essaloum Ezzouhour Kasserine Tunisie",Kasserine,https://www.med.tn/pharmacie/kasserine/ahmed-mhamdi-1095.html
299,MAHER JELJELI,jour,,Avenue Habib Bourguiba Thala Kasserine Tunisie,Kasserine,https://www.med.tn/pharmacie/kasserine/maher-jeljeli-1135.html
300,AMIRA ARBAOUI,nuit,+216 92 722 531,GP13-BOUZGUEM Kasserine Nord Kasserine Tunisie,Kasserine,https://www.med.tn/pharmacie/kasserine/amira-arbaoui-8480.html
301,MONDHER DEROUICHE,jour,+216 75 491 867,Avenue 14 Janvier Kebili Tunisie,Kebili,https://www.med.tn/pharmacie/kebili/mondher-derouiche-1143.html
302,HICHEM BENNOUR,jour,+216 75 472 625,Avenue de l'Independance El Kolaa Douz Kebili Tunisie,Kebili,https://www.med.tn/pharmacie/kebili/hichem-bennour-1330.html
303,Aymen  Hilali,jour,+216 75 490 610,Rue de la Victoire Kebili Sud Kebili Tunisie,Kebili,https://www.med.tn/pharmacie/kebili/aymen--hilali-1170.html
304,MOHAMED BEN ALI,jour,+216 75 470 155,Avenue Taieb M'hiri Douz Kebili Tunisie,Kebili,https://www.med.tn/pharmacie/kebili/-mohamed-ben-ali--536.html
305,FIRAS  BELHADJ ALI,jour,+216 75 470 220,"31, Avenue Habib Bourguiba Douz Kebili Tunisie",Kebili,https://www.med.tn/pharmacie/kebili/firas--belhadj-ali-679.html
306,Rim  Seddik,jour,+216 75 461 905,Rjim Maatoug Rjim Maâtoug Kebili Tunisie,Kebili,https://www.med.tn/pharmacie/kebili/rim--seddik-38823.html
307,BELGACEM BEN RHOUMA,jour,+216 75 470 175,Avenue du Maghreb Arabe Douz Kebili Tunisie,Kebili,https://www.med.tn/pharmacie/kebili/belgacem-ben-rhouma-1210.html
308,KHALED SOUAI,jour,+216 75 480 919,Souk lahed Souk El Ahad Kebili Tunisie,Kebili,https://www.med.tn/pharmacie/kebili/khaled-souai-1182.html
309,JAMEL ABDENNACEUR BARNOUS,jour,+216 75 470 376,Avenue 14 Janvier Douz Kebili Tunisie,Kebili,https://www.med.tn/pharmacie/kebili/jamel-abdennaceur-barnous-518.html
310,SAADIA BELABED,jour,+216 75 491 170,Avenue Habib Bourguiba Kebili Tunisie,Kebili,https://www.med.tn/pharmacie/kebili/saadia-belabed-1342.html
311,HOUYEM BEN SAID,jour,+216 75 492 387,Avenue des Martyrs Kebili Tunisie,Kebili,https://www.med.tn/pharmacie/kebili/houyem-ben-said-1400.html
312,MONDHER DEROUICHE,jour,+216 75 491 867,Avenue 14 Janvier Kebili Tunisie,Kebili,https://www.med.tn/pharmacie/kebili/mondher-derouiche-1143.html
313,ABDELBACET KACEM,nuit,+216 75 465 800,place 14 Janvier Jemna Kebili Tunisie,Kebili,https://www.med.tn/pharmacie/kebili/abdelbacet-kacem-1814.html
314,MOHAMED BEN ALI,jour,+216 75 470 155,Avenue Taieb M'hiri Douz Kebili Tunisie,Kebili,https://www.med.tn/pharmacie/kebili/-mohamed-ben-ali--536.html
315,AHLEM BEL HADJ AHMED,nuit,,Cité l'oasis Golaa Kebili Tunisie,Kebili,https://www.med.tn/pharmacie/kebili/ahlem-bel-hadj-ahmed-8486.html
316,HOUSSAM RAHMANI,nuit,+216 75 481 140,Rte NATIONALE GP 16 KEBILI SOUK EL AHAD Souk El Ahad Kebili Tunisie,Kebili,https://www.med.tn/pharmacie/kebili/houssam-rahmani-1828.html
317,NASREDDINE AZZABI,jour,+216 75 490 034,Place de l'Independance Kebili Sud Kebili Tunisie,Kebili,https://www.med.tn/pharmacie/kebili/nasreddine-azzabi-559.html
318,AMOR BEN YAHIA,jour,+216 75 460 200,Avenue de l'Environnement El Faouar Kebili Tunisie,Kebili,https://www.med.tn/pharmacie/kebili/amor-ben-yahia-1289.html
319,Rim  Seddik,jour,+216 75 461 905,Rjim Maatoug Rjim Maâtoug Kebili Tunisie,Kebili,https://www.med.tn/pharmacie/kebili/rim--seddik-38823.html
320,LOTFI ABBES,jour,+216 75 491 555,cite commerciale Place 14 Janvier kebili Kebili Tunisie,Kebili,https://www.med.tn/pharmacie/kebili/lotfi-abbes-848.html
321,LOTFI ABBES,jour,+216 75 491 555,cite commerciale Place 14 Janvier kebili Kebili Tunisie,Kebili,https://www.med.tn/pharmacie/kebili/lotfi-abbes-848.html
322,JAMEL ABDENNACEUR BARNOUS,jour,+216 75 470 376,Avenue 14 Janvier Douz Kebili Tunisie,Kebili,https://www.med.tn/pharmacie/kebili/jamel-abdennaceur-barnous-518.html
323,AHLEM BEL HADJ AHMED,nuit,,Cité l'oasis Golaa Kebili Tunisie,Kebili,https://www.med.tn/pharmacie/kebili/ahlem-bel-hadj-ahmed-8486.html
324,MOHAMED HOUSSEM STA,nuit,+216 78 281 850,Cité Ibn Khaldoun - Rue Imam El Abbi Dahmani Le Kef Tunisie,Le Kef,https://www.med.tn/pharmacie/le-kef/mohamed-houssem-sta-1767.html
325,KHALED TNANI,jour,+216 98 324 509,Rue Abdallah Ben Jaafar El Ksour Le Kef Tunisie,Le Kef,https://www.med.tn/pharmacie/le-kef/khaled-tnani-1098.html
326,CHEDLY ABDI,jour,+216 78 243 038,Avenue Habib Bourguiba Kalaa El Khasba Le Kef Tunisie,Le Kef,https://www.med.tn/pharmacie/le-kef/chedly-abdi-63.html
327,SAMIR TEBOURSKI,garde,+216 23 456 504,"72, Cite Souani El Aneb Barnoussa Le Kef Tunisie",Le Kef,https://www.med.tn/pharmacie/le-kef/samir-tebourski-1218.html
328,AMOR HANACHI,jour,+216 78 246 600,"6 bis, Av DE L'ENVIRONNEMENT Nebeur Le Kef Tunisie",Le Kef,https://www.med.tn/pharmacie/le-kef/amor-hanachi-8325.html
329,SEIFEDDINE MESSAOUDI,jour,+216 78 296 523,"129,Avenue Habib Bourguiba Kalaat Sinane Le Kef Tunisie",Le Kef,https://www.med.tn/pharmacie/le-kef/seifeddine-messaoudi-1440.html
330,WAFA ABIDI,nuit,+216 97 262 663,Rue 1er Juin 1955 Le Sers Le Kef Tunisie,Le Kef,https://www.med.tn/pharmacie/le-kef/wafa-abidi-1815.html
331,ABDESSALEM JELJELI,nuit,+216 78 202 880,Rue de la source Le Kef Est Le Kef Tunisie,Le Kef,https://www.med.tn/pharmacie/le-kef/abdessalem-jeljeli-1624.html
332,HATEM BOUSLIMI,jour,+216 78 240 100,Avenue 14 Janvier Touiref Le Kef Tunisie,Le Kef,https://www.med.tn/pharmacie/le-kef/hatem-bouslimi-1564.html
333,SONDES BOULIFA EP. CHELLOUF,jour,+216 78 223 591,Av MONGI SLIM - Imm BARBOUCH KEF KEF VILLE Le Kef Est Le Kef Tunisie,Le Kef,https://www.med.tn/pharmacie/le-kef/sondes-boulifa-ep.-chellouf-1183.html
334,SAMI DHAOUI,jour,+216 78 280 550,"21,place de l'Independance Dahmani Le Kef Tunisie",Le Kef,https://www.med.tn/pharmacie/le-kef/sami-dhaoui-999.html
335,AMOR HANACHI,jour,+216 78 246 600,"6 bis, Av DE L'ENVIRONNEMENT Nebeur Le Kef Tunisie",Le Kef,https://www.med.tn/pharmacie/le-kef/amor-hanachi-8325.html
336,Ridha Hayouni,jour,+216 70 038 820,Immeuble Aya - Aïn Mnakh Le Kef Est Le Kef Tunisie,Le Kef,https://www.med.tn/pharmacie/le-kef/ridha-hayouni-40894.html
337,KHALED BOUHIJA,jour,+216 78 306 100,ZOUARINE Zouarine Le Kef Tunisie,Le Kef,https://www.med.tn/pharmacie/le-kef/khaled-bouhija-8327.html
338,MOHAMED YAHIA NASR,jour,+216 78 228 196,Avenue de la Liberté - Cité Jardin Le Kef Ouest Le Kef Tunisie,Le Kef,https://www.med.tn/pharmacie/le-kef/mohamed-yahia-nasr-947.html
339,LEILA BEN DHIEF EP MEJDI,jour,+216 78 200 512,Rue 8 Juillet 1884 Le Kef Est Le Kef Tunisie,Le Kef,https://www.med.tn/pharmacie/le-kef/leila-ben-dhief-ep-mejdi-687.html
340,OLFA LAROUSSI EP. ZAGHDOUDI,jour,+216 78 229 100,Rte de Tunis GP 5 Barnoussa Le Kef Tunisie,Le Kef,https://www.med.tn/pharmacie/le-kef/olfa-laroussi-ep.-zaghdoudi-1009.html
341,MOHAMED HOUSSEM STA,nuit,+216 78 281 850,Cité Ibn Khaldoun - Rue Imam El Abbi Dahmani Le Kef Tunisie,Le Kef,https://www.med.tn/pharmacie/le-kef/mohamed-houssem-sta-1767.html
342,MOHAMED NEJIB ZAGHDOUDI,jour,,"22,Place Habib Thameur Le Kef Tunisie",Le Kef,https://www.med.tn/pharmacie/le-kef/mohamed-nejib-zaghdoudi-657.html
343,Amel Hancha,jour,+216 78 277 108,Av Habib Bourguiba Tajerouine Le Kef Tunisie,Le Kef,https://www.med.tn/pharmacie/le-kef/amel-hancha-38630.html
344,SABRINE MBAREK SLITI,nuit,+216 78 278 549,Avenue Habib Bourguiba Tajerouine Le Kef Tunisie,Le Kef,https://www.med.tn/pharmacie/le-kef/sabrine-mbarek-sliti-1741.html
345,MONCEF ACHOUR,jour,+216 78 296 186,25 Avenue de l'Union Kalaat Sinane Le Kef Tunisie,Le Kef,https://www.med.tn/pharmacie/le-kef/moncef-achour-180.html
346,SAMIR TEBOURSKI,garde,+216 23 456 504,"72, Cite Souani El Aneb Barnoussa Le Kef Tunisie",Le Kef,https://www.med.tn/pharmacie/le-kef/samir-tebourski-1218.html
347,MOHAMED YAHIA NASR,jour,+216 78 228 196,Avenue de la Liberté - Cité Jardin Le Kef Ouest Le Kef Tunisie,Le Kef,https://www.med.tn/pharmacie/le-kef/mohamed-yahia-nasr-947.html
348,AMMAR GUIZANI,jour,+216 78 280 141,"112, Avenue Habib Bourguiba Dahmani Le Kef Tunisie",Le Kef,https://www.med.tn/pharmacie/le-kef/ammar-guizani-401.html
349,HENDA ELHANNACHI,jour,+216 94 265 848,"6 bis, Avenue de l'Environnement Nebeur Le Kef Tunisie",Le Kef,https://www.med.tn/pharmacie/le-kef/henda-elhannachi-1506.html
350,MOHAMED HECHMI CHERICHI,jour,+216 78 262 074,Place de l'Independance Le Sers Le Kef Tunisie,Le Kef,https://www.med.tn/pharmacie/le-kef/mohamed-hechmi-cherichi-247.html
351,LAID GHAMMOUR EX.GHARBI,jour,+216 78 200 016,Avenue Hédi Chaker Le Kef Est Le Kef Tunisie,Le Kef,https://www.med.tn/pharmacie/le-kef/laid-ghammour-ex.gharbi-162.html
352,NADER CHOUK,nuit,,"88, Av HABIB BOURGUIBA Nebeur Le Kef Tunisie",Le Kef,https://www.med.tn/pharmacie/le-kef/nader-chouk-8491.html
353,Ridha Hayouni,jour,+216 70 038 820,Immeuble Aya - Aïn Mnakh Le Kef Est Le Kef Tunisie,Le Kef,https://www.med.tn/pharmacie/le-kef/ridha-hayouni-40894.html
354,ROMDHANA CHEBEL,nuit,+216 73 270 810,Immeuble El Hana Avenue Ibn Khaldoun N 3 Ouled Chamakh Mahdia Tunisie,Mahdia,https://www.med.tn/pharmacie/mahdia/romdhana-chebel-1752.html
355,MAKREM BAATI,jour,+216 73 649 957,Avenue Habib Bourguiba Melloulech Mahdia Tunisie,Mahdia,https://www.med.tn/pharmacie/mahdia/makrem-baati-1287.html
356,Mohamed et Sami SAKKA,jour,+216 73 681 931,"63, Avenue Habib Bourguiba Mahdia Tunisie",Mahdia,https://www.med.tn/pharmacie/mahdia/mohamed-et-sami-sakka-1554.html
357,INES HAMZA,jour,,Route Bradaa Ouled Jaballah Ksour Essaf Mahdia Tunisie,Mahdia,https://www.med.tn/pharmacie/mahdia/ines-hamza-1543.html
358,MOHAMED HANENE MAKHLOUF EP HAJ,nuit,+216 73 620 651,Rue Yassamine Bou Merdes Mahdia Tunisie,Mahdia,https://www.med.tn/pharmacie/mahdia/mohamed-hanene-makhlouf-ep-haj-1744.html
359,SOUROUR BADREDDINE EP NACEUR,jour,+216 73 605 213,Route de Souassi Ksesba Mahdia Tunisie,Mahdia,https://www.med.tn/pharmacie/mahdia/sourour-badreddine-ep-naceur-1412.html
360,WAJIH KACEM,jour,+216 73 600 385,"139, Avenue Habib Bourguiba chorbene Chorbane Mahdia Tunisie",Mahdia,https://www.med.tn/pharmacie/mahdia/wajih-kacem-1516.html
361,Mahdi  MLIK,jour,+216 73 683 006,Avenue Habib Bourguiba La Chebba Mahdia Tunisie,Mahdia,https://www.med.tn/pharmacie/mahdia/mahdi--mlik-1398.html
362,CHAWKI M'BAREK,jour,+216 73 658 703,Place de l'Independance Sidi Alouene Mahdia Tunisie,Mahdia,https://www.med.tn/pharmacie/mahdia/chawki-mbarek-819.html
363,Samira Ben Hadj Hassine,nuit,+216 73 682 206,Résidence Panorama - Zone touristique Mahdia Hiboun Mahdia Tunisie,Mahdia,https://www.med.tn/pharmacie/mahdia/samira-ben-hadj-hassine-40890.html
364,HASSEN  BEN YOUSSEF,nuit,,Avenue Hedi Chaker Ksour Essaf Mahdia Tunisie,Mahdia,https://www.med.tn/pharmacie/mahdia/hassen--ben-youssef-38765.html
365,INES HAMZA,jour,,Route Bradaa Ouled Jaballah Ksour Essaf Mahdia Tunisie,Mahdia,https://www.med.tn/pharmacie/mahdia/ines-hamza-1543.html
366,NASSER BEN SALAH,jour,+216 73 683 010,Immeuble Errahma ZíÇne Touristique Mahdia Tunisie,Mahdia,https://www.med.tn/pharmacie/mahdia/nasser-ben-salah-398.html
367,SONIA KARAA,jour,+216 79 793 390,Rte CHORBANE MAHDIA - OULED HANNACHI Chorbane Mahdia Tunisie,Mahdia,https://www.med.tn/pharmacie/mahdia/sonia-karaa-8331.html
368,MOHAMED HANENE MAKHLOUF EP HAJ,nuit,+216 73 620 651,Rue Yassamine Bou Merdes Mahdia Tunisie,Mahdia,https://www.med.tn/pharmacie/mahdia/mohamed-hanene-makhlouf-ep-haj-1744.html
369,BECHIR SAKKA,jour,+216 73 681 471,Rue Ottoman Fort à côté de marché municipal Mahdia Essouk Mahdia Tunisie,Mahdia,https://www.med.tn/pharmacie/mahdia/bechir-sakka-191.html
370,BECHIR SAYBI,nuit,+216 73 629 200,Rte NATIONALE GP1 Kerker Mahdia Tunisie,Mahdia,https://www.med.tn/pharmacie/mahdia/bechir-saybi-8495.html
371,MAKREM BAATI,jour,+216 73 649 957,Avenue Habib Bourguiba Melloulech Mahdia Tunisie,Mahdia,https://www.med.tn/pharmacie/mahdia/makrem-baati-1287.html
372,Habiba Choubani,jour,+216 99 828 298,"Avenue de la République, Ezzahra Lakwach - 5199 Mahdia Tunisie",Mahdia,https://www.med.tn/pharmacie/mahdia/habiba-choubani-40927.html
373,MOHAMED ALOULOU,jour,+216 73 640 090,"117,avenue Habib Bourguiba Rejiche Mahdia Tunisie",Mahdia,https://www.med.tn/pharmacie/mahdia/mohamed-aloulou-611.html
374,BECHIR SAKKA,jour,+216 73 681 471,Rue Ottoman Fort à côté de marché municipal Mahdia Essouk Mahdia Tunisie,Mahdia,https://www.med.tn/pharmacie/mahdia/bechir-sakka-191.html
375,Mahdi  MLIK,jour,+216 73 683 006,Avenue Habib Bourguiba La Chebba Mahdia Tunisie,Mahdia,https://www.med.tn/pharmacie/mahdia/mahdi--mlik-1398.html
376,MUSTAPHA ALLANI,jour,+216 73 698 235,Avenue Habib Bourguiba Chorbane Mahdia Tunisie,Mahdia,https://www.med.tn/pharmacie/mahdia/mustapha-allani-881.html
377,RIDHA BEN JEMAA,jour,+216 73 665 264,38Avenue Habib Bourguiba Ksour Essaf Mahdia Tunisie,Mahdia,https://www.med.tn/pharmacie/mahdia/ridha-ben-jemaa-460.html
378,SOUROUR BADREDDINE EP NACEUR,jour,+216 73 605 213,Route de Souassi Ksesba Mahdia Tunisie,Mahdia,https://www.med.tn/pharmacie/mahdia/sourour-badreddine-ep-naceur-1412.html
379,NAJET ENNACEUR,jour,+216 73 630 783,Avenue Taieb M'Hiri El Jem Mahdia Tunisie,Mahdia,https://www.med.tn/pharmacie/mahdia/najet-ennaceur-1133.html
380,MEZRI ZAAFRANE,jour,+216 73 665 053,Avenue Farhat Hached Ksour Essaf Mahdia Tunisie,Mahdia,https://www.med.tn/pharmacie/mahdia/mezri-zaafrane-52.html
381,BECHIR SAYBI,nuit,+216 73 629 200,Rte NATIONALE GP1 Kerker Mahdia Tunisie,Mahdia,https://www.med.tn/pharmacie/mahdia/bechir-saybi-8495.html
382,WALID DRISS,jour,,EL AITHA MAHDIA AITHA El Aitha Mahdia Tunisie,Mahdia,https://www.med.tn/pharmacie/mahdia/walid-driss-8328.html
383,Mohamed Zili,jour,,Avenue Ibn El Jazzar Mahdia Tunisie,Mahdia,https://www.med.tn/pharmacie/mahdia/mohamed-zili-38802.html
384,AYMEN SELLAMI,jour,+216 73 485 485,Conventionnée avec CARTE ASSURANCES,Monastir,https://www.med.tn/pharmacie/monastir/aymen-sellami-38704.html
385,BESMA GHADDAB EP. ZOUAGHI,jour,+216 73 690 043,Rue 14 Janvier Moknine Monastir Tunisie,Monastir,https://www.med.tn/pharmacie/monastir/besma-ghaddab-ep.-zouaghi-1468.html
386,ZAKIA LAABOUDI HAJJAR,jour,+216 73 466 439,"M'halla, Rue Mohamed Salah Sayadi Monastir Tunisie",Monastir,https://www.med.tn/pharmacie/monastir/zakia-laaboudi-hajjar-8354.html
387,SALWA ATEB EP. HASSINE,jour,,"145,avenue Habib Bourguiba Zaouiet Kontech Monastir Tunisie",Monastir,https://www.med.tn/pharmacie/monastir/salwa-ateb-ep.-hassine-734.html
388,LAMIA ZAAFRANI EP. JAAFOURA,jour,+216 74 467 877,"59, Avenue Moufida Bourguiba R6 Monastir Tunisie",Monastir,https://www.med.tn/pharmacie/monastir/lamia-zaafrani-ep.-jaafoura-1054.html
389,Aymen  Salhi,jour,+216 73 469 471,Cite Commerciale Ksibet El Mediouni Monastir Tunisie,Monastir,https://www.med.tn/pharmacie/monastir/aymen--salhi-302.html
390,SIHEM HIZEM EP. HENI,jour,+216 73 438 063,Avenue Habib Bourguiba Moknine Monastir Tunisie,Monastir,https://www.med.tn/pharmacie/monastir/sihem-hizem-ep.-heni-1079.html
391,SOUAD FANTAR,jour,+216 73 476 040,Conventionnée avec CARTE ASSURANCES,Monastir,https://www.med.tn/pharmacie/monastir/souad-fantar-311.html
392,Karim Ajmi,jour,+216 73 527 000,Avenue Taieb M'hiri Sahline Monastir Tunisie,Monastir,https://www.med.tn/pharmacie/monastir/karim-ajmi-38694.html
393,MOUFIDA JEMLI EP. BRIGUI,jour,+216 73 458 538,Avenue Habib Bourguiba Bekalta Monastir Tunisie,Monastir,https://www.med.tn/pharmacie/monastir/moufida-jemli-ep.-brigui-900.html
394,MOUNA LARIBI,jour,+216 73 406 080,Avenue de l'Environnement Sidi Bannour Monastir Tunisie,Monastir,https://www.med.tn/pharmacie/monastir/mouna-laribi-1438.html
395,SELWA GUETARI EP BENZARTI,jour,+216 73 434 562,Avenue Habib Bourguiba Monastir Tunisie,Monastir,https://www.med.tn/pharmacie/monastir/selwa-guetari-ep-benzarti-846.html
396,HABIB SKHIRI,jour,+216 73 526 454,"62, Avenue Ali Belhaouane Sahline Monastir Tunisie",Monastir,https://www.med.tn/pharmacie/monastir/habib-skhiri-517.html
397,NEJIA GHEDIRA EP. NOOMANE,jour,+216 73 527 948,"68,Rue Farhat Hached Sahline Monastir Tunisie",Monastir,https://www.med.tn/pharmacie/monastir/nejia-ghedira-ep.-noomane-1233.html
398,NEDRA BEN HADJ HASSINE EP. JERBI,jour,+216 73 476 855,"12bis, Avenue de la Republique MOKNINE Moknine Monastir Tunisie",Monastir,https://www.med.tn/pharmacie/monastir/nedra-ben-hadj-hassine-ep.-jerbi-695.html
399,IMENE ZILI EP. SOUSSI,jour,+216 73 460 615,Pôle médicale Eya - Cité 6 Monastir Tunisie,Monastir,https://www.med.tn/pharmacie/monastir/imene-zili-ep.-soussi-660.html
400,Faouzia Saddem ep Jaziri,jour,+216 94 613 764,Avenue des nations Unies Ksar Helal Monastir Tunisie,Monastir,https://www.med.tn/pharmacie/monastir/faouzia-saddem-ep-jaziri-38751.html
401,MOHAMED ROUIS,nuit,+216 73 475 690,Avenue de la Republique Moknine Monastir Tunisie,Monastir,https://www.med.tn/pharmacie/monastir/mohamed-rouis-1654.html
402,SALMA KECHIDA,jour,+216 73 479 178,Avenue 14 Janvier Teboulba Monastir Tunisie,Monastir,https://www.med.tn/pharmacie/monastir/salma-kechida-86.html
403,MEYSSAM GUELLOUZ EP. HALILA,jour,+216 73 495 141,"105,Avenue, Mahbouba Soussia Teboulba Monastir Tunisie",Monastir,https://www.med.tn/pharmacie/monastir/meyssam-guellouz-ep.-halila-1349.html
404,HICHEM MELAYAH,jour,+216 73 486 346,Avenue Habib Bourguiba Jemmal Monastir Tunisie,Monastir,https://www.med.tn/pharmacie/monastir/hichem-melayah-325.html
405,MOHAMED AMAMI,nuit,+216 73 420 219,Avenue 14 Janvier 87 BEMBLA Bembla Monastir Tunisie,Monastir,https://www.med.tn/pharmacie/monastir/mohamed-amami-1725.html
406,ZOHRA HIZEM EP. ZILI,jour,+216 73 436 031,"64,Avenue de la Republique Moknine Monastir Tunisie",Monastir,https://www.med.tn/pharmacie/monastir/zohra-hizem-ep.-zili-1200.html
407,SADOK BAHRI,jour,+216 73 476 235,"140, Avenue Habib Bourguiba Ksar Helal Monastir Tunisie",Monastir,https://www.med.tn/pharmacie/monastir/sadok-bahri-207.html
408,SAMIRA GRIRA EP. MHALLA,jour,+216 73 461 370,Avenue 18 Janvier Monastir Tunisie,Monastir,https://www.med.tn/pharmacie/monastir/samira-grira-ep.-mhalla-827.html
409,NEZIHA HAMROUNI EP. ABDALLAH,jour,+216 73 425 506,Residence El Mourabitine IMMEUBLE LILIA Monastir Tunisie,Monastir,https://www.med.tn/pharmacie/monastir/neziha-hamrouni-ep.-abdallah-1076.html
410,AKRAM FRIGUI,jour,+216 98 677 345,Avenue de l'Environnement Moknine Monastir Tunisie,Monastir,https://www.med.tn/pharmacie/monastir/akram-frigui-1457.html
411,MESSAOUDA BETTAIEB EP. AOUAM,jour,+216 73 454 120,Avenue Haj Ali Soua Ksar Helal Monastir Tunisie,Monastir,https://www.med.tn/pharmacie/monastir/messaouda-bettaieb-ep.-aouam-715.html
412,INSAF SKHIRI EP. AJINA,jour,+216 73 464 555,Imm. Nesrine - Rue Salem Bchir (derriére la gare) Monastir Tunisie,Monastir,https://www.med.tn/pharmacie/monastir/insaf-skhiri-ep.-ajina-38609.html
413,WAFA SOUA EP. SLAMA,jour,+216 73 525 519,Avenue Ali Belhaouane Sahline Monastir Tunisie,Monastir,https://www.med.tn/pharmacie/monastir/wafa-soua-ep.-slama-1066.html
414,MOHAMED ALI MGHAIETH,jour,+216 72 255 080,Avenue HABIB BOURGUIBA Grombalia Nabeul Tunisie,Nabeul,https://www.med.tn/pharmacie/nabeul/mohamed-ali-mghaieth-38637.html
415,SARRA KRARTI EP. AZAIEZ,jour,+216 72 391 243,"21,rue Farhat Hached Soliman Nabeul Tunisie",Nabeul,https://www.med.tn/pharmacie/nabeul/sarra-krarti-ep.-azaiez-631.html
416,AMEL CHARRADA,nuit,+216 72 339 199,Avenue 14 Janvier menzel horr Menzel Temime Nabeul Tunisie,Nabeul,https://www.med.tn/pharmacie/nabeul/amel-charrada-1791.html
417,Mohamed Slim Khadhar,jour,+216 72 285 030,Avenue du Grand Magreb Nabeul Tunisie,Nabeul,https://www.med.tn/pharmacie/nabeul/mohamed-slim-khadhar--942.html
418,RACHED GARAALI,jour,+216 72 344 173,"33,Avenue Habib Bourguiba Menzel Temime Nabeul Tunisie",Nabeul,https://www.med.tn/pharmacie/nabeul/rached-garaali-777.html
419,MAHREZ BOUOTHMANI,jour,+216 72 255 400,Avenue de la Paix Grombalia Nabeul Tunisie,Nabeul,https://www.med.tn/pharmacie/nabeul/mahrez-bouothmani-768.html
420,MOUNIR EL FEKIH,jour,+216 72 231 417,"23, rue Mongi Bali nabeul Nabeul Tunisie",Nabeul,https://www.med.tn/pharmacie/nabeul/mounir-el-fekih-875.html
421,FAYCEL JENANE,jour,+216,"Route Nationale G.P.1, Turki, Grombalia, Nabeul, Tunisie Grombalia Nabeul Tunisie",Nabeul,https://www.med.tn/pharmacie/nabeul/faycel-jenane-40941.html
422,AMANI ANTAR EP. ZAYATI,jour,+216 72 396 772,Avenue Jebril Ben Jebril - El Brij Takelsa Nabeul Tunisie,Nabeul,https://www.med.tn/pharmacie/nabeul/amani-antar-ep.-zayati-1463.html
423,MOHAMED AYMEN BOUAOUINA,jour,+216 72 278 230,Avenue Abou Dhabi Km 4 Hammamet Nabeul Tunisie,Nabeul,https://www.med.tn/pharmacie/nabeul/mohamed-aymen-bouaouina-8370.html
424,FATMA GUERBOUJ EP. JERBI,jour,+216 72 280 876,Avenue de la République Hammamet Nabeul Tunisie,Nabeul,https://www.med.tn/pharmacie/nabeul/fatma-guerbouj-ep.-jerbi-1078.html
425,HASSIB BEN ABDALLAH,jour,+216 72 359 077,Avenue Habib Bourguiba Korba Nabeul Tunisie,Nabeul,https://www.med.tn/pharmacie/nabeul/hassib-ben-abdallah-1323.html
426,MOHAMED SKANDER CHAHED,jour,+216 72 371 018,Place 23 Janvier 1952 Beni Khalled Nabeul Tunisie,Nabeul,https://www.med.tn/pharmacie/nabeul/mohamed-skander-chahed-1501.html
427,AFIF BOUZIRI,jour,+216 72 256 777,Avenue Habib Bourguiba Grombalia Nabeul Tunisie,Nabeul,https://www.med.tn/pharmacie/nabeul/afif-bouziri-1070.html
428,Hayet  Korbi,jour,+216 72 207 733,Rue 1 Juin Kelibia Nabeul Tunisie,Nabeul,https://www.med.tn/pharmacie/nabeul/hayet--korbi--38750.html
429,LEILA MEHREZ,jour,+216 72 226 268,Avenue MOHAMED 5 barraket essahel Hammamet Nabeul Tunisie,Nabeul,https://www.med.tn/pharmacie/nabeul/leila-mehrez-1487.html
430,NEBILA Khomsi,jour,+216 72 251 694,"22,Rue du 1er juin Menzel Bouzelfa Nabeul Tunisie",Nabeul,https://www.med.tn/pharmacie/nabeul/nebila-khomsi-792.html
431,HEDI AYED,jour,+216 72 261 926,Avenue Hedi Ouali Hammamet Nabeul Tunisie,Nabeul,https://www.med.tn/pharmacie/nabeul/hedi-ayed-1086.html
432,AMEL BEN NACEUR EP. CHETOUI,jour,+216 72 273 899,"312, Avenue Ali Belhaouane Kelibia Nabeul Tunisie",Nabeul,https://www.med.tn/pharmacie/nabeul/amel-ben-naceur-ep.-chetoui-1104.html
433,ABDELKADER BOUFAIED,jour,+216 72 206 254,Avenue Habib Bourguiba Kelibia Nabeul Tunisie,Nabeul,https://www.med.tn/pharmacie/nabeul/abdelkader-boufaied-540.html
434,AIDA AOUINTI,jour,+216 72 365 587,Avenue de l'environnement Dar Chaabane Elfehri Nabeul Tunisie,Nabeul,https://www.med.tn/pharmacie/nabeul/aida-aouinti-1340.html
435,HENI BELGHITH,jour,+216 72 263 505,Av Assad ibn Fourat. 8050 Hammamet Nabeul Tunisie,Nabeul,https://www.med.tn/pharmacie/nabeul/heni-belghith-8368.html
436,NARJES GHANNAY,jour,+216 72 337 270,Route Régionale 27 Tefeloun Nabeul Tunisie,Nabeul,https://www.med.tn/pharmacie/nabeul/narjes-ghannay-8375.html
437,HADID MOHAMED BEN HADID,jour,+216 72 296 310,"10, avenue Ibn Khaldoun Kelibia Nabeul Tunisie",Nabeul,https://www.med.tn/pharmacie/nabeul/hadid-mohamed-ben-hadid--341.html
438,hachem kanoun,jour,+216 72 262 320,Avenue des Nations Unies Route El Barraka Hammamet Nabeul Tunisie,Nabeul,https://www.med.tn/pharmacie/nabeul/hachem-kanoun-38629.html
439,AMANI ANTAR EP. ZAYATI,jour,+216 72 396 772,Avenue Jebril Ben Jebril - El Brij Takelsa Nabeul Tunisie,Nabeul,https://www.med.tn/pharmacie/nabeul/amani-antar-ep.-zayati-1463.html
440,SAMIA BOUDHINA EP. DJEDIDI,jour,+216 72 280 684,Avenue de la Republique Hammamet Nabeul Tunisie,Nabeul,https://www.med.tn/pharmacie/nabeul/samia-boudhina-ep.-djedidi-598.html
441,RIM ABDERRAZEK,jour,+216 72 230 235,Avenue Mongi Slim Nabeul Tunisie,Nabeul,https://www.med.tn/pharmacie/nabeul/rim-abderrazek-38601.html
442,MUSTAPHA AYARI,jour,+216 72 371 527,"46, Avenue Habib Bourguiba Beni Khalled Nabeul Tunisie",Nabeul,https://www.med.tn/pharmacie/nabeul/mustapha-ayari-719.html
443,MOHAMED TABENA,jour,+216 72 286 910,"133,Avenue Habib Bourguiba Nabeul Tunisie",Nabeul,https://www.med.tn/pharmacie/nabeul/mohamed-tabena-669.html
444,INES KESSENTINI,jour,+216 74 619 306,Rte LAFRANE Km 5 - Imm el BARAKA Sfax Ville Sfax Tunisie,Sfax,https://www.med.tn/pharmacie/sfax/ines-kessentini-8383.html
445,AHMED AYADI,jour,+216 74 266 042,Route El Afrane Avenue Habib Thameur Sfax Ville Sfax Tunisie,Sfax,https://www.med.tn/pharmacie/sfax/ahmed-ayadi-1120.html
446,TAOUFIK MAALEJ,jour,+216 36 300 538,ROUTE SOUKRA KM2.5 - CITE MESSAADINE Sfax Est Sfax Tunisie,Sfax,https://www.med.tn/pharmacie/sfax/taoufik-maalej-124.html
447,MOHAMED AMMAR,jour,+216 74 444 400,93 Rue du caire. el bassetine2. 3002 Sfax Sfax Ville Sfax Tunisie,Sfax,https://www.med.tn/pharmacie/sfax/mohamed-ammar-770.html
448,Olfa Dammak,jour,+216,Sakiet Ezzit Sfax Tunisie,Sfax,https://www.med.tn/pharmacie/sfax/olfa-dammak-40910.html
449,Amal  Abdelkafi,jour,+216 74 888 332,Route Saltnia Km 6 Sakiet Eddaier Sfax Tunisie,Sfax,https://www.med.tn/pharmacie/sfax/amal--abdelkafi-1043.html
450,LOBNA MAROUAN EP. LOUATI,jour,+216 74 848 884,Route de Teniour Km 7.5 Sakiet Ezzit Sfax Tunisie,Sfax,https://www.med.tn/pharmacie/sfax/lobna-marouan-ep.-louati-1249.html
451,Ilyes Smaoui,jour,+216 98 556 569,Merkez Maala - Immeuble ZEPHIR - Route Menzel Chaker Km 5 Sfax Sud Sfax Tunisie,Sfax,https://www.med.tn/pharmacie/sfax/ilyes-smaoui-38827.html
452,NEJMEDDINE FRIKHA,jour,+216 74 403 800,Avenue des Martyrs Place Bab Jebli Sfax Ville Sfax Tunisie,Sfax,https://www.med.tn/pharmacie/sfax/nejmeddine-frikha-57.html
453,Nabila  Kallel,jour,,Tyna Sfax Tunisie,Sfax,https://www.med.tn/pharmacie/sfax/nabila--kallel--40911.html
454,MONCEF HACHICHA,jour,+216 74 220 549,"39, Rue Haffouz Sfax Ville Sfax Tunisie",Sfax,https://www.med.tn/pharmacie/sfax/moncef-hachicha-548.html
455,ABDELJELIL JERBI,jour,+216 74 464 195,"Route El Ain Km 0,5 Sfax Sud Sfax Tunisie",Sfax,https://www.med.tn/pharmacie/sfax/abdeljelil-jerbi-728.html
456,HEKMA MAALEJ,jour,+216 74 292 608,"Route mahdia Km 5,5 Sakiet Eddaier Sfax Tunisie",Sfax,https://www.med.tn/pharmacie/sfax/hekma-maalej-810.html
457,AIDA HAKMOUNI EP. KALLEL,jour,+216 74 253 002,"Route de Tunis Km 4,5 Avenue H. Bourguiba Sakiet Ezzit Sfax Tunisie",Sfax,https://www.med.tn/pharmacie/sfax/aida-hakmouni-ep.-kallel-693.html
458,ZOUHIR AJILI,nuit,+216 74 266 380,Route de Gremda Km 4 Sfax Ville Sfax Tunisie,Sfax,https://www.med.tn/pharmacie/sfax/zouhir-ajili-1626.html
459,RADHIA ZOUARI EP. CHABOUNI,jour,+216 74 294 818,Avenue Habib Bourguiba Sakiet Eddaier Sfax Tunisie,Sfax,https://www.med.tn/pharmacie/sfax/radhia-zouari-ep.-chabouni-483.html
460,HANA AMMAR Ep. BEN AYED,jour,+216 31 531 140,Résidence la Caravade - Route El Ain Km 2.5 Sfax Ville Sfax Tunisie,Sfax,https://www.med.tn/pharmacie/sfax/hana-ammar-ep.-ben-ayed-8395.html
461,KAMEL MHIRI,jour,+216 74 251 914,"Rte TUNIS Km 6,5 - Av MONGI SLIM Sakiet Ezzit Sfax Tunisie",Sfax,https://www.med.tn/pharmacie/sfax/kamel-mhiri-8389.html
462,IMED MNIF,jour,+216 74 266 820,"Route de Gremda Km 6,5 Merkez Kamoun Sfax Tunisie",Sfax,https://www.med.tn/pharmacie/sfax/imed-mnif-1018.html
463,FATMA AMMAR,jour,+216 36 116 611,Rte DE L'AEROPORT Km 8 Sfax Sud Sfax Tunisie,Sfax,https://www.med.tn/pharmacie/sfax/fatma-ammar-8241.html
464,NAJIB MALLEK,jour,+216 74 481 366,Avenue Habib Bourguiba - Remla Kerkenah Sfax Tunisie,Sfax,https://www.med.tn/pharmacie/sfax/najib-mallek-1061.html
465,Mohamed El Ayech Hamami,jour,+216 74 622 501,"Route Menzel Chaker Km 3,5 Merkez Dammak Sfax Tunisie",Sfax,https://www.med.tn/pharmacie/sfax/mohamed-el-ayech-hamami-626.html
466,Imen  Mallek,jour,+216 74 632 412,"Route Menzel Chaker Km 5,5 Menzel Chaker Sfax Tunisie",Sfax,https://www.med.tn/pharmacie/sfax/imen--mallek-38716.html
467,MOHAMED ABBES,jour,+216 74 267 276,"Rte Lafrane km 3,4 - Imm. El Yosr Sfax Ville Sfax Tunisie",Sfax,https://www.med.tn/pharmacie/sfax/mohamed-abbes-828.html
468,NOUREDDINE FENDRI,jour,+216 74 400 488,"Route de Gremda Km 0,5 Imm Phenicia Sfax Ville Sfax Tunisie",Sfax,https://www.med.tn/pharmacie/sfax/noureddine-fendri-439.html
469,AMINE MEZGHANI,nuit,+216 74 669 006,Rte GREMDA KM 9.5 - AOUABED Sfax Est Sfax Tunisie,Sfax,https://www.med.tn/pharmacie/sfax/amine-mezghani-8538.html
470,Amal  Abdelkafi,jour,+216 74 888 332,Route Saltnia Km 6 Sakiet Eddaier Sfax Tunisie,Sfax,https://www.med.tn/pharmacie/sfax/amal--abdelkafi-1043.html
471,SEMIA MAALEJ EP. N''JAH,jour,+216 74 250 510,Avenue Habib Bourguiba Sakiet Ezzit Sfax Tunisie,Sfax,https://www.med.tn/pharmacie/sfax/semia-maalej-ep.-njah-268.html
472,MOHAMED RAFAAT MESSEDI,jour,+216 74 443 555,Ceinture N° 5 - Imm. Zouaoui Sfax Ville Sfax Tunisie,Sfax,https://www.med.tn/pharmacie/sfax/mohamed-rafaat-messedi-501.html
473,OLFA SELLAMI EP. SELLAMI,jour,+216 74 229 961,"29, Avenue Hedi Chaker Sfax Ville Sfax Tunisie",Sfax,https://www.med.tn/pharmacie/sfax/olfa-sellami-ep.-sellami-1113.html
474,ALI GHMADH,jour,+216,Route Nationale 13 Ouled Haffouz Sidi bouzid Tunisie,Sidi Bouzid,https://www.med.tn/pharmacie/sidi-bouzid/ali-ghmadh-8399.html
475,ABDELKADER BEN ATTIA,nuit,+216 76 676 340,"Cite Ennassime, Avenue Habib Bourguiba Bir El Haffey Sidi bouzid Tunisie",Sidi Bouzid,https://www.med.tn/pharmacie/sidi-bouzid/abdelkader-ben-attia-1818.html
476,FATHI BAKLOUTI,jour,+216 76 634 666,65 Avenue Habib Bourguiba Sidi Bouzid Sidi bouzid Tunisie,Sidi Bouzid,https://www.med.tn/pharmacie/sidi-bouzid/fathi-baklouti-49.html
477,NIZAR SALHI,jour,+216 76 630 218,"22,avenue de la Poste Sidi bouzid Tunisie",Sidi Bouzid,https://www.med.tn/pharmacie/sidi-bouzid/nizar-salhi-1572.html
478,FATHIA HORCHANI EP SABRI,jour,+216 76 630 730,Avenue Habib Bourguiba - Cité SPROLS Sidi Bouzid Est Sidi bouzid Tunisie,Sidi Bouzid,https://www.med.tn/pharmacie/sidi-bouzid/fathia-horchani-ep-sabri-1107.html
479,INES EL MECHY,jour,+216 76 670 270,Saïda Regueb Sidi bouzid Tunisie,Sidi Bouzid,https://www.med.tn/pharmacie/sidi-bouzid/ines-el-mechy-1379.html
480,SOUHEILA BEN AMOR EP. BOUDAOUARA,jour,+216 76 620 793,Rue des Martyrs Place 14 Janvier Regueb Sidi bouzid Tunisie,Sidi Bouzid,https://www.med.tn/pharmacie/sidi-bouzid/souheila-ben-amor-ep.-boudaouara-1260.html
481,AFEF BEN ABDALLAH,nuit,+216 76 672 222,Rue 14 Janvier RN 14 Menzel Bouzaiene Sidi bouzid Tunisie,Sidi Bouzid,https://www.med.tn/pharmacie/sidi-bouzid/afef-ben-abdallah-1830.html
482,LEILA  BSILA Ep RAHAL,jour,+216 76 633 600,"90, Boulevard Mohamed Bouazizi Sidi Bouzid Sidi bouzid Tunisie",Sidi Bouzid,https://www.med.tn/pharmacie/sidi-bouzid/leila--bsila-ep-rahal-918.html
483,MEJDA CHENINI,jour,+216 76 668 077,Rue El Basra Mezzouna Sidi bouzid Tunisie,Sidi Bouzid,https://www.med.tn/pharmacie/sidi-bouzid/mejda-chenini-1483.html
484,Afef Aissaoui Ep. Zaafrane,jour,+216 76 677 457,Avenue Habib Bourguiba Bir El Haffey Sidi bouzid Tunisie,Sidi Bouzid,https://www.med.tn/pharmacie/sidi-bouzid/afef-aissaoui-ep.-zaafrane-1455.html
485,MEJDA BEYAOUI,nuit,+216 24 029 432,Rue Ibn El Jazzar Mezzouna Sidi bouzid Tunisie,Sidi Bouzid,https://www.med.tn/pharmacie/sidi-bouzid/mejda-beyaoui-1861.html
486,NJOUD YOUSFI,jour,+216 76 624 830,Avenue Habib Bourguiba en Face de CNSS Sidi Bouzid Sidi bouzid Tunisie,Sidi Bouzid,https://www.med.tn/pharmacie/sidi-bouzid/njoud-yousfi-1449.html
487,Salah  Ghabiche,jour,+216 76 674 644,Rue Taieb M'hamdi Cebbala Ouled Asker Sidi bouzid Tunisie,Sidi Bouzid,https://www.med.tn/pharmacie/sidi-bouzid/salah--ghabiche--38772.html
488,FATHIA HORCHANI EP SABRI,jour,+216 76 630 730,Avenue Habib Bourguiba - Cité SPROLS Sidi Bouzid Est Sidi bouzid Tunisie,Sidi Bouzid,https://www.med.tn/pharmacie/sidi-bouzid/fathia-horchani-ep-sabri-1107.html
489,RAOUF NOUIRA,jour,+216 76 639 043,Avenue de la Republique Regueb Sidi bouzid Tunisie,Sidi Bouzid,https://www.med.tn/pharmacie/sidi-bouzid/raouf-nouira-1074.html
490,ALI GHMADH,jour,+216,Route Nationale 13 Ouled Haffouz Sidi bouzid Tunisie,Sidi Bouzid,https://www.med.tn/pharmacie/sidi-bouzid/ali-ghmadh-8399.html
491,HATEM BEYAOUI,jour,+216 76 647 150,Avenue Habib Bourguiba Maknassy Sidi bouzid Tunisie,Sidi Bouzid,https://www.med.tn/pharmacie/sidi-bouzid/hatem-beyaoui-1386.html
492,MOHAMED DHAHBI,jour,+216 76 657 162,Rue Taieb M'Hiri Jilma Sidi bouzid Tunisie,Sidi Bouzid,https://www.med.tn/pharmacie/sidi-bouzid/mohamed-dhahbi-568.html
493,ABDELKADER BEN ATTIA,nuit,+216 76 676 340,"Cite Ennassime, Avenue Habib Bourguiba Bir El Haffey Sidi bouzid Tunisie",Sidi Bouzid,https://www.med.tn/pharmacie/sidi-bouzid/abdelkader-ben-attia-1818.html
494,MONDHER NCIBI,jour,,Souk Jedid Segdel Souk Jedid Sidi bouzid Tunisie,Sidi Bouzid,https://www.med.tn/pharmacie/sidi-bouzid/mondher-ncibi-1152.html
495,BRAHIM KOTTI,jour,+216 76 627 243,Place des banques - Les Arcades Sidi Bouzid Est Sidi bouzid Tunisie,Sidi Bouzid,https://www.med.tn/pharmacie/sidi-bouzid/brahim-kotti-8400.html
496,ESSAYED MNASSRI,jour,+216 76 676 350,Avenue 14 Janvier - Route deTunis Bir El Haffey Sidi bouzid Tunisie,Sidi Bouzid,https://www.med.tn/pharmacie/sidi-bouzid/essayed-mnassri-1459.html
497,YASSINE DEBBECH,jour,+216 76 634 800,Avenue Habib Bourguiba Sidi Bouzid Sidi bouzid Tunisie,Sidi Bouzid,https://www.med.tn/pharmacie/sidi-bouzid/yassine-debbech-1159.html
498,HATEM BEYAOUI,jour,+216 76 647 150,Avenue Habib Bourguiba Maknassy Sidi bouzid Tunisie,Sidi Bouzid,https://www.med.tn/pharmacie/sidi-bouzid/hatem-beyaoui-1386.html
499,MONDHER GUIZANI,jour,+216 76 636 473,Pres de la Mosquee LASSOUDA Sidi bouzid Tunisie,Sidi Bouzid,https://www.med.tn/pharmacie/sidi-bouzid/mondher-guizani-1452.html
500,NOOMANE SAID ALI,nuit,+216 76 631 427,Rue du 2 Mars 1934 Sidi bouzid Tunisie,Sidi Bouzid,https://www.med.tn/pharmacie/sidi-bouzid/noomane-said-ali-1671.html
501,MEJDA CHENINI,jour,+216 76 668 077,Rue El Basra Mezzouna Sidi bouzid Tunisie,Sidi Bouzid,https://www.med.tn/pharmacie/sidi-bouzid/mejda-chenini-1483.html
502,ZAHOUA DHAOUI,jour,+216 76 660 290,Rue Sidi Iche Ben Oun Sidi bouzid Tunisie,Sidi Bouzid,https://www.med.tn/pharmacie/sidi-bouzid/zahoua-dhaoui-1333.html
503,LAMINE JELALI,nuit,+216 76 657 650,Av DE L'ENVIRONNEMENT Jilma Sidi bouzid Tunisie,Sidi Bouzid,https://www.med.tn/pharmacie/sidi-bouzid/lamine-jelali-8519.html
504,ONS SEKMA EP. STAMBOULI,nuit,+216 73 501 305,Avenue Farhat Hached Makthar Siliana Tunisie,Siliana,https://www.med.tn/pharmacie/siliana/ons-sekma-ep.-stambouli-1799.html
505,AYMEN BOUSALMA,jour,+216 78 802 097,Route Régionale 73- Imadat El Gabel - El Gantra Siliana Sud Siliana Tunisie,Siliana,https://www.med.tn/pharmacie/siliana/aymen-bousalma-8403.html
506,MOHAMED TAOUFIK RIAHI,jour,+216 78 817 369,Conventionnée avec CARTE ASSURANCES,Siliana,https://www.med.tn/pharmacie/siliana/mohamed-taoufik-riahi-1623.html
507,AMEL EL HAJJI EP  EL YAHYAOUI,jour,+216 78 874 676,Avenue TAIEB M'HIRI Siliana Nord Siliana Tunisie,Siliana,https://www.med.tn/pharmacie/siliana/amel-el-hajji-ep--el-yahyaoui-1493.html
508,KHALED LAHMADI,jour,+216 78 806 971,Conventionnée avec CARTE ASSURANCES,Siliana,https://www.med.tn/pharmacie/siliana/khaled-lahmadi-1816.html
509,CHEDLY LOUATI,jour,+216 78 826 056,Rue de la République Makthar Siliana Tunisie,Siliana,https://www.med.tn/pharmacie/siliana/chedly-louati-823.html
510,MARWA BEN BOUSLAH,nuit,+216 78 896 305,Av HABIB BOURGUIBA Bargou Siliana Tunisie,Siliana,https://www.med.tn/pharmacie/siliana/marwa-ben-bouslah-8523.html
511,MOHAMED BEN GAGI,jour,+216 78 805 055,Rue DE LYBIE Bou Arada Siliana Tunisie,Siliana,https://www.med.tn/pharmacie/siliana/mohamed-ben-gagi-849.html
512,ISSAM BEN ATTIA,jour,+216 78 896 022,Conventionnée avec CARTE ASSURANCES,Siliana,https://www.med.tn/pharmacie/siliana/issam-ben-attia-1430.html
513,YOUSSEF MEFDAOUI,jour,+216 78 892 848,Avenue 14 Janvier Kesra Siliana Tunisie,Siliana,https://www.med.tn/pharmacie/siliana/youssef-mefdaoui-1353.html
514,MOHAMED TEKAYA,jour,+216 78 891 452,Avenue Habib Bourguiba Le Krib Siliana Tunisie,Siliana,https://www.med.tn/pharmacie/siliana/mohamed-tekaya--481.html
515,YASSINE  KADACHI,nuit,+216 78 893 606,Rue 14 Janvier Rohia Siliana Tunisie,Siliana,https://www.med.tn/pharmacie/siliana/yassine--kadachi--1871.html
516,YOUSSEF MEFDAOUI,jour,+216 78 892 848,Avenue 14 Janvier Kesra Siliana Tunisie,Siliana,https://www.med.tn/pharmacie/siliana/youssef-mefdaoui-1353.html
517,ISSAM BOUZAIENE,jour,+216 78 827 210,Conventionnée avec CARTE ASSURANCES,Siliana,https://www.med.tn/pharmacie/siliana/issam-bouzaiene-8404.html
518,MOHAMED RJEB SFAR,jour,+216 78 806 888,Avenue de l'Environnement Bou Arada Siliana Tunisie,Siliana,https://www.med.tn/pharmacie/siliana/mohamed-rjeb-sfar--38640.html
519,AYMEN BOUSALMA,jour,+216 78 802 097,Route Régionale 73- Imadat El Gabel - El Gantra Siliana Sud Siliana Tunisie,Siliana,https://www.med.tn/pharmacie/siliana/aymen-bousalma-8403.html
520,MOHAMED BAYREM HAMDI,jour,+216 78 870 036,Avenue des Martyrs Siliana Nord Siliana Tunisie,Siliana,https://www.med.tn/pharmacie/siliana/mohamed-bayrem-hamdi-1369.html
521,ROCHDI SAIDI,jour,+216 78 872 614,"21,Avenue de Bizerte Siliana Tunisie",Siliana,https://www.med.tn/pharmacie/siliana/rochdi-saidi-1032.html
522,MARWA BEN BOUSLAH,nuit,+216 78 896 305,Av HABIB BOURGUIBA Bargou Siliana Tunisie,Siliana,https://www.med.tn/pharmacie/siliana/marwa-ben-bouslah-8523.html
523,AYMEN ABIDI,nuit,+216 78 827 354,Av FARHAT HACHED Makthar Siliana Tunisie,Siliana,https://www.med.tn/pharmacie/siliana/aymen-abidi-8524.html
524,MOHAMED RJEB SFAR,jour,+216 78 806 888,Avenue de l'Environnement Bou Arada Siliana Tunisie,Siliana,https://www.med.tn/pharmacie/siliana/mohamed-rjeb-sfar--38640.html
525,MOHSEN ROMDHANI,jour,,6140 makthar Makthar Siliana Tunisie,Siliana,https://www.med.tn/pharmacie/siliana/mohsen-romdhani-1187.html
526,FAOUZI BOUBAKRI,jour,+216 78 898 648,Avenue de la Liberte Sidi Bou Rouis Siliana Tunisie,Siliana,https://www.med.tn/pharmacie/siliana/faouzi-boubakri-1164.html
527,KARIM FOURATI,jour,+216 78 890 656,"8, Avenue 9 Avril El Aroussa Siliana Tunisie",Siliana,https://www.med.tn/pharmacie/siliana/karim-fourati-1531.html
528,MAYA BEN AISSA,jour,+216 78 871 622,"1, Place du Marché Siliana Nord Siliana Tunisie",Siliana,https://www.med.tn/pharmacie/siliana/maya-ben-aissa-8406.html
529,AMEL EL HAJJI EP  EL YAHYAOUI,jour,+216 78 874 676,Avenue TAIEB M'HIRI Siliana Nord Siliana Tunisie,Siliana,https://www.med.tn/pharmacie/siliana/amel-el-hajji-ep--el-yahyaoui-1493.html
530,ONS SEKMA EP. STAMBOULI,nuit,+216 73 501 305,Avenue Farhat Hached Makthar Siliana Tunisie,Siliana,https://www.med.tn/pharmacie/siliana/ons-sekma-ep.-stambouli-1799.html
531,ISSAM BOUZAIENE,jour,+216 78 827 210,Conventionnée avec CARTE ASSURANCES,Siliana,https://www.med.tn/pharmacie/siliana/issam-bouzaiene-8404.html
532,Hanoun Hosni,jour,+216 78 893 121,Rue Taieb M'Hiri Rohia Siliana Tunisie,Siliana,https://www.med.tn/pharmacie/siliana/hanoun-hosni-1892.html
533,AYMEN BOUSALMA,jour,+216 78 802 097,Route Régionale 73- Imadat El Gabel - El Gantra Siliana Sud Siliana Tunisie,Siliana,https://www.med.tn/pharmacie/siliana/aymen-bousalma-8403.html
534,AIDA BRAHAM MSELMI,nuit,+216 73 233 619,"Rue Hatib ibn Abi Balta'ah, Sousse, Tunisie Sousse Riadh Sousse Tunisie",Sousse,https://www.med.tn/pharmacie/sousse/aida-braham-mselmi-1699.html
535,FEHIMA BEN AMOR,jour,+216 73 363 064,Conventionnée avec CARTE ASSURANCES,Sousse,https://www.med.tn/pharmacie/sousse/fehima-ben-amor-8408.html
536,LES JASMINS :  RIADH KLABI | ANIS GUITOUNI,jour,+216 73 275 480,Route Touristique - Imm CESAR - Face Clinique les Oliviers Sousse Tunisie,Sousse,https://www.med.tn/pharmacie/sousse/les-jasmins---riadh-klabi-|-anis-guitouni-1578.html
537,AICHA DOUDECH,jour,+216 73 237 622,Rue 1 JUIN - TAFFALA Sousse Ville Sousse Tunisie,Sousse,https://www.med.tn/pharmacie/sousse/aicha-doudech-8249.html
538,MOUFIDA BEN TEJ,jour,+216 73 304 745,"118,rue Echifa Sousse Riadh Sousse Tunisie",Sousse,https://www.med.tn/pharmacie/sousse/moufida-ben-tej-830.html
539,NAJDA BOUAZIZ EP BEN KHALIFA,jour,+216 73 383 460,Conventionnée avec CARTE ASSURANCES,Sousse,https://www.med.tn/pharmacie/sousse/najda-bouaziz-ep-ben-khalifa-885.html
540,HABIB BEN MOUADDEB,jour,+216 73 329 810,Route Touristique Tantana Chatt Meriem Sousse Tunisie,Sousse,https://www.med.tn/pharmacie/sousse/habib-ben-mouaddeb-1064.html
541,SALEM ATROUS,jour,+216 73 259 913,"66, rue 20 Mars Msaken Sousse Tunisie",Sousse,https://www.med.tn/pharmacie/sousse/salem-atrous-584.html
542,Zeineb  Ouahchi,jour,+216 73 261 670,"1, Avenue de l'environnement Msaken Sousse Tunisie",Sousse,https://www.med.tn/pharmacie/sousse/zeineb--ouahchi-40908.html
543,JAOUHAR  RZIGA,jour,+216 73 259 102,"12, Rue 20 Mars Msaken Sousse Tunisie",Sousse,https://www.med.tn/pharmacie/sousse/jaouhar--rziga-38817.html
544,MAHMOUD BEN JAZIA,jour,+216 73 242 390,Avenue des Palmiers Khezama Est Sousse Khezama Sousse Tunisie,Sousse,https://www.med.tn/pharmacie/sousse/mahmoud-ben-jazia-299.html
545,SOUMAYA HAMILA,jour,,Rue de l'école El Knaies Sousse Tunisie,Sousse,https://www.med.tn/pharmacie/sousse/soumaya-hamila-1380.html
546,TAOUFIK FERJANI,jour,+216 73 362 027,"30,Avenue Hedi Chaker Hammam Sousse Sousse Tunisie",Sousse,https://www.med.tn/pharmacie/sousse/taoufik-ferjani-156.html
547,MOHAMED HEDI BEN HALIMA,jour,+216 73 210 034,"27, Avenue 20 Mars 1956 Sousse Jaouhara Sousse Tunisie",Sousse,https://www.med.tn/pharmacie/sousse/mohamed-hedi-ben-halima-38610.html
548,ZEINEB SOUA EP. DOUIK,jour,+216 73 300 037,Avenue Ettaoufik Sousse Riadh Sousse Tunisie,Sousse,https://www.med.tn/pharmacie/sousse/zeineb-soua-ep.-douik-395.html
549,Mohaned Hassen Cheikh,jour,+216 73 201 327,"5, Avenue Habib Bourguiba Sousse Ville Sousse Tunisie",Sousse,https://www.med.tn/pharmacie/sousse/mohaned-hassen-cheikh-361.html
550,Nawel  Zariat Jaiem,jour,+216 31 216 807,Avenue Khalifa El Karoui - Sahloul 3 Sahloul Sousse Tunisie,Sousse,https://www.med.tn/pharmacie/sousse/nawel--zariat-jaiem-40907.html
551,AMEL SLIM EP. TOUZI,jour,+216 73 204 580,Conventionnée avec CARTE ASSURANCES,Sousse,https://www.med.tn/pharmacie/sousse/amel-slim-ep.-touzi-1806.html
552,Wassim Amri,nuit,+216 73 340 487,Route touristique Chott Meriem prés de Mosquée Chatt Meriem Sousse Tunisie,Sousse,https://www.med.tn/pharmacie/sousse/wassim-amri-38820.html
553,ABDERRAHMEN BEN SLIMENE,jour,+216 73 354 270,"67, Av DE L'ENVIRONNEMENT Kalaa El Kebira Sousse Tunisie",Sousse,https://www.med.tn/pharmacie/sousse/abderrahmen-ben-slimene-8410.html
554,ASMA MZABI EP. ERNEZ,jour,+216 73 296 550,Place 14 Janvier Kalaa Essghira Sousse Tunisie,Sousse,https://www.med.tn/pharmacie/sousse/asma-mzabi-ep.-ernez-902.html
555,WISSEM  FELAH,jour,+216 73 386 888,Avenue 14 Janvier Zaouiet Sousse Sousse Tunisie,Sousse,https://www.med.tn/pharmacie/sousse/wissem--felah-38700.html
556,JAOUHAR  RZIGA,jour,+216 73 259 102,"12, Rue 20 Mars Msaken Sousse Tunisie",Sousse,https://www.med.tn/pharmacie/sousse/jaouhar--rziga-38817.html
557,AIDA BRAHAM MSELMI,nuit,+216 73 233 619,"Rue Hatib ibn Abi Balta'ah, Sousse, Tunisie Sousse Riadh Sousse Tunisie",Sousse,https://www.med.tn/pharmacie/sousse/aida-braham-mselmi-1699.html
558,FERIDA OUAHADA EP. HEDHILI,jour,+216 73 324 062,Rue El Harik Hammam Sousse Sousse Tunisie,Sousse,https://www.med.tn/pharmacie/sousse/ferida-ouahada-ep.-hedhili-776.html
559,ABDELHAMID MEDDEB,nuit,+216 73 365 457,"10, Route de Tunis Km 136 Hammam Sousse Sousse Tunisie",Sousse,https://www.med.tn/pharmacie/sousse/abdelhamid-meddeb-1627.html
560,ABDELMOUMEN BEN ABDELJELIL,nuit,,Avenue Habib Bourguiba Enfidha Sousse Tunisie,Sousse,https://www.med.tn/pharmacie/sousse/abdelmoumen-ben-abdeljelil-1639.html
561,BESMA ZAYATI GONGI,jour,+216 73 227 075,Avenue TAIEB MHIRI - Rce BYBLOS Sousse Ville Sousse Tunisie,Sousse,https://www.med.tn/pharmacie/sousse/besma-zayati-gongi-8250.html
562,SAMIR BEN ROMDHANE,jour,+216 73 252 011,Avenue Hedi Chaker Bou Ficha Sousse Tunisie,Sousse,https://www.med.tn/pharmacie/sousse/samir-ben-romdhane-525.html
563,BECHIR ZAOUI,jour,+216 73 224 563,"2,Avenue Mounier Sousse Tunisie",Sousse,https://www.med.tn/pharmacie/sousse/bechir-zaoui-662.html
564,NAIMA ZINE,jour,+216 75 863 655,"7, Rue 2 Mars 1934 TATAOUINE Tataouine Nord Tataouine Tunisie",Tataouine,https://www.med.tn/pharmacie/tataouine/naima-zine-1338.html
565,SAMI TRABELSI,jour,+216 75 864 339,3253 dhehiba Dhehiba Tataouine Tunisie,Tataouine,https://www.med.tn/pharmacie/tataouine/sami-trabelsi-1337.html
566,KAMELEDDINE TRAB,jour,+216 75 860 872,"139,Avenue Habib Bourguiba Tataouine Tunisie",Tataouine,https://www.med.tn/pharmacie/tataouine/kameleddine-trab-703.html
567,FATHIA SALAH EP JAOUABI,jour,+216 75 851 455,Avenue Habib Bourguiba Tataouine Sud Tataouine Tunisie,Tataouine,https://www.med.tn/pharmacie/tataouine/fathia-salah-ep-jaouabi-1414.html
568,RADHOUANE ZAKARIA,jour,+216 75 869 752,Avenue Habib Bourguiba Ghomrassen Tataouine Tunisie,Tataouine,https://www.med.tn/pharmacie/tataouine/radhouane-zakaria-804.html
569,AHMED MANITA,nuit,+216 75 821 216,"224, Avenue Habib Bourguiba Ghomrassen Tataouine Tunisie",Tataouine,https://www.med.tn/pharmacie/tataouine/ahmed-manita-1821.html
570,MOHAMED LAZHAR,nuit,+216 75 848 591,"6, Rue Ali Belhaouane Bir Lahmar Tataouine Tunisie",Tataouine,https://www.med.tn/pharmacie/tataouine/mohamed-lazhar-1797.html
571,MABROUKA GAMMAR,jour,+216 75 862 523,"92,Avenue Habib Bourguiba Tataouine Tunisie",Tataouine,https://www.med.tn/pharmacie/tataouine/mabrouka-gammar-1194.html
572,LATIFA ALJANE EP. ALJANE,jour,+216 75 821 221,"118,Avenue Habib Bourguiba Ghomrassen Tataouine Tunisie",Tataouine,https://www.med.tn/pharmacie/tataouine/latifa-aljane-ep.-aljane-1224.html
573,MOKHTAR DHOKKAR,jour,+216 75 861 902,Avenue Hedi Chaker Tataouine Tunisie,Tataouine,https://www.med.tn/pharmacie/tataouine/mokhtar-dhokkar-940.html
574,MEHDI MLAYAH,jour,+216 75 860 309,"92, Avenue Ahmed Tlili Tataouine Sud Tataouine Tunisie",Tataouine,https://www.med.tn/pharmacie/tataouine/mehdi-mlayah-330.html
575,LATIFA ALJANE EP. ALJANE,jour,+216 75 821 221,"118,Avenue Habib Bourguiba Ghomrassen Tataouine Tunisie",Tataouine,https://www.med.tn/pharmacie/tataouine/latifa-aljane-ep.-aljane-1224.html
576,KAMELEDDINE TRAB,jour,+216 75 860 872,"139,Avenue Habib Bourguiba Tataouine Tunisie",Tataouine,https://www.med.tn/pharmacie/tataouine/kameleddine-trab-703.html
577,FATHIA SALAH EP JAOUABI,jour,+216 75 851 455,Avenue Habib Bourguiba Tataouine Sud Tataouine Tunisie,Tataouine,https://www.med.tn/pharmacie/tataouine/fathia-salah-ep-jaouabi-1414.html
578,NEBIH NOUAARI,jour,+216 75 851 777,"92,Avenue Ahmed Tlili Tataouine Tunisie",Tataouine,https://www.med.tn/pharmacie/tataouine/nebih-nouaari-1189.html
579,MOHAMED LAZHAR,nuit,+216 75 848 591,"6, Rue Ali Belhaouane Bir Lahmar Tataouine Tunisie",Tataouine,https://www.med.tn/pharmacie/tataouine/mohamed-lazhar-1797.html
580,MABROUKA GAMMAR,jour,+216 75 862 523,"92,Avenue Habib Bourguiba Tataouine Tunisie",Tataouine,https://www.med.tn/pharmacie/tataouine/mabrouka-gammar-1194.html
581,RADHOUANE ZAKARIA,jour,+216 75 869 752,Avenue Habib Bourguiba Ghomrassen Tataouine Tunisie,Tataouine,https://www.med.tn/pharmacie/tataouine/radhouane-zakaria-804.html
582,MOADH MALLEK,nuit,+216 75 850 610,"108, Avenue Habib Bourguiba Tataouine Tunisie",Tataouine,https://www.med.tn/pharmacie/tataouine/moadh-mallek-1852.html
583,SLAHEDDINE EL MADANI,jour,+216 75 860 658,AV 18 Janvier 1934 Tataouine Tunisie,Tataouine,https://www.med.tn/pharmacie/tataouine/slaheddine-el-madani-1244.html
584,FATHIA SALAH EP JAOUABI,jour,+216 75 851 455,Avenue Habib Bourguiba Tataouine Sud Tataouine Tunisie,Tataouine,https://www.med.tn/pharmacie/tataouine/fathia-salah-ep-jaouabi-1414.html
585,TAIEB CHEHBANI,jour,+216 75 853 790,Rue 18 Janvier tataouine Tataouine Tunisie,Tataouine,https://www.med.tn/pharmacie/tataouine/taieb-chehbani-1346.html
586,MOHAMED BECHIR DERBEL,jour,+216 75 860 133,"8, Avenue Khaled Ibn El Oualid Tataouine Tunisie",Tataouine,https://www.med.tn/pharmacie/tataouine/mohamed-bechir-derbel-769.html
587,ADEL EL JAMAI,jour,+216 75 867 350,Route Régionale 112 Remada Tataouine Tunisie,Tataouine,https://www.med.tn/pharmacie/tataouine/adel-el-jamai-1515.html
588,SLAHEDDINE EL MADANI,jour,+216 75 860 658,AV 18 Janvier 1934 Tataouine Tunisie,Tataouine,https://www.med.tn/pharmacie/tataouine/slaheddine-el-madani-1244.html
589,Wassim Halwi,jour,+216 76 420 050,Avenue 14 Janvier Degueche Tozeur Tunisie,Tozeur,https://www.med.tn/pharmacie/tozeur/wassim-halwi-1227.html
590,HAYTHEM EL MAAMRI,jour,+216 22 497 764,Avenue Farhat Hached - Route Nefta - Prés Banque Zitouna Tozeur Tunisie,Tozeur,https://www.med.tn/pharmacie/tozeur/haythem-el-maamri-1478.html
591,MONIA GARCI EP. BOUATTOUR,jour,+216 76 463 891,Avenue Aboul Kacem Chebbi tozeur Tozeur Tunisie,Tozeur,https://www.med.tn/pharmacie/tozeur/monia-garci-ep.-bouattour-800.html
592,Fayza Kechini,jour,+216 76 430 159,Place de l'Independance Nefta Tozeur Tunisie,Tozeur,https://www.med.tn/pharmacie/tozeur/fayza-kechini-1052.html
593,ASMA FRAJ,jour,+216 76 440 432,Avenue du Magreb Arabe Hezoua Tozeur Tunisie,Tozeur,https://www.med.tn/pharmacie/tozeur/asma-fraj-1532.html
594,SAIEB OULED BELHEDI,jour,+216 76 485 398,Rue 14 Janvier Tozeur Tunisie,Tozeur,https://www.med.tn/pharmacie/tozeur/saieb-ouled-belhedi-1589.html
595,SAMIA HOBBI,jour,+216 76 440 260,Av DU MAGREB ARABE Hezoua Tozeur Tunisie,Tozeur,https://www.med.tn/pharmacie/tozeur/samia-hobbi-8420.html
596,WALID TABBABI,nuit,+216 72 422 500,Avenue Youssef Rouissi Degueche Tozeur Tunisie,Tozeur,https://www.med.tn/pharmacie/tozeur/walid-tabbabi-1827.html
597,Walid   Ben Snoussi,nuit,+216 76 430 304,Avenue Habib Bourguiba (pré du Attijari Bank) Nefta Tozeur Tunisie,Tozeur,https://www.med.tn/pharmacie/tozeur/walid---ben-snoussi-40899.html
598,SOULEF BEN HMIDA E BEN MOUSSA,jour,+216 76 480 777,Route Nationale 3 El Hamma Du Jerid Tozeur Tunisie,Tozeur,https://www.med.tn/pharmacie/tozeur/soulef-ben-hmida-e-ben-moussa-1530.html
599,RIDHA BANI DAOUD,jour,+216 76 460 419,Av LAMINE CHEBBI Tozeur Tunisie,Tozeur,https://www.med.tn/pharmacie/tozeur/ridha-bani-daoud-8421.html
600,BOUTHEINA DHOUIBI,jour,,Avenue Habib Bourguiba Nefta Tozeur Tunisie,Tozeur,https://www.med.tn/pharmacie/tozeur/boutheina-dhouibi-1024.html
601,NEBIL LEMKACHAR,jour,+216 76 431 166,Rue Sonni Nefta Tozeur Tunisie,Tozeur,https://www.med.tn/pharmacie/tozeur/nebil-lemkachar-1394.html
602,ASMA FRAJ,jour,+216 76 440 432,Avenue du Magreb Arabe Hezoua Tozeur Tunisie,Tozeur,https://www.med.tn/pharmacie/tozeur/asma-fraj-1532.html
603,Walid   Ben Snoussi,nuit,+216 76 430 304,Avenue Habib Bourguiba (pré du Attijari Bank) Nefta Tozeur Tunisie,Tozeur,https://www.med.tn/pharmacie/tozeur/walid---ben-snoussi-40899.html
604,SAIEB OULED BELHEDI,jour,+216 76 485 398,Rue 14 Janvier Tozeur Tunisie,Tozeur,https://www.med.tn/pharmacie/tozeur/saieb-ouled-belhedi-1589.html
605,ALI MANITA,jour,+216 76 461 370,"74,Avenue Farhat Hached Tozeur Tunisie",Tozeur,https://www.med.tn/pharmacie/tozeur/ali-manita-1350.html
606,imtiez sallemi,jour,+216 76 467 168,Avenue Farhat Hached Tozeur Tunisie,Tozeur,https://www.med.tn/pharmacie/tozeur/imtiez-sallemi-685.html
607,IBRAHIM CHAMAKH,jour,+216 76 421 108,Avenue Youssef Rouissi degueche Degueche Tozeur Tunisie,Tozeur,https://www.med.tn/pharmacie/tozeur/ibrahim-chamakh-1220.html
608,MOHAMED SALAH KADDACHI,jour,+216 72 640 198,GP 3 - Km 31 Jebel El Oust Zaghouan Tunisie,Zaghouan,https://www.med.tn/pharmacie/zaghouan/mohamed-salah-kaddachi-8454.html
609,NAIMA GUELMANI EP. MAAOUI,jour,+216 72 679 051,Avenue de l'Environnement Bir Mcherga Zaghouan Tunisie,Zaghouan,https://www.med.tn/pharmacie/zaghouan/naima-guelmani-ep.-maaoui-520.html
610,AMINA ZAYANE EP. ABDEDDAYEM,jour,+216 72 680 869,Avenue de l'Independance Zaghouan Tunisie,Zaghouan,https://www.med.tn/pharmacie/zaghouan/amina-zayane-ep.-abdeddayem-1304.html
611,RIADH  BOUMAIZA,jour,+216 52 223 684,"25, Avenue 14 Janvier Zaghouan Tunisie",Zaghouan,https://www.med.tn/pharmacie/zaghouan/riadh--boumaiza--38742.html
612,MOHAMED YASSINE FERCHICH,jour,+216 72 670 207,Rue du Maroc à coté de l'hopital El Fahs Zaghouan Tunisie,Zaghouan,https://www.med.tn/pharmacie/zaghouan/mohamed-yassine-ferchich-1266.html
613,LOTFI FEKIH,jour,+216 72 670 058,Avenue de la liberté El Fahs Zaghouan Tunisie,Zaghouan,https://www.med.tn/pharmacie/zaghouan/lotfi-fekih-1065.html
614,HOUDA BEN SLIMENE EP. JERBI,jour,+216 72 678 076,Avenue Habib Bourguiba Ennadhour Zaghouan Tunisie,Zaghouan,https://www.med.tn/pharmacie/zaghouan/houda-ben-slimene-ep.-jerbi-1445.html
615,ABIR ZOUAOUI,nuit,+216 72 671 500,C. Comm. Majus Center Avenue H. Bourguiba El Fahs Zaghouan Tunisie,Zaghouan,https://www.med.tn/pharmacie/zaghouan/abir-zouaoui-1802.html
616,ABDELJALIL HAMMAMI,jour,+216 72 677 864,Avenue Habib Bourguiba Hammam Zriba Zaghouan Tunisie,Zaghouan,https://www.med.tn/pharmacie/zaghouan/abdeljalil-hammami-344.html
617,JALEL BESSAMRA,jour,+216 72 672 656,"32, Avenue de la Republique El Fahs Zaghouan Tunisie",Zaghouan,https://www.med.tn/pharmacie/zaghouan/jalel-bessamra-667.html
618,JALEL BESSAMRA,jour,+216 72 672 656,"32, Avenue de la Republique El Fahs Zaghouan Tunisie",Zaghouan,https://www.med.tn/pharmacie/zaghouan/jalel-bessamra-667.html
619,FETHI EL MAROUANI,jour,+216 72 659 640,route Fahs Enfidha Saouef Zaghouan Tunisie,Zaghouan,https://www.med.tn/pharmacie/zaghouan/fethi-el-marouani-1071.html
620,CHAMSEDDINE GADHOUM,jour,+216 72 675 347,"5, Avenue 14 Janvier Zaghouan Tunisie",Zaghouan,https://www.med.tn/pharmacie/zaghouan/chamseddine-gadhoum-1567.html
621,MOHAMED SALAH KADDACHI,jour,+216 72 640 198,GP 3 - Km 31 Jebel El Oust Zaghouan Tunisie,Zaghouan,https://www.med.tn/pharmacie/zaghouan/mohamed-salah-kaddachi-8454.html
622,Walid El Bannani,jour,+216 72 667 237,Av HABIB BOURGUIBA Hammam Zriba Zaghouan Tunisie,Zaghouan,https://www.med.tn/pharmacie/zaghouan/walid-el-bannani-8453.html
623,SOUMAYA FARHANI,jour,+216 72 660 131,MOGRANE Zaghouan Tunisie,Zaghouan,https://www.med.tn/pharmacie/zaghouan/soumaya-farhani-8455.html
624,KHALED BEN ALI,jour,,AIN ANSSARIN Ejouf Zaghouan Tunisie,Zaghouan,https://www.med.tn/pharmacie/zaghouan/khaled-ben-ali-8451.html
625,Ghazi Ben Abdelali,jour,+216 72 670 438,"32,rue Habib Bourguiba El Fahs Zaghouan Tunisie",Zaghouan,https://www.med.tn/pharmacie/zaghouan/ghazi-ben-abdelali-391.html
626,MOHAMED ATEF MAKDOUD,jour,+216 72 682 749,"15, Avenue de L'Independance Zaghouan Tunisie",Zaghouan,https://www.med.tn/pharmacie/zaghouan/mohamed-atef-makdoud-1273.html
627,MOHAMED YASSINE FERCHICH,jour,+216 72 670 207,Rue du Maroc à coté de l'hopital El Fahs Zaghouan Tunisie,Zaghouan,https://www.med.tn/pharmacie/zaghouan/mohamed-yassine-ferchich-1266.html
628,LOTFI FEKIH,jour,+216 72 670 058,Avenue de la liberté El Fahs Zaghouan Tunisie,Zaghouan,https://www.med.tn/pharmacie/zaghouan/lotfi-fekih-1065.html
629,Ghazi Ben Abdelali,jour,+216 72 670 438,"32,rue Habib Bourguiba El Fahs Zaghouan Tunisie",Zaghouan,https://www.med.tn/pharmacie/zaghouan/ghazi-ben-abdelali-391.html
630,MOHAMED SMAALI,jour,+216 72 672 025,"4, Avenue de la liberté El Fahs Zaghouan Tunisie",Zaghouan,https://www.med.tn/pharmacie/zaghouan/mohamed-smaali-8452.html
631,RIADH  BOUMAIZA,jour,+216 52 223 684,"25, Avenue 14 Janvier Zaghouan Tunisie",Zaghouan,https://www.med.tn/pharmacie/zaghouan/riadh--boumaiza--38742.html
632,SYRINE LATAOUI,nuit,+216 72 681 375,"25, Av EL ANDALOUS ZAGHOUAN ZAGHOUAN Zaghouan Tunisie",Zaghouan,https://www.med.tn/pharmacie/zaghouan/syrine-lataoui-8536.html
633,Walid El Bannani,jour,+216 72 667 237,Av HABIB BOURGUIBA Hammam Zriba Zaghouan Tunisie,Zaghouan,https://www.med.tn/pharmacie/zaghouan/walid-el-bannani-8453.html
634,BILEL MHADHBI,jour,+216 28 738 906,GP3 - BIR CHAOUCH Ennadhour Zaghouan Tunisie,Zaghouan,https://www.med.tn/pharmacie/zaghouan/bilel-mhadhbi-8450.html
635,FETHI EL MAROUANI,jour,+216 72 659 640,route Fahs Enfidha Saouef Zaghouan Tunisie,Zaghouan,https://www.med.tn/pharmacie/zaghouan/fethi-el-marouani-1071.html
636,MUSTAPHA ZERZERI,jour,+216 72 670 037,"18,Rue Hedi Chaker El Fahs Zaghouan Tunisie",Zaghouan,https://www.med.tn/pharmacie/zaghouan/mustapha-zerzeri-383.html
637,AMINA ZAYANE EP. ABDEDDAYEM,jour,+216 72 680 869,Avenue de l'Independance Zaghouan Tunisie,Zaghouan,https://www.med.tn/pharmacie/zaghouan/amina-zayane-ep.-abdeddayem-1304.html
